transaction_id,customer_id,account_type,region,category,merchant,amount,currency,timestamp,memo,is_flagged
TXN000001,Customer_0378,checking,Southwest,dining,Chipotle,1241.26,USD,2023-03-31T18:27:00,Morning coffee and pastry at Chipotle,False
TXN000002,Customer_0333,credit,Southwest,dining,Starbucks,-103.42,USD,2024-03-05T07:28:00,"Lunch with the team at Starbucks, celebrated Q3 results",False
TXN000003,Customer_0111,savings,Northeast,groceries,Trader Joe's,1904.65,USD,2023-04-05T12:06:00,"Monthly bulk purchase at Trader Joe's, household supplies",False
TXN000004,Customer_0275,checking,West,healthcare,Urgent Care Now,3633.04,USD,2023-03-22T17:18:00,Annual physical copay at Urgent Care Now,False
TXN000005,Customer_0339,checking,Midwest,rent,Metro Realty,869.34,USD,2023-03-23T07:55:00,Lease renewal fee at Metro Realty,False
TXN000006,Customer_0182,checking,Midwest,entertainment,Steam,3754.33,USD,2023-03-15T19:40:00,Movie tickets at Steam — family outing,False
TXN000007,Customer_0328,credit,Southwest,utilities,Comcast Xfinity,1710.65,USD,2023-08-13T21:20:00,Comcast Xfinity electricity bill for the apartment,False
TXN000008,Customer_0034,checking,Southwest,groceries,Trader Joe's,3623.68,USD,2023-11-19T06:41:00,"Weekly grocery run at Trader Joe's, stocked up on essentials",False
TXN000009,Customer_0276,savings,Southwest,education,Udemy,632.64,USD,2024-03-14T18:25:00,Textbook purchase at Udemy for continuing ed,False
TXN000010,Customer_0322,checking,West,travel,Hertz,-59.28,USD,2023-03-07T12:24:00,Hotel stay at Hertz during product summit,False
TXN000011,Customer_0006,credit,Northeast,education,Barnes & Noble,4370.0,USD,2023-10-01T20:21:00,Textbook purchase at Barnes & Noble for continuing ed,False
TXN000012,Customer_0369,savings,Southwest,shopping,Target,19.59,USD,2023-07-02T16:58:00,In-store purchase at Target — seasonal wardrobe,False
TXN000013,Customer_0083,credit,Southwest,entertainment,Apple iTunes,899.11,USD,2023-01-01T19:20:00,Movie tickets at Apple iTunes — family outing,False
TXN000014,Customer_0291,checking,Northeast,dining,The Cheesecake Factory,1081.34,USD,2024-05-12T02:48:00,"Client dinner at The Cheesecake Factory, discussed Q4 roadmap",False
TXN000015,Customer_0136,credit,Southwest,travel,Marriott Hotels,2141.39,USD,2024-03-09T06:59:00,Car rental from Marriott Hotels for client site visit,False
TXN000016,Customer_0225,credit,West,utilities,ConEdison,4478.2,USD,2023-05-04T07:14:00,ConEdison electricity bill for the apartment,False
TXN000017,Customer_0037,credit,Northeast,groceries,Aldi,1039.37,USD,2023-08-23T02:57:00,"Monthly bulk purchase at Aldi, household supplies",False
TXN000018,Customer_0110,credit,Southeast,healthcare,CVS Pharmacy,1074.83,USD,2024-04-29T07:50:00,Lab work order from CVS Pharmacy,False
TXN000019,Customer_0217,savings,West,shopping,Target,440.7,USD,2023-02-25T21:41:00,Online order from Target — home office equipment,False
TXN000020,Customer_0056,checking,Southeast,dining,Chipotle,3278.32,USD,2023-07-14T17:28:00,"Client dinner at Chipotle, discussed Q4 roadmap",False
TXN000021,Customer_0227,credit,Northeast,travel,Uber,1127.88,USD,2023-02-21T20:34:00,Hotel stay at Uber during product summit,False
TXN000022,Customer_0443,savings,Northeast,dining,Starbucks,1831.83,USD,2023-06-18T12:00:00,"Lunch with the team at Starbucks, celebrated Q3 results",False
TXN000023,Customer_0402,credit,West,entertainment,Steam,1906.42,USD,2023-06-08T06:18:00,In-app purchase on Steam platform,False
TXN000024,Customer_0030,checking,Southwest,groceries,Aldi,2442.17,USD,2024-05-03T16:58:00,"Monthly bulk purchase at Aldi, household supplies",False
TXN000025,Customer_0305,checking,Southeast,travel,Delta Airlines,365.1,USD,2024-02-18T03:56:00,Car rental from Delta Airlines for client site visit,False
TXN000026,Customer_0299,credit,Southwest,rent,First Place Rentals,2789.12,USD,2023-11-20T08:13:00,Monthly rent payment to First Place Rentals,False
TXN000027,Customer_0154,savings,Midwest,healthcare,Walgreens,1784.06,USD,2023-03-16T00:29:00,Annual physical copay at Walgreens,False
TXN000028,Customer_0068,savings,Northeast,rent,Apartment LLC,2421.67,USD,2023-09-08T11:18:00,Monthly rent payment to Apartment LLC,False
TXN000029,Customer_0271,checking,Southwest,insurance,Progressive,4427.42,USD,2023-11-03T21:06:00,Life insurance premium payment to Progressive,False
TXN000030,Customer_0080,savings,Midwest,travel,Uber,4004.26,USD,2023-08-04T22:21:00,Flight to Chicago via Uber for annual conference,False
TXN000031,Customer_0027,checking,West,entertainment,Apple iTunes,1133.79,USD,2023-10-11T01:00:00,In-app purchase on Apple iTunes platform,False
TXN000032,Customer_0219,credit,Northeast,travel,Uber,3336.83,USD,2023-04-25T02:56:00,Flight to Chicago via Uber for annual conference,False
TXN000033,Customer_0076,savings,Southeast,travel,Hertz,3756.5,USD,2023-02-12T09:23:00,Flight to Chicago via Hertz for annual conference,False
TXN000034,Customer_0182,credit,West,groceries,Walmart Grocery,3070.89,USD,2023-06-08T07:55:00,"Weekly grocery run at Walmart Grocery, stocked up on essentials",False
TXN000035,Customer_0401,savings,Southeast,travel,Airbnb,811.23,USD,2023-10-01T05:50:00,Flight to Chicago via Airbnb for annual conference,False
TXN000036,Customer_0236,savings,Midwest,shopping,Amazon,1004.84,USD,2023-08-22T07:01:00,In-store purchase at Amazon — seasonal wardrobe,False
TXN000037,Customer_0143,savings,Southwest,shopping,Best Buy,3890.27,USD,2024-02-14T21:53:00,In-store purchase at Best Buy — seasonal wardrobe,False
TXN000038,Customer_0136,checking,Northeast,groceries,Whole Foods,807.66,USD,2024-03-20T11:46:00,Quick stop at Whole Foods for produce and dairy,False
TXN000039,Customer_0098,savings,Northeast,shopping,Zara,524.83,USD,2024-03-22T00:33:00,Flash sale purchase at Zara,False
TXN000040,Customer_0472,savings,Southwest,insurance,State Farm,1943.68,USD,2023-11-18T21:54:00,State Farm renters insurance quarterly payment,False
TXN000041,Customer_0357,savings,Southwest,entertainment,Apple iTunes,3002.68,USD,2023-05-11T06:26:00,In-app purchase on Apple iTunes platform,False
TXN000042,Customer_0427,checking,Midwest,shopping,Target,2563.13,USD,2023-10-21T06:27:00,Flash sale purchase at Target,False
TXN000043,Customer_0262,savings,Southeast,rent,Metro Realty,1990.83,USD,2023-03-28T09:32:00,Security deposit — Metro Realty,False
TXN000044,Customer_0345,savings,Southeast,rent,Metro Realty,3683.81,USD,2023-07-23T04:01:00,Monthly rent payment to Metro Realty,False
TXN000045,Customer_0295,checking,West,education,Barnes & Noble,2052.1,USD,2024-05-21T12:15:00,Barnes & Noble course enrollment — data engineering,False
TXN000046,Customer_0357,credit,West,groceries,Whole Foods,988.69,USD,2023-02-21T17:15:00,Quick stop at Whole Foods for produce and dairy,False
TXN000047,Customer_0287,credit,Midwest,dining,Panera Bread,3607.37,USD,2024-03-29T19:52:00,"Lunch with the team at Panera Bread, celebrated Q3 results",False
TXN000048,Customer_0442,savings,West,insurance,Allstate,2009.38,USD,2023-09-23T07:53:00,Life insurance premium payment to Allstate,False
TXN000049,Customer_0366,savings,Southeast,insurance,Allstate,1080.41,USD,2023-10-06T10:20:00,Life insurance premium payment to Allstate,False
TXN000050,Customer_0362,checking,Northeast,dining,Starbucks,1044.52,USD,2024-02-29T13:21:00,"Lunch with the team at Starbucks, celebrated Q3 results",False
TXN000051,Customer_0395,credit,Northeast,shopping,Amazon,3748.85,USD,2024-01-25T15:00:00,Online order from Amazon — home office equipment,False
TXN000052,Customer_0410,credit,Southeast,entertainment,Steam,2424.3,USD,2024-05-14T07:17:00,In-app purchase on Steam platform,False
TXN000053,Customer_0371,checking,West,groceries,Kroger,3011.59,USD,2023-05-11T19:34:00,Quick stop at Kroger for produce and dairy,True
TXN000054,Customer_0220,checking,West,shopping,Zara,2985.18,USD,2023-07-06T01:16:00,Flash sale purchase at Zara,False
TXN000055,Customer_0143,savings,Midwest,utilities,National Grid,1522.06,USD,2023-03-25T15:01:00,National Grid electricity bill for the apartment,False
TXN000056,Customer_0334,checking,Northeast,groceries,Walmart Grocery,2927.4,USD,2023-09-11T06:53:00,"Weekly grocery run at Walmart Grocery, stocked up on essentials",True
TXN000057,Customer_0486,checking,West,travel,Marriott Hotels,2133.66,USD,2023-09-20T11:10:00,Flight to Chicago via Marriott Hotels for annual conference,False
TXN000058,Customer_0347,savings,West,dining,Starbucks,-159.42,USD,2023-07-23T02:37:00,"Client dinner at Starbucks, discussed Q4 roadmap",False
TXN000059,Customer_0308,checking,Southwest,utilities,AT&T,3477.3,USD,2023-02-12T11:34:00,AT&T wireless plan — family plan renewal,False
TXN000060,Customer_0251,checking,West,healthcare,CVS Pharmacy,-212.93,USD,2024-01-06T20:57:00,Lab work order from CVS Pharmacy,False
TXN000061,Customer_0139,credit,Southwest,travel,Airbnb,3303.41,USD,2024-05-10T14:27:00,Flight to Chicago via Airbnb for annual conference,False
TXN000062,Customer_0045,savings,West,rent,Metro Realty,3833.45,USD,2023-09-07T14:36:00,Security deposit — Metro Realty,False
TXN000063,Customer_0250,checking,Midwest,shopping,Best Buy,2226.91,USD,2023-09-22T10:17:00,Online order from Best Buy — home office equipment,False
TXN000064,Customer_0124,credit,West,entertainment,Apple iTunes,2327.24,USD,2024-05-15T17:48:00,Apple iTunes monthly subscription auto-renewal,False
TXN000065,Customer_0114,savings,Southeast,education,Chegg,3569.23,USD,2023-11-10T21:37:00,Textbook purchase at Chegg for continuing ed,False
TXN000066,Customer_0170,savings,West,insurance,USAA,1917.64,USD,2023-10-05T09:16:00,USAA renters insurance quarterly payment,False
TXN000067,Customer_0354,checking,Southeast,utilities,ConEdison,3344.25,USD,2023-08-10T23:30:00,Monthly ConEdison internet and cable bill,False
TXN000068,Customer_0100,savings,Southeast,rent,First Place Rentals,1277.08,USD,2024-01-05T05:19:00,Lease renewal fee at First Place Rentals,True
TXN000069,Customer_0484,checking,West,insurance,State Farm,-149.61,USD,2023-04-16T00:36:00,State Farm renters insurance quarterly payment,False
TXN000070,Customer_0245,checking,Northeast,education,Chegg,-470.83,USD,2024-02-15T15:04:00,Textbook purchase at Chegg for continuing ed,False
TXN000071,Customer_0044,checking,Northeast,groceries,Trader Joe's,3651.08,USD,2024-03-02T19:38:00,"Weekly grocery run at Trader Joe's, stocked up on essentials",False
TXN000072,Customer_0441,credit,West,utilities,Verizon,2030.06,USD,2023-11-09T18:39:00,Verizon electricity bill for the apartment,False
TXN000073,Customer_0081,checking,Southeast,dining,Starbucks,953.56,USD,2023-03-18T05:00:00,Morning coffee and pastry at Starbucks,False
TXN000074,Customer_0145,credit,West,rent,Sunset Apartments,151.72,USD,2023-03-14T21:14:00,Security deposit — Sunset Apartments,False
TXN000075,Customer_0077,savings,Southeast,rent,Urban Living Co,520.92,USD,2023-03-15T01:10:00,Security deposit — Urban Living Co,False
TXN000076,Customer_0156,credit,West,rent,First Place Rentals,1978.99,USD,2023-10-06T16:34:00,Security deposit — First Place Rentals,False
TXN000077,Customer_0310,savings,Northeast,dining,Olive Garden,4002.96,USD,2023-04-04T07:43:00,"Lunch with the team at Olive Garden, celebrated Q3 results",False
TXN000078,Customer_0138,credit,Northeast,rent,First Place Rentals,4498.08,USD,2023-06-29T15:33:00,Monthly rent payment to First Place Rentals,False
TXN000079,Customer_0497,checking,West,entertainment,Spotify,1964.3,USD,2023-12-23T13:21:00,Movie tickets at Spotify — family outing,False
TXN000080,Customer_0340,savings,Southwest,dining,Starbucks,1855.34,USD,2023-02-07T14:05:00,"Client dinner at Starbucks, discussed Q4 roadmap",False
TXN000081,Customer_0001,credit,Southwest,healthcare,CVS Pharmacy,3892.77,USD,2024-04-18T13:03:00,Annual physical copay at CVS Pharmacy,False
TXN000082,Customer_0105,savings,Southwest,healthcare,Urgent Care Now,2816.21,USD,2023-05-15T09:28:00,Annual physical copay at Urgent Care Now,False
TXN000083,Customer_0123,credit,Southeast,education,Coursera,4379.29,USD,2023-11-15T17:00:00,Coursera course enrollment — data engineering,False
TXN000084,Customer_0427,checking,West,dining,Starbucks,2079.21,USD,2023-10-26T16:45:00,"Lunch with the team at Starbucks, celebrated Q3 results",False
TXN000085,Customer_0098,credit,Southwest,education,Chegg,2058.26,USD,2023-05-20T02:17:00,Chegg course enrollment — data engineering,False
TXN000086,Customer_0429,credit,Southwest,shopping,Best Buy,-364.4,USD,2024-05-16T04:28:00,Flash sale purchase at Best Buy,False
TXN000087,Customer_0478,savings,Southeast,healthcare,LabCorp,3434.11,USD,2023-09-02T18:24:00,Lab work order from LabCorp,False
TXN000088,Customer_0416,savings,West,shopping,Amazon,3352.45,USD,2023-06-05T15:02:00,In-store purchase at Amazon — seasonal wardrobe,False
TXN000089,Customer_0270,savings,Northeast,rent,Metro Realty,3934.49,USD,2023-05-28T13:55:00,Monthly rent payment to Metro Realty,False
TXN000090,Customer_0320,credit,West,travel,Delta Airlines,3517.96,USD,2023-03-24T10:54:00,Hotel stay at Delta Airlines during product summit,False
TXN000091,Customer_0250,credit,Northeast,insurance,Allstate,2822.46,USD,2023-03-12T07:40:00,Allstate renters insurance quarterly payment,False
TXN000092,Customer_0390,credit,Northeast,entertainment,Spotify,411.26,USD,2024-03-30T05:44:00,Movie tickets at Spotify — family outing,False
TXN000093,Customer_0192,savings,Southeast,groceries,Whole Foods,3583.66,USD,2023-09-08T16:26:00,Quick stop at Whole Foods for produce and dairy,False
TXN000094,Customer_0318,credit,Southeast,travel,Marriott Hotels,359.96,USD,2024-05-24T18:09:00,Flight to Chicago via Marriott Hotels for annual conference,False
TXN000095,Customer_0239,savings,Southwest,entertainment,Steam,3002.45,USD,2023-06-11T02:28:00,In-app purchase on Steam platform,False
TXN000096,Customer_0234,savings,Southeast,rent,Metro Realty,4329.32,USD,2024-01-29T15:06:00,Lease renewal fee at Metro Realty,False
TXN000097,Customer_0012,credit,West,rent,Metro Realty,1334.95,USD,2023-10-09T00:36:00,Lease renewal fee at Metro Realty,False
TXN000098,Customer_0147,checking,Southwest,groceries,Aldi,2237.79,USD,2023-12-27T07:40:00,"Monthly bulk purchase at Aldi, household supplies",False
TXN000099,Customer_0021,savings,West,entertainment,Spotify,441.75,USD,2023-02-04T18:23:00,Movie tickets at Spotify — family outing,False
TXN000100,Customer_0068,credit,Midwest,dining,The Cheesecake Factory,3364.93,USD,2024-06-27T16:58:00,"Client dinner at The Cheesecake Factory, discussed Q4 roadmap",False
TXN000101,Customer_0446,savings,Northeast,travel,Uber,4353.39,USD,2024-04-24T02:09:00,Hotel stay at Uber during product summit,False
TXN000102,Customer_0008,savings,Southwest,utilities,National Grid,1649.16,USD,2023-05-07T14:23:00,National Grid wireless plan — family plan renewal,False
TXN000103,Customer_0056,credit,Southeast,entertainment,Apple iTunes,3701.77,USD,2024-04-27T00:39:00,In-app purchase on Apple iTunes platform,False
TXN000104,Customer_0422,savings,Midwest,insurance,Progressive,1000.05,USD,2024-02-23T03:08:00,Life insurance premium payment to Progressive,False
TXN000105,Customer_0276,checking,West,groceries,Walmart Grocery,526.96,USD,2024-04-09T11:42:00,Quick stop at Walmart Grocery for produce and dairy,False
TXN000106,Customer_0213,credit,Northeast,insurance,Allstate,3341.5,USD,2024-05-16T19:26:00,Life insurance premium payment to Allstate,False
TXN000107,Customer_0487,checking,Midwest,entertainment,Netflix,1670.53,USD,2023-04-12T21:23:00,Movie tickets at Netflix — family outing,False
TXN000108,Customer_0486,savings,Northeast,healthcare,CVS Pharmacy,1245.09,USD,2023-08-06T20:40:00,Annual physical copay at CVS Pharmacy,False
TXN000109,Customer_0290,checking,Northeast,groceries,Whole Foods,1099.84,USD,2023-08-01T18:13:00,Quick stop at Whole Foods for produce and dairy,False
TXN000110,Customer_0142,checking,Southeast,utilities,ConEdison,3549.95,USD,2023-09-14T05:07:00,Monthly ConEdison internet and cable bill,False
TXN000111,Customer_0302,savings,Northeast,groceries,Trader Joe's,1615.3,USD,2023-06-28T08:03:00,"Weekly grocery run at Trader Joe's, stocked up on essentials",False
TXN000112,Customer_0399,savings,Southwest,shopping,Zara,3356.77,USD,2023-04-22T14:32:00,Online order from Zara — home office equipment,False
TXN000113,Customer_0267,savings,West,rent,Apartment LLC,3525.61,USD,2023-02-01T01:30:00,Lease renewal fee at Apartment LLC,False
TXN000114,Customer_0461,checking,Midwest,shopping,Amazon,3207.24,USD,2023-06-01T02:08:00,In-store purchase at Amazon — seasonal wardrobe,False
TXN000115,Customer_0272,savings,West,rent,First Place Rentals,1466.71,USD,2024-06-01T19:27:00,Lease renewal fee at First Place Rentals,False
TXN000116,Customer_0455,checking,West,dining,Olive Garden,3895.39,USD,2023-12-14T14:25:00,Morning coffee and pastry at Olive Garden,False
TXN000117,Customer_0489,checking,West,dining,The Cheesecake Factory,1409.79,USD,2023-03-10T02:53:00,"Client dinner at The Cheesecake Factory, discussed Q4 roadmap",False
TXN000118,Customer_0285,checking,Southwest,shopping,Amazon,3325.89,USD,2023-12-04T21:07:00,Flash sale purchase at Amazon,False
TXN000119,Customer_0296,credit,Southeast,shopping,Amazon,2703.84,USD,2023-06-08T21:30:00,In-store purchase at Amazon — seasonal wardrobe,False
TXN000120,Customer_0294,checking,West,dining,The Cheesecake Factory,1657.19,USD,2023-01-27T19:59:00,Morning coffee and pastry at The Cheesecake Factory,False
TXN000121,Customer_0472,savings,Midwest,entertainment,Netflix,1233.35,USD,2023-01-07T05:55:00,Netflix monthly subscription auto-renewal,False
TXN000122,Customer_0047,credit,Southwest,shopping,Amazon,3335.66,USD,2023-08-09T12:26:00,Online order from Amazon — home office equipment,False
TXN000123,Customer_0291,credit,Northeast,travel,Uber,3248.57,USD,2023-02-23T04:10:00,Hotel stay at Uber during product summit,False
TXN000124,Customer_0311,savings,West,groceries,Whole Foods,1996.79,USD,2023-10-07T06:48:00,Quick stop at Whole Foods for produce and dairy,False
TXN000125,Customer_0250,credit,Midwest,healthcare,Blue Cross Premium,1278.19,USD,2023-02-16T07:25:00,Prescription refill at Blue Cross Premium,False
TXN000126,Customer_0071,savings,Midwest,groceries,Whole Foods,1359.88,USD,2023-12-02T03:00:00,"Weekly grocery run at Whole Foods, stocked up on essentials",False
TXN000127,Customer_0257,credit,Midwest,shopping,Target,1714.03,USD,2023-03-15T12:55:00,Online order from Target — home office equipment,False
TXN000128,Customer_0295,savings,Southwest,shopping,Amazon,4145.63,USD,2024-02-19T22:40:00,In-store purchase at Amazon — seasonal wardrobe,False
TXN000129,Customer_0486,credit,West,dining,Panera Bread,4348.07,USD,2024-01-06T02:27:00,"Lunch with the team at Panera Bread, celebrated Q3 results",False
TXN000130,Customer_0446,savings,Midwest,utilities,National Grid,1805.02,USD,2023-08-15T10:49:00,National Grid wireless plan — family plan renewal,False
TXN000131,Customer_0179,savings,Southeast,insurance,Geico,2297.23,USD,2023-08-30T03:09:00,Life insurance premium payment to Geico,False
TXN000132,Customer_0091,credit,West,travel,Hertz,3422.17,USD,2024-04-20T18:48:00,Flight to Chicago via Hertz for annual conference,False
TXN000133,Customer_0078,savings,Northeast,rent,First Place Rentals,3889.79,USD,2024-04-25T14:40:00,Security deposit — First Place Rentals,False
TXN000134,Customer_0237,savings,Northeast,entertainment,Apple iTunes,1586.98,USD,2023-02-28T11:53:00,Apple iTunes monthly subscription auto-renewal,False
TXN000135,Customer_0284,credit,Northeast,dining,Olive Garden,2284.27,USD,2024-04-05T18:41:00,Morning coffee and pastry at Olive Garden,False
TXN000136,Customer_0053,savings,Northeast,rent,Sunset Apartments,683.12,USD,2024-05-31T20:11:00,Lease renewal fee at Sunset Apartments,False
TXN000137,Customer_0191,savings,West,education,Chegg,2354.75,USD,2024-02-23T10:43:00,Chegg annual learning subscription,False
TXN000138,Customer_0146,savings,Southwest,healthcare,CVS Pharmacy,429.8,USD,2023-06-03T10:05:00,Annual physical copay at CVS Pharmacy,False
TXN000139,Customer_0201,checking,Southwest,travel,Uber,4354.8,USD,2023-03-28T09:35:00,Hotel stay at Uber during product summit,False
TXN000140,Customer_0351,credit,Northeast,healthcare,Walgreens,3164.22,USD,2024-03-09T16:23:00,Lab work order from Walgreens,True
TXN000141,Customer_0099,checking,Southeast,entertainment,Spotify,1541.09,USD,2023-06-08T02:18:00,Spotify monthly subscription auto-renewal,False
TXN000142,Customer_0020,credit,Midwest,dining,Olive Garden,3758.86,USD,2023-05-15T19:24:00,Morning coffee and pastry at Olive Garden,False
TXN000143,Customer_0369,checking,West,travel,Hertz,-185.33,USD,2023-10-19T23:50:00,Flight to Chicago via Hertz for annual conference,False
TXN000144,Customer_0463,checking,Midwest,insurance,State Farm,4345.36,USD,2024-03-27T14:49:00,State Farm renters insurance quarterly payment,False
TXN000145,Customer_0103,credit,Southeast,shopping,Zara,1886.88,USD,2023-09-14T01:41:00,Flash sale purchase at Zara,False
TXN000146,Customer_0064,savings,Northeast,healthcare,Urgent Care Now,3202.75,USD,2023-06-14T08:28:00,Prescription refill at Urgent Care Now,False
TXN000147,Customer_0231,savings,Northeast,travel,Airbnb,4259.13,USD,2024-02-29T01:25:00,Flight to Chicago via Airbnb for annual conference,False
TXN000148,Customer_0430,credit,Midwest,utilities,National Grid,-465.76,USD,2023-05-30T04:02:00,Monthly National Grid internet and cable bill,False
TXN000149,Customer_0464,checking,Northeast,education,Udemy,2113.65,USD,2023-09-20T06:53:00,Udemy annual learning subscription,False
TXN000150,Customer_0155,checking,Northeast,rent,First Place Rentals,504.78,USD,2023-09-02T13:40:00,Security deposit — First Place Rentals,False
TXN000151,Customer_0275,checking,Southwest,education,Coursera,3765.91,USD,2023-09-05T22:09:00,Coursera course enrollment — data engineering,False
TXN000152,Customer_0341,credit,Northeast,groceries,Aldi,1086.34,USD,2024-06-20T11:04:00,Quick stop at Aldi for produce and dairy,False
TXN000153,Customer_0241,checking,West,insurance,USAA,2495.91,USD,2024-01-18T08:47:00,Life insurance premium payment to USAA,True
TXN000154,Customer_0396,credit,Midwest,dining,The Cheesecake Factory,3299.57,USD,2023-05-17T01:22:00,"Lunch with the team at The Cheesecake Factory, celebrated Q3 results",False
TXN000155,Customer_0070,checking,West,travel,Airbnb,2156.0,USD,2023-02-07T09:12:00,Car rental from Airbnb for client site visit,False
TXN000156,Customer_0418,credit,West,utilities,AT&T,4200.5,USD,2023-09-17T01:48:00,AT&T electricity bill for the apartment,False
TXN000157,Customer_0064,savings,West,entertainment,AMC Theaters,3896.76,USD,2024-02-14T23:28:00,AMC Theaters monthly subscription auto-renewal,False
TXN000158,Customer_0474,credit,Midwest,shopping,Best Buy,2235.43,USD,2023-03-26T23:27:00,Online order from Best Buy — home office equipment,False
TXN000159,Customer_0168,credit,Midwest,rent,Urban Living Co,1325.48,USD,2023-11-10T14:38:00,Lease renewal fee at Urban Living Co,False
TXN000160,Customer_0467,savings,Southwest,travel,Airbnb,2014.85,USD,2024-03-21T08:40:00,Hotel stay at Airbnb during product summit,False
TXN000161,Customer_0411,credit,Southeast,groceries,Whole Foods,2870.62,USD,2023-02-01T04:54:00,"Monthly bulk purchase at Whole Foods, household supplies",False
TXN000162,Customer_0188,savings,West,education,Coursera,307.21,USD,2023-02-03T19:09:00,Coursera course enrollment — data engineering,False
TXN000163,Customer_0272,savings,West,healthcare,LabCorp,3435.06,USD,2023-11-18T20:17:00,Annual physical copay at LabCorp,False
TXN000164,Customer_0468,credit,Northeast,dining,Chipotle,841.29,USD,2023-09-26T08:45:00,Morning coffee and pastry at Chipotle,False
TXN000165,Customer_0063,checking,Northeast,rent,Metro Realty,4124.57,USD,2024-04-07T05:57:00,Lease renewal fee at Metro Realty,False
TXN000166,Customer_0278,savings,Midwest,dining,The Cheesecake Factory,1566.68,USD,2023-06-11T22:45:00,Morning coffee and pastry at The Cheesecake Factory,False
TXN000167,Customer_0406,checking,Southeast,travel,Uber,1012.97,USD,2024-05-20T00:23:00,Car rental from Uber for client site visit,False
TXN000168,Customer_0034,savings,West,healthcare,Blue Cross Premium,588.32,USD,2024-05-05T16:26:00,Lab work order from Blue Cross Premium,False
TXN000169,Customer_0231,savings,Southwest,rent,Apartment LLC,4375.85,USD,2023-12-19T04:56:00,Monthly rent payment to Apartment LLC,False
TXN000170,Customer_0258,checking,Northeast,insurance,USAA,3456.18,USD,2024-06-14T04:19:00,Monthly USAA auto insurance premium,False
TXN000171,Customer_0146,checking,Midwest,healthcare,Walgreens,4263.94,USD,2023-07-21T20:35:00,Annual physical copay at Walgreens,False
TXN000172,Customer_0304,credit,Southeast,entertainment,Apple iTunes,424.96,USD,2023-06-25T21:39:00,Movie tickets at Apple iTunes — family outing,False
TXN000173,Customer_0042,checking,Southwest,rent,Metro Realty,190.17,USD,2023-09-29T20:13:00,Lease renewal fee at Metro Realty,False
TXN000174,Customer_0280,savings,Midwest,shopping,Zara,141.14,USD,2024-05-09T07:51:00,Flash sale purchase at Zara,False
TXN000175,Customer_0248,savings,Southeast,shopping,Best Buy,-222.6,USD,2023-12-15T19:09:00,In-store purchase at Best Buy — seasonal wardrobe,False
TXN000176,Customer_0288,checking,Midwest,healthcare,LabCorp,592.79,USD,2023-09-05T14:07:00,Annual physical copay at LabCorp,False
TXN000177,Customer_0443,credit,West,utilities,Comcast Xfinity,232.47,USD,2023-09-12T05:52:00,Monthly Comcast Xfinity internet and cable bill,False
TXN000178,Customer_0264,savings,West,rent,Metro Realty,3435.23,USD,2023-11-12T15:01:00,Monthly rent payment to Metro Realty,False
TXN000179,Customer_0181,checking,Northeast,shopping,Zara,4350.26,USD,2023-10-16T15:38:00,In-store purchase at Zara — seasonal wardrobe,False
TXN000180,Customer_0069,savings,Midwest,education,MIT OpenCourseWare,41.76,USD,2024-02-17T11:02:00,MIT OpenCourseWare annual learning subscription,False
TXN000181,Customer_0198,credit,West,rent,First Place Rentals,1634.54,USD,2023-10-14T19:43:00,Monthly rent payment to First Place Rentals,False
TXN000182,Customer_0286,savings,Southeast,travel,Delta Airlines,1682.53,USD,2023-07-23T19:32:00,Hotel stay at Delta Airlines during product summit,False
TXN000183,Customer_0243,credit,West,groceries,Whole Foods,620.98,USD,2023-06-02T19:57:00,"Weekly grocery run at Whole Foods, stocked up on essentials",False
TXN000184,Customer_0379,savings,Southwest,healthcare,Urgent Care Now,735.45,USD,2023-12-11T16:53:00,Annual physical copay at Urgent Care Now,False
TXN000185,Customer_0057,savings,Southwest,education,Barnes & Noble,-168.96,USD,2023-11-12T23:55:00,Textbook purchase at Barnes & Noble for continuing ed,False
TXN000186,Customer_0498,credit,Southwest,groceries,Aldi,1198.56,USD,2023-08-22T23:03:00,Quick stop at Aldi for produce and dairy,False
TXN000187,Customer_0195,checking,Southeast,travel,Hertz,3246.72,USD,2023-02-02T18:44:00,Car rental from Hertz for client site visit,False
TXN000188,Customer_0105,savings,Southwest,groceries,Kroger,1887.42,USD,2024-04-27T23:46:00,Quick stop at Kroger for produce and dairy,False
TXN000189,Customer_0245,credit,West,travel,Hertz,2526.19,USD,2023-11-18T05:29:00,Flight to Chicago via Hertz for annual conference,False
TXN000190,Customer_0349,credit,Midwest,healthcare,Urgent Care Now,3043.03,USD,2024-05-10T06:15:00,Annual physical copay at Urgent Care Now,False
TXN000191,Customer_0354,credit,West,entertainment,Spotify,3471.43,USD,2023-11-21T15:22:00,In-app purchase on Spotify platform,False
TXN000192,Customer_0459,savings,Midwest,entertainment,AMC Theaters,2582.78,USD,2023-05-30T09:02:00,AMC Theaters monthly subscription auto-renewal,False
TXN000193,Customer_0110,checking,Southwest,dining,The Cheesecake Factory,2953.59,USD,2023-10-05T17:44:00,"Client dinner at The Cheesecake Factory, discussed Q4 roadmap",False
TXN000194,Customer_0343,credit,Southeast,dining,Olive Garden,2642.8,USD,2023-08-27T01:06:00,Morning coffee and pastry at Olive Garden,False
TXN000195,Customer_0476,checking,West,education,Coursera,-277.42,USD,2024-05-02T15:41:00,Coursera annual learning subscription,False
TXN000196,Customer_0046,credit,Southwest,entertainment,AMC Theaters,2908.31,USD,2023-08-26T17:47:00,In-app purchase on AMC Theaters platform,False
TXN000197,Customer_0471,checking,West,groceries,Trader Joe's,3970.69,USD,2024-05-22T05:59:00,Quick stop at Trader Joe's for produce and dairy,False
TXN000198,Customer_0476,savings,Midwest,entertainment,Netflix,1346.27,USD,2024-04-10T20:34:00,Netflix monthly subscription auto-renewal,False
TXN000199,Customer_0170,checking,West,travel,Hertz,1231.4,USD,2023-09-21T22:11:00,Hotel stay at Hertz during product summit,True
TXN000200,Customer_0313,credit,West,healthcare,LabCorp,3036.43,USD,2024-03-13T16:20:00,Lab work order from LabCorp,False
TXN000201,Customer_0004,savings,West,dining,Starbucks,2151.16,USD,2023-08-30T14:48:00,"Lunch with the team at Starbucks, celebrated Q3 results",False
TXN000202,Customer_0355,checking,Northeast,healthcare,LabCorp,-328.57,USD,2023-05-02T14:19:00,Lab work order from LabCorp,False
TXN000203,Customer_0152,savings,Southwest,insurance,Progressive,532.78,USD,2023-08-15T07:08:00,Life insurance premium payment to Progressive,False
TXN000204,Customer_0242,credit,Southeast,education,Barnes & Noble,1874.23,USD,2023-09-11T21:48:00,Textbook purchase at Barnes & Noble for continuing ed,False
TXN000205,Customer_0470,credit,Northeast,dining,Olive Garden,2379.14,USD,2023-03-05T17:57:00,"Client dinner at Olive Garden, discussed Q4 roadmap",False
TXN000206,Customer_0227,checking,Southeast,rent,First Place Rentals,744.59,USD,2024-05-15T02:57:00,Monthly rent payment to First Place Rentals,False
TXN000207,Customer_0030,credit,West,groceries,Kroger,2312.05,USD,2023-11-12T23:01:00,"Weekly grocery run at Kroger, stocked up on essentials",False
TXN000208,Customer_0359,checking,Southwest,groceries,Trader Joe's,333.27,USD,2023-03-03T02:59:00,"Monthly bulk purchase at Trader Joe's, household supplies",False
TXN000209,Customer_0374,credit,West,entertainment,Steam,3461.53,USD,2024-01-19T12:28:00,Steam monthly subscription auto-renewal,False
TXN000210,Customer_0277,checking,Midwest,shopping,IKEA,3073.87,USD,2023-05-02T05:34:00,Online order from IKEA — home office equipment,False
TXN000211,Customer_0238,credit,Southwest,travel,Marriott Hotels,3404.03,USD,2024-03-10T17:24:00,Flight to Chicago via Marriott Hotels for annual conference,False
TXN000212,Customer_0449,credit,Northeast,utilities,National Grid,702.27,USD,2023-02-02T21:26:00,National Grid electricity bill for the apartment,False
TXN000213,Customer_0229,credit,Northeast,groceries,Trader Joe's,307.47,USD,2023-09-08T23:02:00,"Weekly grocery run at Trader Joe's, stocked up on essentials",False
TXN000214,Customer_0072,credit,Midwest,utilities,Verizon,3395.96,USD,2023-08-28T23:36:00,Monthly Verizon internet and cable bill,False
TXN000215,Customer_0339,credit,Southeast,rent,Metro Realty,1361.43,USD,2024-02-28T09:17:00,Monthly rent payment to Metro Realty,False
TXN000216,Customer_0025,savings,West,rent,Urban Living Co,3055.98,USD,2024-06-21T10:44:00,Lease renewal fee at Urban Living Co,False
TXN000217,Customer_0124,checking,Midwest,travel,Uber,831.54,USD,2023-05-28T14:58:00,Hotel stay at Uber during product summit,False
TXN000218,Customer_0131,checking,Midwest,shopping,IKEA,2387.31,USD,2023-03-22T14:54:00,Flash sale purchase at IKEA,False
TXN000219,Customer_0309,checking,Northeast,insurance,State Farm,1211.73,USD,2023-07-12T18:46:00,Monthly State Farm auto insurance premium,False
TXN000220,Customer_0490,checking,Southeast,utilities,National Grid,3913.28,USD,2023-07-14T23:07:00,Monthly National Grid internet and cable bill,False
TXN000221,Customer_0469,checking,Southwest,education,Udemy,2721.78,USD,2023-11-26T09:24:00,Udemy annual learning subscription,False
TXN000222,Customer_0239,checking,West,healthcare,LabCorp,1621.6,USD,2023-11-24T06:23:00,Annual physical copay at LabCorp,False
TXN000223,Customer_0300,credit,West,groceries,Aldi,-278.89,USD,2023-10-30T04:12:00,"Weekly grocery run at Aldi, stocked up on essentials",False
TXN000224,Customer_0351,savings,Midwest,shopping,Zara,2249.36,USD,2024-05-15T23:41:00,Online order from Zara — home office equipment,False
TXN000225,Customer_0369,credit,West,education,Udemy,3578.41,USD,2023-07-08T17:41:00,Udemy annual learning subscription,False
TXN000226,Customer_0392,checking,West,insurance,Geico,4253.62,USD,2023-05-21T20:14:00,Monthly Geico auto insurance premium,False
TXN000227,Customer_0317,credit,Southwest,travel,Delta Airlines,2278.27,USD,2024-05-09T21:31:00,Flight to Chicago via Delta Airlines for annual conference,True
TXN000228,Customer_0141,credit,Midwest,insurance,USAA,58.27,USD,2023-01-18T16:52:00,USAA renters insurance quarterly payment,False
TXN000229,Customer_0124,checking,Southwest,shopping,Target,4131.63,USD,2024-06-23T08:52:00,Online order from Target — home office equipment,False
TXN000230,Customer_0125,credit,Southeast,shopping,Amazon,4317.04,USD,2023-11-04T21:52:00,In-store purchase at Amazon — seasonal wardrobe,False
TXN000231,Customer_0029,credit,Northeast,groceries,Whole Foods,1709.79,USD,2023-06-25T02:31:00,Quick stop at Whole Foods for produce and dairy,False
TXN000232,Customer_0118,checking,Southwest,healthcare,Urgent Care Now,4027.09,USD,2024-05-01T08:02:00,Prescription refill at Urgent Care Now,False
TXN000233,Customer_0436,savings,Northeast,entertainment,Apple iTunes,2963.2,USD,2023-08-01T18:09:00,Movie tickets at Apple iTunes — family outing,False
TXN000234,Customer_0428,savings,Southwest,shopping,Amazon,735.21,USD,2023-12-06T12:48:00,In-store purchase at Amazon — seasonal wardrobe,False
TXN000235,Customer_0430,checking,Midwest,dining,Olive Garden,-221.36,USD,2024-02-11T10:01:00,Morning coffee and pastry at Olive Garden,False
TXN000236,Customer_0222,checking,Southwest,education,Chegg,1604.37,USD,2024-01-25T02:49:00,Chegg course enrollment — data engineering,False
TXN000237,Customer_0402,credit,Southeast,utilities,AT&T,1209.53,USD,2024-02-03T10:23:00,Monthly AT&T internet and cable bill,False
TXN000238,Customer_0068,checking,Southeast,groceries,Walmart Grocery,1622.83,USD,2024-03-17T14:35:00,Quick stop at Walmart Grocery for produce and dairy,False
TXN000239,Customer_0306,credit,Midwest,shopping,Amazon,407.84,USD,2024-01-30T00:18:00,Online order from Amazon — home office equipment,False
TXN000240,Customer_0195,checking,Southeast,dining,Olive Garden,2575.96,USD,2023-10-03T09:17:00,"Lunch with the team at Olive Garden, celebrated Q3 results",False
TXN000241,Customer_0401,checking,Midwest,dining,Starbucks,1245.45,USD,2023-09-15T07:46:00,"Client dinner at Starbucks, discussed Q4 roadmap",False
TXN000242,Customer_0004,savings,Midwest,rent,First Place Rentals,2063.09,USD,2024-01-25T10:28:00,Monthly rent payment to First Place Rentals,False
TXN000243,Customer_0103,savings,Midwest,rent,Urban Living Co,1446.39,USD,2023-07-01T12:20:00,Security deposit — Urban Living Co,False
TXN000244,Customer_0403,savings,Midwest,education,Barnes & Noble,1469.86,USD,2023-04-27T18:12:00,Barnes & Noble course enrollment — data engineering,False
TXN000245,Customer_0483,credit,Southeast,insurance,State Farm,-364.97,USD,2024-03-24T09:53:00,Life insurance premium payment to State Farm,False
TXN000246,Customer_0338,checking,West,shopping,IKEA,2851.85,USD,2024-01-22T02:28:00,Online order from IKEA — home office equipment,False
TXN000247,Customer_0446,credit,West,education,Barnes & Noble,2406.98,USD,2023-02-07T11:44:00,Textbook purchase at Barnes & Noble for continuing ed,False
TXN000248,Customer_0128,credit,Midwest,insurance,USAA,4115.23,USD,2023-06-20T20:39:00,Life insurance premium payment to USAA,False
TXN000249,Customer_0114,credit,Southwest,shopping,Best Buy,481.22,USD,2023-08-15T14:23:00,In-store purchase at Best Buy — seasonal wardrobe,False
TXN000250,Customer_0213,checking,Northeast,rent,First Place Rentals,-56.75,USD,2023-05-26T11:19:00,Monthly rent payment to First Place Rentals,False
TXN000251,Customer_0370,credit,West,utilities,Verizon,1570.61,USD,2023-11-23T02:19:00,Verizon electricity bill for the apartment,False
TXN000252,Customer_0085,credit,Southeast,dining,Chipotle,2917.62,USD,2024-06-12T05:35:00,"Client dinner at Chipotle, discussed Q4 roadmap",False
TXN000253,Customer_0095,checking,West,insurance,Allstate,1047.19,USD,2024-02-10T00:47:00,Allstate renters insurance quarterly payment,False
TXN000254,Customer_0143,credit,Northeast,utilities,National Grid,-111.32,USD,2023-04-15T17:11:00,National Grid wireless plan — family plan renewal,False
TXN000255,Customer_0271,credit,Midwest,utilities,National Grid,1184.28,USD,2024-02-02T19:25:00,Monthly National Grid internet and cable bill,False
TXN000256,Customer_0362,savings,Southwest,healthcare,LabCorp,2780.05,USD,2023-03-28T21:08:00,Annual physical copay at LabCorp,False
TXN000257,Customer_0262,savings,West,utilities,ConEdison,827.79,USD,2023-05-22T18:24:00,Monthly ConEdison internet and cable bill,False
TXN000258,Customer_0089,credit,Southeast,education,Barnes & Noble,4136.63,USD,2024-05-16T09:08:00,Barnes & Noble annual learning subscription,False
TXN000259,Customer_0249,checking,Southeast,education,Barnes & Noble,3895.52,USD,2024-01-29T17:32:00,Barnes & Noble course enrollment — data engineering,False
TXN000260,Customer_0086,checking,Southwest,shopping,IKEA,3197.09,USD,2023-02-01T07:18:00,In-store purchase at IKEA — seasonal wardrobe,False
TXN000261,Customer_0381,savings,Southwest,utilities,Verizon,761.1,USD,2024-06-07T03:36:00,Verizon electricity bill for the apartment,False
TXN000262,Customer_0280,checking,West,insurance,Progressive,-360.9,USD,2023-04-15T23:53:00,Life insurance premium payment to Progressive,False
TXN000263,Customer_0419,checking,West,utilities,ConEdison,2026.55,USD,2023-05-01T07:13:00,Monthly ConEdison internet and cable bill,False
TXN000264,Customer_0316,checking,Southeast,rent,Metro Realty,2748.13,USD,2023-07-31T01:36:00,Lease renewal fee at Metro Realty,False
TXN000265,Customer_0150,savings,Southwest,entertainment,Apple iTunes,761.86,USD,2023-10-01T16:57:00,Movie tickets at Apple iTunes — family outing,False
TXN000266,Customer_0444,credit,Southeast,dining,Starbucks,4134.87,USD,2023-05-16T07:09:00,"Client dinner at Starbucks, discussed Q4 roadmap",False
TXN000267,Customer_0322,savings,West,utilities,National Grid,644.06,USD,2024-04-07T02:40:00,National Grid electricity bill for the apartment,False
TXN000268,Customer_0450,savings,West,dining,Panera Bread,3375.36,USD,2024-05-14T10:37:00,Morning coffee and pastry at Panera Bread,True
TXN000269,Customer_0033,credit,West,dining,Panera Bread,2990.33,USD,2023-08-12T13:52:00,Morning coffee and pastry at Panera Bread,False
TXN000270,Customer_0290,savings,Midwest,entertainment,AMC Theaters,1523.21,USD,2023-02-19T01:06:00,In-app purchase on AMC Theaters platform,False
TXN000271,Customer_0234,checking,West,education,Coursera,4182.8,USD,2023-07-27T22:58:00,Coursera course enrollment — data engineering,False
TXN000272,Customer_0043,savings,Southeast,entertainment,Spotify,424.56,USD,2023-02-23T12:40:00,In-app purchase on Spotify platform,False
TXN000273,Customer_0110,savings,Northeast,utilities,National Grid,414.94,USD,2023-05-16T18:14:00,National Grid wireless plan — family plan renewal,False
TXN000274,Customer_0441,savings,Southeast,education,Coursera,3131.71,USD,2024-05-04T02:14:00,Coursera course enrollment — data engineering,False
TXN000275,Customer_0196,checking,Southeast,dining,Chipotle,1657.19,USD,2023-03-12T16:36:00,"Client dinner at Chipotle, discussed Q4 roadmap",True
TXN000276,Customer_0078,savings,Southwest,travel,Airbnb,3252.33,USD,2024-03-29T06:05:00,Hotel stay at Airbnb during product summit,False
TXN000277,Customer_0220,savings,Southeast,travel,Delta Airlines,3286.39,USD,2023-09-11T08:41:00,Car rental from Delta Airlines for client site visit,False
TXN000278,Customer_0482,credit,Northeast,insurance,USAA,3246.7,USD,2023-11-05T06:33:00,Life insurance premium payment to USAA,False
TXN000279,Customer_0407,checking,West,utilities,National Grid,2909.53,USD,2024-01-31T03:15:00,National Grid electricity bill for the apartment,False
TXN000280,Customer_0163,checking,West,rent,Apartment LLC,-183.74,USD,2024-03-06T11:34:00,Lease renewal fee at Apartment LLC,False
TXN000281,Customer_0473,checking,West,education,Coursera,-111.79,USD,2024-06-02T09:40:00,Coursera course enrollment — data engineering,False
TXN000282,Customer_0276,credit,Southeast,shopping,IKEA,1813.24,USD,2023-10-12T02:19:00,Flash sale purchase at IKEA,False
TXN000283,Customer_0391,credit,Northeast,utilities,Comcast Xfinity,1473.74,USD,2023-11-14T22:27:00,Comcast Xfinity wireless plan — family plan renewal,False
TXN000284,Customer_0233,credit,Southwest,utilities,AT&T,392.53,USD,2023-02-26T09:42:00,Monthly AT&T internet and cable bill,False
TXN000285,Customer_0084,savings,Midwest,travel,Delta Airlines,3187.01,USD,2024-06-19T16:50:00,Flight to Chicago via Delta Airlines for annual conference,False
TXN000286,Customer_0138,credit,Northeast,entertainment,Spotify,575.55,USD,2023-01-31T10:51:00,In-app purchase on Spotify platform,False
TXN000287,Customer_0040,savings,West,insurance,Geico,3206.89,USD,2024-06-07T11:03:00,Geico renters insurance quarterly payment,False
TXN000288,Customer_0458,credit,Northeast,rent,Urban Living Co,712.11,USD,2023-08-22T23:32:00,Security deposit — Urban Living Co,True
TXN000289,Customer_0077,checking,Northeast,groceries,Trader Joe's,2125.58,USD,2024-03-05T07:20:00,"Weekly grocery run at Trader Joe's, stocked up on essentials",False
TXN000290,Customer_0345,checking,Southeast,healthcare,LabCorp,2574.05,USD,2023-08-17T16:02:00,Prescription refill at LabCorp,False
TXN000291,Customer_0045,credit,West,dining,Panera Bread,3482.01,USD,2023-01-09T11:12:00,"Client dinner at Panera Bread, discussed Q4 roadmap",False
TXN000292,Customer_0253,checking,Southwest,entertainment,Apple iTunes,2090.35,USD,2023-09-09T04:00:00,Apple iTunes monthly subscription auto-renewal,False
TXN000293,Customer_0450,checking,Midwest,groceries,Trader Joe's,1562.17,USD,2023-01-02T21:24:00,"Monthly bulk purchase at Trader Joe's, household supplies",False
TXN000294,Customer_0252,checking,Southeast,entertainment,Netflix,2386.52,USD,2023-10-14T02:02:00,Netflix monthly subscription auto-renewal,False
TXN000295,Customer_0383,checking,Southwest,insurance,Allstate,4030.62,USD,2023-04-08T16:08:00,Life insurance premium payment to Allstate,False
TXN000296,Customer_0494,checking,Southeast,shopping,Amazon,2557.35,USD,2023-10-26T08:54:00,Flash sale purchase at Amazon,False
TXN000297,Customer_0484,checking,Southeast,shopping,Best Buy,2040.15,USD,2023-04-22T04:06:00,In-store purchase at Best Buy — seasonal wardrobe,False
TXN000298,Customer_0395,checking,West,education,MIT OpenCourseWare,547.71,USD,2023-11-12T14:16:00,Textbook purchase at MIT OpenCourseWare for continuing ed,False
TXN000299,Customer_0309,checking,Southeast,dining,Starbucks,1372.45,USD,2023-12-02T04:05:00,Morning coffee and pastry at Starbucks,False
TXN000300,Customer_0420,checking,Northeast,healthcare,Blue Cross Premium,225.03,USD,2024-02-19T14:35:00,Lab work order from Blue Cross Premium,False
TXN000301,Customer_0063,checking,Northeast,utilities,AT&T,463.07,USD,2023-08-16T04:12:00,AT&T electricity bill for the apartment,False
TXN000302,Customer_0039,checking,Northeast,healthcare,CVS Pharmacy,2639.6,USD,2023-07-22T20:28:00,Lab work order from CVS Pharmacy,False
TXN000303,Customer_0087,credit,West,dining,The Cheesecake Factory,196.92,USD,2024-02-09T15:01:00,"Lunch with the team at The Cheesecake Factory, celebrated Q3 results",False
TXN000304,Customer_0144,savings,Southeast,shopping,Target,970.15,USD,2023-02-05T19:39:00,In-store purchase at Target — seasonal wardrobe,False
TXN000305,Customer_0045,savings,West,entertainment,Steam,3973.09,USD,2023-05-21T13:12:00,In-app purchase on Steam platform,False
TXN000306,Customer_0010,savings,Midwest,insurance,State Farm,4473.42,USD,2024-05-06T17:50:00,Life insurance premium payment to State Farm,False
TXN000307,Customer_0164,credit,Southeast,rent,First Place Rentals,1750.77,USD,2023-01-31T08:03:00,Security deposit — First Place Rentals,False
TXN000308,Customer_0499,checking,Northeast,education,Barnes & Noble,3451.96,USD,2023-09-11T21:15:00,Textbook purchase at Barnes & Noble for continuing ed,False
TXN000309,Customer_0182,checking,Southeast,groceries,Trader Joe's,3810.04,USD,2023-08-31T18:20:00,"Monthly bulk purchase at Trader Joe's, household supplies",False
TXN000310,Customer_0291,credit,Southeast,healthcare,Urgent Care Now,3167.02,USD,2023-07-12T15:34:00,Prescription refill at Urgent Care Now,False
TXN000311,Customer_0011,credit,West,education,Coursera,257.48,USD,2023-01-01T10:58:00,Coursera course enrollment — data engineering,False
TXN000312,Customer_0445,savings,Northeast,travel,Uber,802.68,USD,2023-01-23T04:37:00,Car rental from Uber for client site visit,False
TXN000313,Customer_0192,credit,West,travel,Delta Airlines,3873.71,USD,2023-04-14T10:19:00,Car rental from Delta Airlines for client site visit,False
TXN000314,Customer_0090,credit,Southwest,travel,Airbnb,4323.18,USD,2024-01-01T07:42:00,Car rental from Airbnb for client site visit,False
TXN000315,Customer_0091,credit,Northeast,travel,Airbnb,3304.31,USD,2024-02-05T18:02:00,Hotel stay at Airbnb during product summit,False
TXN000316,Customer_0255,checking,Midwest,healthcare,Urgent Care Now,2880.21,USD,2023-03-21T07:22:00,Prescription refill at Urgent Care Now,False
TXN000317,Customer_0172,savings,Northeast,travel,Delta Airlines,3016.76,USD,2023-09-29T06:15:00,Car rental from Delta Airlines for client site visit,False
TXN000318,Customer_0215,checking,West,healthcare,LabCorp,-221.92,USD,2024-05-19T12:22:00,Prescription refill at LabCorp,False
TXN000319,Customer_0084,savings,Northeast,dining,Panera Bread,2931.11,USD,2023-02-04T09:01:00,Morning coffee and pastry at Panera Bread,False
TXN000320,Customer_0375,checking,Southwest,dining,Chipotle,769.62,USD,2023-04-06T10:38:00,"Client dinner at Chipotle, discussed Q4 roadmap",False
TXN000321,Customer_0456,savings,Southeast,education,Coursera,4241.28,USD,2023-02-24T03:21:00,Textbook purchase at Coursera for continuing ed,False
TXN000322,Customer_0277,savings,Midwest,utilities,National Grid,2495.74,USD,2023-11-01T07:06:00,National Grid wireless plan — family plan renewal,False
TXN000323,Customer_0219,checking,Midwest,rent,First Place Rentals,695.39,USD,2024-05-06T06:06:00,Security deposit — First Place Rentals,True
TXN000324,Customer_0402,savings,West,travel,Uber,2133.7,USD,2024-05-15T21:16:00,Flight to Chicago via Uber for annual conference,False
TXN000325,Customer_0096,savings,Northeast,insurance,Allstate,1672.74,USD,2023-09-27T14:29:00,Monthly Allstate auto insurance premium,False
TXN000326,Customer_0050,checking,Midwest,entertainment,Apple iTunes,684.33,USD,2024-02-28T18:14:00,Apple iTunes monthly subscription auto-renewal,False
TXN000327,Customer_0480,savings,Southwest,shopping,Zara,4345.5,USD,2023-08-30T15:19:00,In-store purchase at Zara — seasonal wardrobe,False
TXN000328,Customer_0347,credit,Southeast,groceries,Aldi,4052.55,USD,2023-05-04T14:11:00,"Monthly bulk purchase at Aldi, household supplies",False
TXN000329,Customer_0350,savings,Southeast,travel,Marriott Hotels,572.21,USD,2023-06-01T19:16:00,Flight to Chicago via Marriott Hotels for annual conference,False
TXN000330,Customer_0439,savings,Southwest,dining,Chipotle,2505.86,USD,2024-04-14T00:50:00,"Client dinner at Chipotle, discussed Q4 roadmap",False
TXN000331,Customer_0291,credit,Southwest,rent,First Place Rentals,510.77,USD,2023-04-13T03:36:00,Security deposit — First Place Rentals,False
TXN000332,Customer_0336,savings,Southwest,entertainment,Apple iTunes,3951.13,USD,2024-04-29T01:11:00,In-app purchase on Apple iTunes platform,False
TXN000333,Customer_0203,savings,Southeast,travel,Hertz,3065.25,USD,2023-02-20T23:30:00,Car rental from Hertz for client site visit,False
TXN000334,Customer_0144,savings,Northeast,healthcare,CVS Pharmacy,3679.15,USD,2023-08-22T04:19:00,Annual physical copay at CVS Pharmacy,False
TXN000335,Customer_0046,checking,West,education,MIT OpenCourseWare,3280.95,USD,2023-08-05T13:47:00,Textbook purchase at MIT OpenCourseWare for continuing ed,False
TXN000336,Customer_0160,credit,Southwest,insurance,Progressive,2321.14,USD,2024-02-18T04:49:00,Monthly Progressive auto insurance premium,False
TXN000337,Customer_0429,checking,Southeast,rent,Apartment LLC,871.47,USD,2023-02-03T14:03:00,Monthly rent payment to Apartment LLC,False
TXN000338,Customer_0326,checking,Northeast,utilities,ConEdison,3706.66,USD,2023-09-05T11:31:00,ConEdison electricity bill for the apartment,False
TXN000339,Customer_0429,savings,Northeast,travel,Airbnb,2483.25,USD,2023-10-19T00:24:00,Car rental from Airbnb for client site visit,False
TXN000340,Customer_0138,credit,West,rent,Urban Living Co,2914.97,USD,2024-06-09T00:55:00,Monthly rent payment to Urban Living Co,False
TXN000341,Customer_0005,checking,Midwest,groceries,Kroger,2914.94,USD,2023-11-09T22:45:00,"Weekly grocery run at Kroger, stocked up on essentials",False
TXN000342,Customer_0155,credit,Southwest,shopping,IKEA,2068.2,USD,2024-02-11T18:06:00,In-store purchase at IKEA — seasonal wardrobe,True
TXN000343,Customer_0351,checking,West,healthcare,Urgent Care Now,2674.01,USD,2023-03-07T10:17:00,Lab work order from Urgent Care Now,False
TXN000344,Customer_0153,checking,Southeast,entertainment,AMC Theaters,3201.37,USD,2024-06-13T07:57:00,Movie tickets at AMC Theaters — family outing,False
TXN000345,Customer_0014,credit,West,rent,Sunset Apartments,1441.54,USD,2023-10-30T08:58:00,Lease renewal fee at Sunset Apartments,False
TXN000346,Customer_0098,savings,Southeast,shopping,Amazon,3187.77,USD,2024-05-02T21:22:00,Flash sale purchase at Amazon,False
TXN000347,Customer_0380,savings,Southwest,travel,Hertz,1325.56,USD,2023-07-07T21:57:00,Flight to Chicago via Hertz for annual conference,False
TXN000348,Customer_0216,savings,Midwest,dining,Starbucks,1008.86,USD,2023-09-24T18:18:00,"Client dinner at Starbucks, discussed Q4 roadmap",False
TXN000349,Customer_0484,credit,Northeast,dining,Panera Bread,3899.44,USD,2024-04-28T06:32:00,"Lunch with the team at Panera Bread, celebrated Q3 results",False
TXN000350,Customer_0078,checking,Southeast,shopping,Zara,1861.92,USD,2023-12-17T13:36:00,In-store purchase at Zara — seasonal wardrobe,False
TXN000351,Customer_0042,savings,Midwest,education,Udemy,3881.46,USD,2023-07-01T10:40:00,Textbook purchase at Udemy for continuing ed,False
TXN000352,Customer_0392,checking,West,education,MIT OpenCourseWare,3426.56,USD,2023-04-01T04:39:00,MIT OpenCourseWare course enrollment — data engineering,False
TXN000353,Customer_0020,credit,Southeast,shopping,IKEA,4344.15,USD,2024-01-18T00:57:00,In-store purchase at IKEA — seasonal wardrobe,False
TXN000354,Customer_0128,checking,Midwest,insurance,State Farm,3046.98,USD,2023-11-16T04:06:00,Monthly State Farm auto insurance premium,False
TXN000355,Customer_0234,credit,Southwest,rent,Metro Realty,-474.49,USD,2024-06-20T10:27:00,Monthly rent payment to Metro Realty,False
TXN000356,Customer_0486,savings,Northeast,travel,Uber,1619.83,USD,2023-08-22T07:46:00,Hotel stay at Uber during product summit,False
TXN000357,Customer_0365,credit,Northeast,utilities,AT&T,2273.33,USD,2024-01-20T20:16:00,AT&T wireless plan — family plan renewal,False
TXN000358,Customer_0335,checking,Northeast,rent,Apartment LLC,4476.09,USD,2023-04-29T13:28:00,Lease renewal fee at Apartment LLC,False
TXN000359,Customer_0352,credit,Northeast,insurance,Progressive,3159.9,USD,2023-11-05T13:42:00,Progressive renters insurance quarterly payment,False
TXN000360,Customer_0426,checking,Southwest,insurance,Progressive,2727.33,USD,2023-05-01T09:07:00,Life insurance premium payment to Progressive,False
TXN000361,Customer_0268,checking,Midwest,education,Udemy,902.87,USD,2024-02-24T09:10:00,Udemy annual learning subscription,False
TXN000362,Customer_0002,checking,Northeast,education,Udemy,4199.39,USD,2023-04-24T18:42:00,Udemy annual learning subscription,False
TXN000363,Customer_0132,credit,Southeast,dining,Olive Garden,3257.42,USD,2024-04-12T09:16:00,"Lunch with the team at Olive Garden, celebrated Q3 results",False
TXN000364,Customer_0347,savings,West,dining,Starbucks,3835.86,USD,2023-04-29T03:54:00,"Lunch with the team at Starbucks, celebrated Q3 results",False
TXN000365,Customer_0184,savings,Southwest,groceries,Whole Foods,2986.78,USD,2023-10-02T23:05:00,"Weekly grocery run at Whole Foods, stocked up on essentials",False
TXN000366,Customer_0140,savings,West,healthcare,Walgreens,1806.49,USD,2024-03-07T20:56:00,Prescription refill at Walgreens,False
TXN000367,Customer_0433,checking,Northeast,dining,Starbucks,3270.22,USD,2024-03-02T18:30:00,Morning coffee and pastry at Starbucks,False
TXN000368,Customer_0015,credit,Southeast,education,Udemy,1711.98,USD,2024-05-09T15:07:00,Udemy annual learning subscription,False
TXN000369,Customer_0361,credit,Southwest,education,Coursera,1180.95,USD,2023-08-18T21:55:00,Coursera course enrollment — data engineering,False
TXN000370,Customer_0247,savings,West,insurance,USAA,1950.65,USD,2023-06-02T17:57:00,Monthly USAA auto insurance premium,False
TXN000371,Customer_0241,savings,Southeast,groceries,Whole Foods,4205.0,USD,2023-03-18T15:20:00,"Monthly bulk purchase at Whole Foods, household supplies",False
TXN000372,Customer_0207,checking,Northeast,entertainment,Netflix,1006.07,USD,2024-04-15T14:51:00,Movie tickets at Netflix — family outing,False
TXN000373,Customer_0382,credit,Northeast,dining,Panera Bread,1425.7,USD,2023-04-16T12:26:00,"Client dinner at Panera Bread, discussed Q4 roadmap",False
TXN000374,Customer_0327,savings,Southwest,insurance,Geico,3564.07,USD,2023-07-31T20:42:00,Monthly Geico auto insurance premium,False
TXN000375,Customer_0170,credit,Southwest,healthcare,LabCorp,3675.57,USD,2024-04-29T22:42:00,Prescription refill at LabCorp,False
TXN000376,Customer_0175,savings,Midwest,education,Coursera,3418.14,USD,2024-06-18T11:44:00,Coursera course enrollment — data engineering,False
TXN000377,Customer_0210,checking,Midwest,travel,Airbnb,3699.16,USD,2023-07-20T06:07:00,Flight to Chicago via Airbnb for annual conference,False
TXN000378,Customer_0174,checking,West,shopping,Target,3711.37,USD,2023-02-17T20:53:00,In-store purchase at Target — seasonal wardrobe,False
TXN000379,Customer_0069,savings,Northeast,dining,Panera Bread,2964.76,USD,2024-06-27T23:03:00,"Client dinner at Panera Bread, discussed Q4 roadmap",False
TXN000380,Customer_0467,checking,Southwest,shopping,Zara,4160.05,USD,2023-06-27T23:52:00,In-store purchase at Zara — seasonal wardrobe,False
TXN000381,Customer_0197,savings,Southwest,shopping,Zara,3972.72,USD,2023-09-12T08:25:00,Flash sale purchase at Zara,False
TXN000382,Customer_0454,credit,Southwest,entertainment,Steam,626.12,USD,2023-11-03T22:35:00,Steam monthly subscription auto-renewal,False
TXN000383,Customer_0352,savings,Southeast,insurance,State Farm,947.66,USD,2023-07-02T16:34:00,Monthly State Farm auto insurance premium,False
TXN000384,Customer_0483,credit,West,healthcare,CVS Pharmacy,2532.45,USD,2024-06-30T09:56:00,Annual physical copay at CVS Pharmacy,False
TXN000385,Customer_0344,checking,Southeast,groceries,Aldi,118.6,USD,2023-10-01T05:18:00,"Weekly grocery run at Aldi, stocked up on essentials",False
TXN000386,Customer_0278,checking,Midwest,travel,Delta Airlines,3530.69,USD,2024-04-08T03:39:00,Car rental from Delta Airlines for client site visit,False
TXN000387,Customer_0262,credit,Midwest,insurance,State Farm,2913.8,USD,2023-02-18T12:24:00,Life insurance premium payment to State Farm,False
TXN000388,Customer_0318,savings,Southeast,healthcare,Urgent Care Now,63.28,USD,2024-01-12T18:34:00,Prescription refill at Urgent Care Now,False
TXN000389,Customer_0039,checking,Southeast,utilities,Comcast Xfinity,2022.42,USD,2024-06-10T03:24:00,Comcast Xfinity electricity bill for the apartment,False
TXN000390,Customer_0131,checking,Midwest,entertainment,Apple iTunes,589.65,USD,2024-04-22T22:59:00,In-app purchase on Apple iTunes platform,False
TXN000391,Customer_0316,credit,Midwest,travel,Uber,233.6,USD,2024-05-17T18:35:00,Car rental from Uber for client site visit,False
TXN000392,Customer_0403,credit,Southeast,healthcare,Urgent Care Now,4306.66,USD,2024-03-01T17:34:00,Prescription refill at Urgent Care Now,False
TXN000393,Customer_0151,checking,Southwest,healthcare,Walgreens,2986.69,USD,2024-06-27T15:35:00,Prescription refill at Walgreens,False
TXN000394,Customer_0329,credit,Southwest,groceries,Whole Foods,1560.3,USD,2023-09-07T01:43:00,"Monthly bulk purchase at Whole Foods, household supplies",False
TXN000395,Customer_0013,credit,Midwest,shopping,Amazon,1158.37,USD,2024-06-10T16:28:00,In-store purchase at Amazon — seasonal wardrobe,False
TXN000396,Customer_0086,credit,Southwest,entertainment,Spotify,2314.96,USD,2023-01-08T20:04:00,In-app purchase on Spotify platform,False
TXN000397,Customer_0450,credit,West,utilities,National Grid,929.08,USD,2023-03-15T23:43:00,Monthly National Grid internet and cable bill,False
TXN000398,Customer_0286,checking,Southwest,education,MIT OpenCourseWare,-398.14,USD,2023-08-22T08:26:00,MIT OpenCourseWare course enrollment — data engineering,False
TXN000399,Customer_0274,checking,Southwest,shopping,IKEA,80.92,USD,2023-03-06T23:37:00,In-store purchase at IKEA — seasonal wardrobe,False
TXN000400,Customer_0155,credit,Northeast,dining,The Cheesecake Factory,482.08,USD,2023-10-16T14:24:00,Morning coffee and pastry at The Cheesecake Factory,False
TXN000401,Customer_0201,credit,Midwest,groceries,Kroger,2402.94,USD,2023-05-28T09:43:00,"Weekly grocery run at Kroger, stocked up on essentials",False
TXN000402,Customer_0022,checking,Southwest,healthcare,CVS Pharmacy,3937.08,USD,2024-02-08T17:35:00,Lab work order from CVS Pharmacy,False
TXN000403,Customer_0109,savings,Southwest,entertainment,Spotify,3337.73,USD,2023-05-26T05:11:00,Movie tickets at Spotify — family outing,False
TXN000404,Customer_0437,checking,Southwest,entertainment,Spotify,820.2,USD,2024-04-17T20:35:00,Spotify monthly subscription auto-renewal,False
TXN000405,Customer_0488,savings,Midwest,dining,The Cheesecake Factory,892.39,USD,2023-05-12T21:41:00,"Lunch with the team at The Cheesecake Factory, celebrated Q3 results",False
TXN000406,Customer_0231,savings,Southwest,entertainment,Apple iTunes,4051.03,USD,2023-11-10T22:37:00,Apple iTunes monthly subscription auto-renewal,False
TXN000407,Customer_0161,checking,Southeast,rent,Metro Realty,4314.17,USD,2024-03-22T08:53:00,Security deposit — Metro Realty,False
TXN000408,Customer_0250,credit,Northeast,healthcare,Blue Cross Premium,2006.88,USD,2023-06-29T20:38:00,Annual physical copay at Blue Cross Premium,False
TXN000409,Customer_0321,checking,Northeast,entertainment,Spotify,887.96,USD,2023-01-20T16:40:00,Movie tickets at Spotify — family outing,False
TXN000410,Customer_0019,credit,Midwest,rent,First Place Rentals,3462.56,USD,2024-04-28T20:49:00,Security deposit — First Place Rentals,False
TXN000411,Customer_0238,credit,Southwest,shopping,Target,3300.85,USD,2023-04-03T12:23:00,Flash sale purchase at Target,False
TXN000412,Customer_0229,checking,Southeast,utilities,Verizon,750.47,USD,2023-05-30T23:46:00,Verizon wireless plan — family plan renewal,False
TXN000413,Customer_0136,savings,Southeast,healthcare,CVS Pharmacy,3427.82,USD,2023-02-13T21:13:00,Prescription refill at CVS Pharmacy,False
TXN000414,Customer_0021,credit,Midwest,healthcare,Blue Cross Premium,4130.97,USD,2023-04-16T22:33:00,Annual physical copay at Blue Cross Premium,False
TXN000415,Customer_0335,savings,Midwest,entertainment,AMC Theaters,2451.85,USD,2023-03-21T16:16:00,Movie tickets at AMC Theaters — family outing,False
TXN000416,Customer_0250,savings,Southwest,utilities,Verizon,1591.28,USD,2023-01-07T16:56:00,Verizon electricity bill for the apartment,False
TXN000417,Customer_0077,checking,Southeast,travel,Marriott Hotels,2317.86,USD,2024-01-06T19:45:00,Flight to Chicago via Marriott Hotels for annual conference,False
TXN000418,Customer_0246,savings,Southeast,utilities,National Grid,3242.55,USD,2023-06-15T20:53:00,National Grid electricity bill for the apartment,False
TXN000419,Customer_0323,credit,Northeast,utilities,AT&T,2582.82,USD,2023-05-31T01:10:00,Monthly AT&T internet and cable bill,False
TXN000420,Customer_0010,credit,Midwest,travel,Hertz,2699.11,USD,2023-03-29T06:28:00,Hotel stay at Hertz during product summit,False
TXN000421,Customer_0074,credit,Southeast,education,Chegg,991.04,USD,2024-06-07T08:10:00,Chegg course enrollment — data engineering,False
TXN000422,Customer_0198,checking,Northeast,healthcare,Blue Cross Premium,2659.73,USD,2023-01-17T06:33:00,Lab work order from Blue Cross Premium,False
TXN000423,Customer_0462,credit,Southwest,insurance,Allstate,2726.77,USD,2023-02-09T17:32:00,Monthly Allstate auto insurance premium,False
TXN000424,Customer_0424,checking,West,dining,Panera Bread,590.83,USD,2024-06-18T13:23:00,Morning coffee and pastry at Panera Bread,False
TXN000425,Customer_0394,savings,Midwest,insurance,Allstate,4223.21,USD,2023-04-11T13:08:00,Monthly Allstate auto insurance premium,False
TXN000426,Customer_0132,checking,Northeast,utilities,AT&T,2694.32,USD,2023-01-08T18:33:00,AT&T electricity bill for the apartment,False
TXN000427,Customer_0210,savings,Northeast,groceries,Kroger,928.36,USD,2023-06-08T13:41:00,"Monthly bulk purchase at Kroger, household supplies",False
TXN000428,Customer_0349,savings,Southeast,entertainment,Apple iTunes,2543.19,USD,2024-02-28T17:50:00,In-app purchase on Apple iTunes platform,False
TXN000429,Customer_0158,credit,Midwest,travel,Uber,2499.33,USD,2024-02-12T23:08:00,Car rental from Uber for client site visit,False
TXN000430,Customer_0052,checking,Southwest,dining,Starbucks,3525.08,USD,2024-02-15T10:51:00,"Client dinner at Starbucks, discussed Q4 roadmap",False
TXN000431,Customer_0075,savings,Southwest,groceries,Trader Joe's,-50.09,USD,2024-03-21T02:04:00,Quick stop at Trader Joe's for produce and dairy,False
TXN000432,Customer_0206,credit,Southwest,healthcare,CVS Pharmacy,174.71,USD,2023-10-21T22:38:00,Lab work order from CVS Pharmacy,False
TXN000433,Customer_0477,credit,Midwest,travel,Airbnb,53.14,USD,2023-07-19T01:50:00,Hotel stay at Airbnb during product summit,False
TXN000434,Customer_0001,checking,Northeast,insurance,State Farm,-123.43,USD,2023-10-10T12:22:00,Life insurance premium payment to State Farm,False
TXN000435,Customer_0036,checking,Southwest,shopping,Zara,2332.25,USD,2023-10-19T23:53:00,Online order from Zara — home office equipment,False
TXN000436,Customer_0311,checking,West,rent,Metro Realty,4334.98,USD,2024-02-18T18:00:00,Security deposit — Metro Realty,False
TXN000437,Customer_0175,checking,Southwest,shopping,Zara,2516.05,USD,2023-09-21T17:52:00,Online order from Zara — home office equipment,False
TXN000438,Customer_0388,savings,West,entertainment,Steam,2536.44,USD,2024-04-16T18:55:00,In-app purchase on Steam platform,True
TXN000439,Customer_0113,credit,Southeast,dining,The Cheesecake Factory,1725.12,USD,2023-11-20T13:22:00,"Lunch with the team at The Cheesecake Factory, celebrated Q3 results",False
TXN000440,Customer_0384,savings,Northeast,groceries,Walmart Grocery,1296.37,USD,2023-07-02T15:20:00,"Weekly grocery run at Walmart Grocery, stocked up on essentials",False
TXN000441,Customer_0466,checking,West,rent,Metro Realty,4262.3,USD,2023-07-24T07:47:00,Monthly rent payment to Metro Realty,False
TXN000442,Customer_0317,savings,Southeast,entertainment,Spotify,916.44,USD,2023-04-20T03:58:00,Spotify monthly subscription auto-renewal,False
TXN000443,Customer_0022,savings,Midwest,education,Barnes & Noble,3440.28,USD,2023-11-19T15:57:00,Barnes & Noble course enrollment — data engineering,False
TXN000444,Customer_0262,savings,West,rent,Metro Realty,827.01,USD,2023-08-16T18:08:00,Security deposit — Metro Realty,False
TXN000445,Customer_0441,credit,Southeast,shopping,IKEA,151.37,USD,2024-04-13T03:44:00,Flash sale purchase at IKEA,False
TXN000446,Customer_0052,savings,Midwest,healthcare,CVS Pharmacy,3035.09,USD,2023-09-23T05:35:00,Prescription refill at CVS Pharmacy,False
TXN000447,Customer_0218,checking,West,entertainment,Steam,1547.22,USD,2024-01-17T11:54:00,Movie tickets at Steam — family outing,False
TXN000448,Customer_0118,checking,Midwest,education,Udemy,594.47,USD,2023-08-30T17:27:00,Udemy annual learning subscription,False
TXN000449,Customer_0091,savings,West,utilities,Comcast Xfinity,677.22,USD,2023-05-18T20:33:00,Comcast Xfinity wireless plan — family plan renewal,False
TXN000450,Customer_0025,savings,Northeast,healthcare,Blue Cross Premium,1133.13,USD,2023-06-17T01:13:00,Annual physical copay at Blue Cross Premium,False
TXN000451,Customer_0185,credit,Southwest,education,Coursera,3351.95,USD,2023-09-21T11:01:00,Textbook purchase at Coursera for continuing ed,False
TXN000452,Customer_0276,checking,Midwest,healthcare,Urgent Care Now,2597.96,USD,2023-12-30T10:43:00,Prescription refill at Urgent Care Now,False
TXN000453,Customer_0490,checking,Southeast,education,Coursera,2763.42,USD,2023-12-12T13:40:00,Textbook purchase at Coursera for continuing ed,False
TXN000454,Customer_0163,credit,Midwest,shopping,Amazon,733.19,USD,2023-10-01T19:41:00,Online order from Amazon — home office equipment,False
TXN000455,Customer_0212,checking,Southeast,education,MIT OpenCourseWare,2643.2,USD,2023-01-24T04:46:00,MIT OpenCourseWare annual learning subscription,False
TXN000456,Customer_0033,savings,Southwest,entertainment,Netflix,755.26,USD,2023-02-25T00:49:00,Netflix monthly subscription auto-renewal,False
TXN000457,Customer_0477,savings,Midwest,dining,Chipotle,2783.37,USD,2023-08-23T07:47:00,"Client dinner at Chipotle, discussed Q4 roadmap",False
TXN000458,Customer_0441,savings,West,travel,Marriott Hotels,-333.46,USD,2024-04-23T17:59:00,Car rental from Marriott Hotels for client site visit,False
TXN000459,Customer_0234,credit,Southwest,education,Udemy,2429.1,USD,2024-03-21T16:40:00,Udemy annual learning subscription,False
TXN000460,Customer_0227,savings,Midwest,entertainment,AMC Theaters,2430.81,USD,2024-02-27T08:09:00,In-app purchase on AMC Theaters platform,False
TXN000461,Customer_0005,credit,West,groceries,Aldi,1550.76,USD,2024-05-03T09:00:00,"Weekly grocery run at Aldi, stocked up on essentials",False
TXN000462,Customer_0097,savings,Southwest,entertainment,Apple iTunes,3586.47,USD,2024-03-23T12:15:00,Apple iTunes monthly subscription auto-renewal,False
TXN000463,Customer_0123,credit,Southwest,shopping,IKEA,1187.1,USD,2023-10-06T09:41:00,Online order from IKEA — home office equipment,False
TXN000464,Customer_0149,checking,West,entertainment,Steam,3841.4,USD,2024-04-08T08:44:00,Steam monthly subscription auto-renewal,False
TXN000465,Customer_0012,checking,Northeast,utilities,ConEdison,688.91,USD,2023-10-16T08:08:00,Monthly ConEdison internet and cable bill,False
TXN000466,Customer_0176,savings,Midwest,groceries,Trader Joe's,682.32,USD,2024-05-25T11:29:00,"Weekly grocery run at Trader Joe's, stocked up on essentials",False
TXN000467,Customer_0029,savings,West,groceries,Walmart Grocery,3796.74,USD,2023-03-15T17:30:00,"Weekly grocery run at Walmart Grocery, stocked up on essentials",False
TXN000468,Customer_0128,savings,West,entertainment,Steam,553.22,USD,2023-09-11T23:02:00,Steam monthly subscription auto-renewal,False
TXN000469,Customer_0349,savings,Midwest,dining,Olive Garden,4419.61,USD,2023-06-12T20:46:00,Morning coffee and pastry at Olive Garden,False
TXN000470,Customer_0102,savings,Northeast,insurance,USAA,1143.64,USD,2023-08-12T03:15:00,Monthly USAA auto insurance premium,False
TXN000471,Customer_0203,checking,Northeast,healthcare,CVS Pharmacy,3575.78,USD,2023-02-13T18:50:00,Prescription refill at CVS Pharmacy,False
TXN000472,Customer_0256,checking,Southwest,rent,Urban Living Co,3469.73,USD,2023-12-13T20:03:00,Security deposit — Urban Living Co,False
TXN000473,Customer_0286,credit,Midwest,travel,Hertz,570.59,USD,2024-03-25T23:12:00,Flight to Chicago via Hertz for annual conference,True
TXN000474,Customer_0249,credit,West,shopping,Best Buy,610.62,USD,2023-10-29T17:44:00,Flash sale purchase at Best Buy,False
TXN000475,Customer_0141,credit,Southwest,rent,Urban Living Co,1567.75,USD,2023-06-14T02:33:00,Lease renewal fee at Urban Living Co,False
TXN000476,Customer_0195,credit,Southeast,entertainment,AMC Theaters,-320.82,USD,2023-01-20T19:54:00,Movie tickets at AMC Theaters — family outing,False
TXN000477,Customer_0276,savings,Southeast,rent,Urban Living Co,3245.91,USD,2024-06-20T21:31:00,Security deposit — Urban Living Co,False
TXN000478,Customer_0057,checking,Southwest,travel,Hertz,1455.09,USD,2023-03-10T01:53:00,Hotel stay at Hertz during product summit,False
TXN000479,Customer_0017,credit,West,travel,Delta Airlines,486.21,USD,2024-05-16T16:39:00,Flight to Chicago via Delta Airlines for annual conference,False
TXN000480,Customer_0007,checking,West,entertainment,Netflix,997.15,USD,2023-03-23T14:51:00,In-app purchase on Netflix platform,False
TXN000481,Customer_0189,credit,Northeast,healthcare,Urgent Care Now,4222.41,USD,2023-09-30T16:02:00,Lab work order from Urgent Care Now,False
TXN000482,Customer_0372,checking,Southwest,entertainment,Netflix,4322.84,USD,2024-01-30T06:12:00,Netflix monthly subscription auto-renewal,False
TXN000483,Customer_0286,savings,Northeast,utilities,Verizon,4264.03,USD,2024-01-02T21:29:00,Verizon wireless plan — family plan renewal,False
TXN000484,Customer_0259,savings,Southeast,shopping,Amazon,3567.11,USD,2024-06-30T19:28:00,Online order from Amazon — home office equipment,False
TXN000485,Customer_0325,savings,Midwest,healthcare,Urgent Care Now,3802.62,USD,2023-09-04T18:34:00,Annual physical copay at Urgent Care Now,False
TXN000486,Customer_0204,checking,Northeast,insurance,Progressive,4327.62,USD,2023-10-19T19:01:00,Progressive renters insurance quarterly payment,False
TXN000487,Customer_0162,checking,Midwest,entertainment,Netflix,4429.85,USD,2024-06-07T17:36:00,In-app purchase on Netflix platform,False
TXN000488,Customer_0136,savings,Southwest,travel,Delta Airlines,2074.36,USD,2023-09-13T07:16:00,Flight to Chicago via Delta Airlines for annual conference,False
TXN000489,Customer_0040,credit,Midwest,dining,Olive Garden,2562.95,USD,2024-05-09T05:31:00,"Client dinner at Olive Garden, discussed Q4 roadmap",False
TXN000490,Customer_0196,checking,Northeast,rent,Apartment LLC,-405.13,USD,2023-12-09T11:56:00,Lease renewal fee at Apartment LLC,False
TXN000491,Customer_0476,checking,West,shopping,Amazon,3365.82,USD,2023-02-25T09:33:00,Online order from Amazon — home office equipment,False
TXN000492,Customer_0079,checking,West,insurance,USAA,1474.11,USD,2024-04-01T19:36:00,Monthly USAA auto insurance premium,False
TXN000493,Customer_0173,checking,West,utilities,National Grid,3539.73,USD,2023-02-20T17:25:00,National Grid electricity bill for the apartment,False
TXN000494,Customer_0070,savings,Southwest,shopping,Zara,3483.34,USD,2023-07-22T15:25:00,In-store purchase at Zara — seasonal wardrobe,False
TXN000495,Customer_0125,checking,Midwest,utilities,Verizon,4486.87,USD,2024-03-16T10:43:00,Verizon wireless plan — family plan renewal,False
TXN000496,Customer_0098,savings,Midwest,dining,Chipotle,1864.05,USD,2023-01-25T09:10:00,Morning coffee and pastry at Chipotle,False
TXN000497,Customer_0103,credit,Midwest,rent,Sunset Apartments,-410.0,USD,2023-06-09T23:54:00,Lease renewal fee at Sunset Apartments,False
TXN000498,Customer_0420,savings,Northeast,groceries,Trader Joe's,4170.65,USD,2023-12-18T22:51:00,"Monthly bulk purchase at Trader Joe's, household supplies",False
TXN000499,Customer_0109,checking,Southwest,education,Chegg,1496.79,USD,2024-06-19T08:35:00,Chegg course enrollment — data engineering,False
TXN000500,Customer_0023,savings,Southeast,travel,Delta Airlines,2625.61,USD,2023-03-03T09:12:00,Hotel stay at Delta Airlines during product summit,False
TXN000501,Customer_0035,savings,Midwest,rent,Metro Realty,2095.0,USD,2024-01-04T03:01:00,Monthly rent payment to Metro Realty,False
TXN000502,Customer_0463,savings,West,shopping,Target,2290.89,USD,2024-06-28T02:11:00,In-store purchase at Target — seasonal wardrobe,False
TXN000503,Customer_0272,savings,Midwest,education,Barnes & Noble,101.59,USD,2024-05-16T12:47:00,Barnes & Noble annual learning subscription,False
TXN000504,Customer_0257,savings,Northeast,healthcare,LabCorp,2815.41,USD,2023-09-21T12:56:00,Annual physical copay at LabCorp,False
TXN000505,Customer_0202,credit,Southeast,groceries,Aldi,1018.99,USD,2023-03-31T23:24:00,Quick stop at Aldi for produce and dairy,False
TXN000506,Customer_0497,savings,Southwest,rent,Urban Living Co,1085.42,USD,2023-12-04T14:34:00,Security deposit — Urban Living Co,False
TXN000507,Customer_0071,savings,Southwest,travel,Hertz,3079.8,USD,2023-05-19T13:58:00,Car rental from Hertz for client site visit,False
TXN000508,Customer_0486,credit,Northeast,travel,Hertz,1432.15,USD,2023-07-08T10:53:00,Flight to Chicago via Hertz for annual conference,False
TXN000509,Customer_0382,credit,Midwest,groceries,Walmart Grocery,4325.58,USD,2023-06-05T06:06:00,Quick stop at Walmart Grocery for produce and dairy,False
TXN000510,Customer_0119,credit,Southeast,groceries,Aldi,1204.55,USD,2023-08-25T21:01:00,"Monthly bulk purchase at Aldi, household supplies",False
TXN000511,Customer_0333,savings,Southeast,education,Udemy,3808.39,USD,2024-02-01T15:30:00,Udemy annual learning subscription,False
TXN000512,Customer_0474,savings,West,utilities,Comcast Xfinity,1841.61,USD,2023-08-16T23:42:00,Monthly Comcast Xfinity internet and cable bill,False
TXN000513,Customer_0444,credit,West,utilities,AT&T,4172.33,USD,2023-11-29T14:56:00,Monthly AT&T internet and cable bill,False
TXN000514,Customer_0161,savings,Southwest,shopping,Amazon,3310.32,USD,2024-06-21T20:56:00,Flash sale purchase at Amazon,False
TXN000515,Customer_0022,checking,Southwest,groceries,Aldi,2034.99,USD,2024-02-10T23:02:00,"Weekly grocery run at Aldi, stocked up on essentials",False
TXN000516,Customer_0156,savings,West,insurance,Geico,1313.85,USD,2023-06-20T13:18:00,Monthly Geico auto insurance premium,False
TXN000517,Customer_0047,credit,Southwest,groceries,Aldi,2088.79,USD,2023-04-26T05:49:00,"Weekly grocery run at Aldi, stocked up on essentials",False
TXN000518,Customer_0092,savings,Southwest,insurance,State Farm,1863.95,USD,2023-07-26T14:05:00,State Farm renters insurance quarterly payment,False
TXN000519,Customer_0186,checking,Southwest,travel,Delta Airlines,518.17,USD,2024-01-29T23:50:00,Flight to Chicago via Delta Airlines for annual conference,False
TXN000520,Customer_0172,credit,Southeast,rent,Urban Living Co,-89.59,USD,2023-06-16T04:11:00,Security deposit — Urban Living Co,False
TXN000521,Customer_0229,savings,Southeast,groceries,Kroger,1396.28,USD,2023-05-01T04:12:00,Quick stop at Kroger for produce and dairy,True
TXN000522,Customer_0414,checking,Southwest,entertainment,Netflix,2241.84,USD,2024-05-20T07:13:00,In-app purchase on Netflix platform,False
TXN000523,Customer_0004,checking,Southwest,education,Chegg,1991.23,USD,2023-10-12T19:40:00,Textbook purchase at Chegg for continuing ed,False
TXN000524,Customer_0019,checking,Northeast,utilities,AT&T,671.41,USD,2023-11-02T10:58:00,Monthly AT&T internet and cable bill,False
TXN000525,Customer_0339,credit,Southwest,dining,Panera Bread,730.2,USD,2023-07-01T14:47:00,"Lunch with the team at Panera Bread, celebrated Q3 results",False
TXN000526,Customer_0420,checking,West,groceries,Whole Foods,1456.08,USD,2023-03-08T09:30:00,Quick stop at Whole Foods for produce and dairy,False
TXN000527,Customer_0108,credit,Northeast,entertainment,AMC Theaters,1864.84,USD,2023-04-22T18:46:00,Movie tickets at AMC Theaters — family outing,False
TXN000528,Customer_0404,credit,Midwest,insurance,Geico,3259.71,USD,2024-03-13T19:54:00,Geico renters insurance quarterly payment,False
TXN000529,Customer_0289,savings,Southwest,insurance,USAA,1595.57,USD,2024-05-24T15:51:00,Life insurance premium payment to USAA,False
TXN000530,Customer_0061,checking,West,rent,Urban Living Co,1310.74,USD,2023-05-01T23:54:00,Lease renewal fee at Urban Living Co,False
TXN000531,Customer_0413,credit,Southeast,rent,Sunset Apartments,209.49,USD,2023-01-12T20:12:00,Security deposit — Sunset Apartments,False
TXN000532,Customer_0393,checking,Northeast,entertainment,Netflix,1354.78,USD,2023-12-08T10:25:00,In-app purchase on Netflix platform,False
TXN000533,Customer_0473,credit,West,rent,Apartment LLC,877.1,USD,2024-04-30T01:41:00,Monthly rent payment to Apartment LLC,False
TXN000534,Customer_0417,savings,Northeast,travel,Airbnb,4032.2,USD,2024-06-17T09:36:00,Car rental from Airbnb for client site visit,False
TXN000535,Customer_0170,savings,Northeast,healthcare,Urgent Care Now,89.14,USD,2023-06-02T08:53:00,Lab work order from Urgent Care Now,False
TXN000536,Customer_0305,checking,Midwest,shopping,Zara,2571.56,USD,2023-11-19T22:02:00,Online order from Zara — home office equipment,False
TXN000537,Customer_0155,checking,Southwest,dining,Panera Bread,1675.27,USD,2023-11-06T05:07:00,"Lunch with the team at Panera Bread, celebrated Q3 results",False
TXN000538,Customer_0257,checking,Southeast,groceries,Trader Joe's,-243.92,USD,2023-12-15T15:46:00,"Weekly grocery run at Trader Joe's, stocked up on essentials",False
TXN000539,Customer_0481,credit,Southeast,entertainment,AMC Theaters,3463.82,USD,2023-07-30T23:02:00,AMC Theaters monthly subscription auto-renewal,False
TXN000540,Customer_0447,checking,Midwest,insurance,Geico,-424.82,USD,2024-04-23T01:06:00,Monthly Geico auto insurance premium,False
TXN000541,Customer_0108,savings,Southeast,entertainment,Netflix,3414.43,USD,2023-07-17T09:17:00,Movie tickets at Netflix — family outing,False
TXN000542,Customer_0008,credit,Southwest,education,Coursera,676.2,USD,2024-06-10T03:13:00,Textbook purchase at Coursera for continuing ed,False
TXN000543,Customer_0146,credit,Southeast,insurance,Progressive,641.3,USD,2023-06-25T02:19:00,Progressive renters insurance quarterly payment,False
TXN000544,Customer_0026,checking,West,healthcare,Urgent Care Now,-452.13,USD,2023-02-25T02:27:00,Annual physical copay at Urgent Care Now,False
TXN000545,Customer_0316,savings,Midwest,rent,First Place Rentals,3763.6,USD,2023-12-07T06:45:00,Lease renewal fee at First Place Rentals,False
TXN000546,Customer_0411,credit,West,insurance,Geico,2557.21,USD,2023-04-10T14:19:00,Geico renters insurance quarterly payment,False
TXN000547,Customer_0459,credit,Midwest,education,Chegg,4263.78,USD,2024-01-08T12:11:00,Chegg course enrollment — data engineering,False
TXN000548,Customer_0058,savings,West,healthcare,LabCorp,2196.34,USD,2024-04-17T05:18:00,Annual physical copay at LabCorp,False
TXN000549,Customer_0366,checking,Midwest,rent,First Place Rentals,2288.23,USD,2023-03-14T09:34:00,Monthly rent payment to First Place Rentals,False
TXN000550,Customer_0499,savings,West,rent,Sunset Apartments,2795.83,USD,2023-03-09T10:13:00,Monthly rent payment to Sunset Apartments,False
TXN000551,Customer_0356,checking,Southeast,rent,Sunset Apartments,2554.61,USD,2023-03-21T23:59:00,Security deposit — Sunset Apartments,False
TXN000552,Customer_0050,savings,Southeast,education,Coursera,2684.36,USD,2023-11-12T12:04:00,Coursera annual learning subscription,False
TXN000553,Customer_0047,checking,Southeast,rent,Sunset Apartments,2226.86,USD,2023-01-01T04:42:00,Security deposit — Sunset Apartments,False
TXN000554,Customer_0106,credit,Midwest,insurance,Progressive,2772.0,USD,2023-11-03T18:50:00,Progressive renters insurance quarterly payment,False
TXN000555,Customer_0046,credit,Northeast,entertainment,Steam,4421.7,USD,2024-06-06T12:54:00,Movie tickets at Steam — family outing,False
TXN000556,Customer_0001,credit,Southwest,entertainment,Netflix,4055.34,USD,2024-01-03T03:55:00,In-app purchase on Netflix platform,False
TXN000557,Customer_0163,credit,West,groceries,Trader Joe's,3161.49,USD,2024-02-20T12:27:00,Quick stop at Trader Joe's for produce and dairy,False
TXN000558,Customer_0474,savings,West,travel,Airbnb,851.08,USD,2023-06-07T09:55:00,Flight to Chicago via Airbnb for annual conference,False
TXN000559,Customer_0454,savings,West,travel,Delta Airlines,2919.51,USD,2023-05-20T02:08:00,Flight to Chicago via Delta Airlines for annual conference,False
TXN000560,Customer_0093,savings,Southwest,shopping,IKEA,2721.91,USD,2024-03-10T17:52:00,Flash sale purchase at IKEA,False
TXN000561,Customer_0375,checking,Southwest,healthcare,Walgreens,-251.59,USD,2023-10-03T13:59:00,Prescription refill at Walgreens,False
TXN000562,Customer_0058,credit,West,healthcare,CVS Pharmacy,2558.83,USD,2023-03-23T04:46:00,Prescription refill at CVS Pharmacy,False
TXN000563,Customer_0046,checking,West,entertainment,Steam,356.66,USD,2023-03-21T21:40:00,Movie tickets at Steam — family outing,False
TXN000564,Customer_0399,checking,West,rent,Metro Realty,242.22,USD,2024-04-09T16:57:00,Lease renewal fee at Metro Realty,False
TXN000565,Customer_0149,checking,Northeast,healthcare,Blue Cross Premium,4322.81,USD,2023-11-08T23:50:00,Annual physical copay at Blue Cross Premium,False
TXN000566,Customer_0415,credit,Southwest,groceries,Kroger,-495.23,USD,2023-01-28T09:31:00,"Monthly bulk purchase at Kroger, household supplies",False
TXN000567,Customer_0141,savings,Northeast,insurance,Geico,1137.97,USD,2023-04-25T19:11:00,Geico renters insurance quarterly payment,False
TXN000568,Customer_0359,checking,West,travel,Airbnb,3636.24,USD,2023-07-05T16:55:00,Hotel stay at Airbnb during product summit,False
TXN000569,Customer_0254,savings,West,dining,Starbucks,4203.07,USD,2023-09-01T21:28:00,Morning coffee and pastry at Starbucks,False
TXN000570,Customer_0329,savings,Northeast,travel,Marriott Hotels,3305.95,USD,2023-02-23T05:29:00,Car rental from Marriott Hotels for client site visit,False
TXN000571,Customer_0120,savings,West,entertainment,Steam,4267.39,USD,2024-04-30T08:09:00,Movie tickets at Steam — family outing,False
TXN000572,Customer_0348,savings,Southwest,shopping,Amazon,4172.87,USD,2023-02-12T03:58:00,In-store purchase at Amazon — seasonal wardrobe,False
TXN000573,Customer_0172,savings,Midwest,healthcare,Blue Cross Premium,4131.6,USD,2023-04-11T08:41:00,Lab work order from Blue Cross Premium,False
TXN000574,Customer_0267,savings,Southeast,education,Udemy,3025.14,USD,2023-11-17T17:00:00,Udemy annual learning subscription,False
TXN000575,Customer_0229,savings,Southeast,dining,Chipotle,444.16,USD,2023-10-18T08:12:00,"Client dinner at Chipotle, discussed Q4 roadmap",False
TXN000576,Customer_0428,checking,Southwest,rent,Apartment LLC,4223.58,USD,2023-05-05T22:07:00,Monthly rent payment to Apartment LLC,False
TXN000577,Customer_0290,checking,Northeast,rent,Urban Living Co,2955.49,USD,2023-07-08T08:18:00,Security deposit — Urban Living Co,False
TXN000578,Customer_0342,savings,Midwest,dining,Panera Bread,3463.27,USD,2023-06-15T02:17:00,"Client dinner at Panera Bread, discussed Q4 roadmap",False
TXN000579,Customer_0417,savings,Southeast,shopping,IKEA,4481.83,USD,2024-03-27T02:31:00,In-store purchase at IKEA — seasonal wardrobe,False
TXN000580,Customer_0074,credit,West,utilities,Verizon,807.1,USD,2023-08-12T19:41:00,Verizon electricity bill for the apartment,False
TXN000581,Customer_0373,savings,West,education,MIT OpenCourseWare,161.7,USD,2023-01-20T15:09:00,MIT OpenCourseWare course enrollment — data engineering,False
TXN000582,Customer_0169,savings,Southwest,groceries,Whole Foods,1760.22,USD,2023-01-04T16:45:00,"Monthly bulk purchase at Whole Foods, household supplies",False
TXN000583,Customer_0416,checking,Southwest,education,Chegg,1820.59,USD,2023-08-20T00:24:00,Textbook purchase at Chegg for continuing ed,False
TXN000584,Customer_0171,credit,Midwest,education,Coursera,2411.19,USD,2024-02-15T01:40:00,Coursera annual learning subscription,False
TXN000585,Customer_0431,savings,Midwest,dining,The Cheesecake Factory,3840.77,USD,2023-07-27T05:35:00,Morning coffee and pastry at The Cheesecake Factory,False
TXN000586,Customer_0323,credit,Midwest,shopping,Target,3132.99,USD,2024-05-13T02:56:00,In-store purchase at Target — seasonal wardrobe,False
TXN000587,Customer_0304,checking,West,utilities,Comcast Xfinity,872.95,USD,2024-02-03T02:50:00,Monthly Comcast Xfinity internet and cable bill,False
TXN000588,Customer_0495,checking,Northeast,entertainment,Steam,4342.47,USD,2023-12-14T01:21:00,Movie tickets at Steam — family outing,False
TXN000589,Customer_0268,savings,Southwest,groceries,Kroger,956.49,USD,2023-06-02T23:37:00,"Weekly grocery run at Kroger, stocked up on essentials",False
TXN000590,Customer_0242,credit,Northeast,dining,Chipotle,641.45,USD,2023-09-06T22:41:00,Morning coffee and pastry at Chipotle,False
TXN000591,Customer_0313,checking,Southwest,travel,Delta Airlines,3694.22,USD,2023-03-07T03:07:00,Hotel stay at Delta Airlines during product summit,False
TXN000592,Customer_0416,credit,West,rent,Urban Living Co,3621.02,USD,2023-11-29T03:43:00,Monthly rent payment to Urban Living Co,False
TXN000593,Customer_0172,checking,Northeast,travel,Uber,3440.2,USD,2023-10-08T04:48:00,Flight to Chicago via Uber for annual conference,False
TXN000594,Customer_0021,checking,Northeast,healthcare,Urgent Care Now,1976.78,USD,2024-01-21T05:01:00,Prescription refill at Urgent Care Now,False
TXN000595,Customer_0334,credit,Midwest,dining,Chipotle,811.46,USD,2024-03-02T22:51:00,"Lunch with the team at Chipotle, celebrated Q3 results",False
TXN000596,Customer_0231,savings,Southeast,education,Udemy,648.18,USD,2023-06-28T19:44:00,Udemy course enrollment — data engineering,False
TXN000597,Customer_0401,savings,Midwest,travel,Airbnb,4276.59,USD,2024-03-04T00:35:00,Car rental from Airbnb for client site visit,False
TXN000598,Customer_0277,credit,Southeast,dining,Olive Garden,2787.05,USD,2024-04-20T20:42:00,"Lunch with the team at Olive Garden, celebrated Q3 results",False
TXN000599,Customer_0496,savings,West,groceries,Trader Joe's,3585.78,USD,2023-06-30T05:42:00,"Weekly grocery run at Trader Joe's, stocked up on essentials",False
TXN000600,Customer_0316,savings,Northeast,groceries,Walmart Grocery,947.11,USD,2023-04-17T23:03:00,Quick stop at Walmart Grocery for produce and dairy,False
TXN000601,Customer_0459,checking,West,travel,Marriott Hotels,2185.35,USD,2023-11-30T13:12:00,Flight to Chicago via Marriott Hotels for annual conference,False
TXN000602,Customer_0378,savings,Southeast,healthcare,Walgreens,1470.96,USD,2024-01-20T07:04:00,Prescription refill at Walgreens,False
TXN000603,Customer_0233,checking,West,education,Coursera,656.51,USD,2024-01-18T04:29:00,Textbook purchase at Coursera for continuing ed,False
TXN000604,Customer_0144,checking,Northeast,healthcare,LabCorp,-286.49,USD,2024-04-21T14:26:00,Prescription refill at LabCorp,False
TXN000605,Customer_0327,credit,Southeast,healthcare,Walgreens,2718.34,USD,2023-08-24T02:26:00,Annual physical copay at Walgreens,False
TXN000606,Customer_0008,credit,West,education,Udemy,2133.33,USD,2023-09-10T07:20:00,Udemy annual learning subscription,False
TXN000607,Customer_0214,checking,Northeast,utilities,Verizon,4112.33,USD,2024-04-26T23:49:00,Monthly Verizon internet and cable bill,False
TXN000608,Customer_0421,checking,West,shopping,Zara,2159.32,USD,2024-05-22T07:05:00,In-store purchase at Zara — seasonal wardrobe,False
TXN000609,Customer_0332,checking,Northeast,groceries,Kroger,601.54,USD,2024-05-06T21:19:00,"Weekly grocery run at Kroger, stocked up on essentials",False
TXN000610,Customer_0238,checking,West,education,Barnes & Noble,2628.55,USD,2023-07-09T11:40:00,Barnes & Noble annual learning subscription,False
TXN000611,Customer_0017,savings,West,groceries,Whole Foods,4020.99,USD,2023-10-04T22:39:00,Quick stop at Whole Foods for produce and dairy,False
TXN000612,Customer_0029,credit,Midwest,utilities,AT&T,3964.41,USD,2023-02-22T03:24:00,AT&T wireless plan — family plan renewal,False
TXN000613,Customer_0361,checking,Southwest,rent,Apartment LLC,1652.12,USD,2023-07-29T04:21:00,Security deposit — Apartment LLC,False
TXN000614,Customer_0492,credit,Southeast,dining,Panera Bread,4226.47,USD,2023-08-19T10:22:00,Morning coffee and pastry at Panera Bread,False
TXN000615,Customer_0232,savings,Southwest,insurance,Allstate,249.8,USD,2024-06-23T03:30:00,Allstate renters insurance quarterly payment,False
TXN000616,Customer_0485,credit,Northeast,insurance,Progressive,2796.18,USD,2023-07-12T14:05:00,Progressive renters insurance quarterly payment,False
TXN000617,Customer_0357,checking,West,travel,Uber,496.6,USD,2023-06-04T06:33:00,Flight to Chicago via Uber for annual conference,False
TXN000618,Customer_0068,savings,Midwest,groceries,Walmart Grocery,4363.24,USD,2024-03-06T14:47:00,Quick stop at Walmart Grocery for produce and dairy,False
TXN000619,Customer_0428,credit,Midwest,entertainment,Spotify,104.05,USD,2024-02-26T18:21:00,Spotify monthly subscription auto-renewal,False
TXN000620,Customer_0281,savings,West,healthcare,Blue Cross Premium,2998.02,USD,2023-11-08T18:08:00,Lab work order from Blue Cross Premium,False
TXN000621,Customer_0148,checking,Southeast,entertainment,Spotify,1024.38,USD,2023-12-28T09:29:00,In-app purchase on Spotify platform,False
TXN000622,Customer_0090,credit,Southeast,rent,Urban Living Co,2411.25,USD,2023-06-15T07:07:00,Lease renewal fee at Urban Living Co,False
TXN000623,Customer_0106,credit,Northeast,healthcare,Urgent Care Now,1986.79,USD,2023-11-21T11:09:00,Prescription refill at Urgent Care Now,False
TXN000624,Customer_0208,savings,Southeast,insurance,State Farm,1360.51,USD,2024-04-14T10:09:00,Life insurance premium payment to State Farm,True
TXN000625,Customer_0459,savings,Southwest,insurance,USAA,2914.36,USD,2023-05-31T18:46:00,USAA renters insurance quarterly payment,False
TXN000626,Customer_0021,checking,Southwest,education,MIT OpenCourseWare,509.86,USD,2023-04-30T09:01:00,MIT OpenCourseWare annual learning subscription,False
TXN000627,Customer_0299,credit,Southeast,utilities,National Grid,-322.45,USD,2023-10-12T06:01:00,National Grid electricity bill for the apartment,False
TXN000628,Customer_0309,credit,Southwest,education,Coursera,1777.93,USD,2023-02-27T21:23:00,Coursera annual learning subscription,False
TXN000629,Customer_0180,savings,West,shopping,Best Buy,1680.88,USD,2023-03-31T06:46:00,In-store purchase at Best Buy — seasonal wardrobe,False
TXN000630,Customer_0460,savings,West,shopping,IKEA,741.24,USD,2023-05-23T18:38:00,In-store purchase at IKEA — seasonal wardrobe,False
TXN000631,Customer_0172,checking,Southwest,utilities,ConEdison,4447.78,USD,2024-01-20T02:00:00,ConEdison electricity bill for the apartment,False
TXN000632,Customer_0387,checking,Southeast,entertainment,Steam,2503.38,USD,2023-07-10T12:18:00,Steam monthly subscription auto-renewal,False
TXN000633,Customer_0238,checking,Northeast,groceries,Walmart Grocery,1371.1,USD,2023-01-03T04:16:00,"Monthly bulk purchase at Walmart Grocery, household supplies",False
TXN000634,Customer_0092,savings,Southeast,education,Coursera,2998.28,USD,2023-01-30T03:48:00,Coursera annual learning subscription,False
TXN000635,Customer_0224,savings,West,dining,Olive Garden,1631.11,USD,2023-05-03T11:32:00,Morning coffee and pastry at Olive Garden,False
TXN000636,Customer_0237,credit,Southeast,groceries,Walmart Grocery,2619.54,USD,2024-01-01T05:03:00,"Weekly grocery run at Walmart Grocery, stocked up on essentials",False
TXN000637,Customer_0480,checking,Southwest,shopping,Best Buy,1307.9,USD,2023-07-18T20:11:00,Online order from Best Buy — home office equipment,False
TXN000638,Customer_0433,credit,Midwest,rent,Urban Living Co,1455.12,USD,2023-10-05T21:44:00,Lease renewal fee at Urban Living Co,False
TXN000639,Customer_0071,credit,Midwest,dining,Olive Garden,1585.57,USD,2024-01-17T15:26:00,Morning coffee and pastry at Olive Garden,False
TXN000640,Customer_0097,credit,Southwest,travel,Delta Airlines,699.72,USD,2024-06-22T17:45:00,Flight to Chicago via Delta Airlines for annual conference,False
TXN000641,Customer_0068,checking,West,dining,Panera Bread,4122.56,USD,2023-12-23T09:44:00,"Client dinner at Panera Bread, discussed Q4 roadmap",False
TXN000642,Customer_0364,savings,Northeast,education,Barnes & Noble,3437.34,USD,2023-05-02T07:08:00,Barnes & Noble annual learning subscription,False
TXN000643,Customer_0041,savings,Northeast,travel,Marriott Hotels,568.42,USD,2023-03-21T00:49:00,Hotel stay at Marriott Hotels during product summit,False
TXN000644,Customer_0263,credit,Northeast,shopping,Amazon,489.64,USD,2024-04-25T03:58:00,Online order from Amazon — home office equipment,False
TXN000645,Customer_0064,credit,Southeast,dining,The Cheesecake Factory,51.17,USD,2023-07-24T05:42:00,Morning coffee and pastry at The Cheesecake Factory,False
TXN000646,Customer_0179,savings,Southeast,dining,Starbucks,4238.59,USD,2024-05-27T23:39:00,Morning coffee and pastry at Starbucks,False
TXN000647,Customer_0271,checking,Southeast,rent,Apartment LLC,3689.04,USD,2023-10-16T05:57:00,Monthly rent payment to Apartment LLC,False
TXN000648,Customer_0244,savings,Southwest,groceries,Whole Foods,4142.54,USD,2023-07-09T14:43:00,"Weekly grocery run at Whole Foods, stocked up on essentials",False
TXN000649,Customer_0209,checking,Midwest,travel,Uber,1911.29,USD,2023-05-07T14:07:00,Hotel stay at Uber during product summit,False
TXN000650,Customer_0043,savings,West,education,MIT OpenCourseWare,1300.78,USD,2023-04-29T12:18:00,MIT OpenCourseWare annual learning subscription,False
TXN000651,Customer_0438,savings,Southeast,entertainment,Steam,2494.85,USD,2023-03-13T15:43:00,Steam monthly subscription auto-renewal,False
TXN000652,Customer_0338,credit,Northeast,groceries,Kroger,477.75,USD,2023-05-03T04:25:00,"Monthly bulk purchase at Kroger, household supplies",False
TXN000653,Customer_0034,savings,Southeast,rent,Apartment LLC,4164.18,USD,2023-12-13T06:38:00,Lease renewal fee at Apartment LLC,False
TXN000654,Customer_0143,credit,Southwest,shopping,Amazon,3772.3,USD,2023-10-07T20:25:00,Online order from Amazon — home office equipment,False
TXN000655,Customer_0233,checking,Northeast,rent,Sunset Apartments,2303.81,USD,2023-09-14T15:31:00,Security deposit — Sunset Apartments,False
TXN000656,Customer_0256,credit,Northeast,travel,Delta Airlines,3321.4,USD,2023-07-03T12:38:00,Flight to Chicago via Delta Airlines for annual conference,False
TXN000657,Customer_0339,credit,West,travel,Uber,2806.43,USD,2024-04-22T06:18:00,Car rental from Uber for client site visit,False
TXN000658,Customer_0277,credit,Northeast,education,Barnes & Noble,2443.26,USD,2023-02-02T13:56:00,Textbook purchase at Barnes & Noble for continuing ed,False
TXN000659,Customer_0019,checking,Southeast,shopping,IKEA,3838.67,USD,2023-11-07T22:10:00,In-store purchase at IKEA — seasonal wardrobe,False
TXN000660,Customer_0292,credit,West,travel,Uber,1753.92,USD,2024-04-26T15:35:00,Car rental from Uber for client site visit,False
TXN000661,Customer_0194,credit,Midwest,insurance,Geico,1188.94,USD,2023-10-19T10:03:00,Geico renters insurance quarterly payment,True
TXN000662,Customer_0014,credit,Midwest,groceries,Trader Joe's,1573.2,USD,2024-01-25T03:27:00,Quick stop at Trader Joe's for produce and dairy,False
TXN000663,Customer_0121,credit,Midwest,healthcare,Blue Cross Premium,258.74,USD,2023-03-28T22:04:00,Annual physical copay at Blue Cross Premium,False
TXN000664,Customer_0236,credit,West,dining,The Cheesecake Factory,93.61,USD,2024-06-11T13:17:00,"Lunch with the team at The Cheesecake Factory, celebrated Q3 results",True
TXN000665,Customer_0200,savings,Southwest,education,Barnes & Noble,4436.01,USD,2023-04-11T15:06:00,Barnes & Noble course enrollment — data engineering,False
TXN000666,Customer_0174,checking,Southwest,utilities,ConEdison,2264.94,USD,2023-11-03T11:27:00,ConEdison electricity bill for the apartment,False
TXN000667,Customer_0206,checking,Southwest,dining,Olive Garden,-498.13,USD,2023-04-05T22:54:00,"Lunch with the team at Olive Garden, celebrated Q3 results",False
TXN000668,Customer_0244,savings,Southeast,rent,Metro Realty,307.38,USD,2023-12-22T02:41:00,Security deposit — Metro Realty,False
TXN000669,Customer_0213,savings,Midwest,insurance,Progressive,2987.24,USD,2024-06-11T14:42:00,Progressive renters insurance quarterly payment,False
TXN000670,Customer_0296,savings,Southeast,travel,Delta Airlines,3166.48,USD,2024-04-23T08:59:00,Car rental from Delta Airlines for client site visit,False
TXN000671,Customer_0237,checking,Southeast,rent,Sunset Apartments,-104.32,USD,2023-06-04T23:43:00,Lease renewal fee at Sunset Apartments,False
TXN000672,Customer_0325,checking,West,shopping,IKEA,3871.54,USD,2023-10-01T09:41:00,In-store purchase at IKEA — seasonal wardrobe,False
TXN000673,Customer_0015,checking,Midwest,rent,Urban Living Co,1076.98,USD,2024-04-20T15:35:00,Security deposit — Urban Living Co,False
TXN000674,Customer_0133,savings,Southwest,shopping,Amazon,721.32,USD,2023-06-30T20:54:00,Online order from Amazon — home office equipment,False
TXN000675,Customer_0309,savings,Northeast,education,Coursera,3868.83,USD,2024-02-21T11:42:00,Coursera course enrollment — data engineering,False
TXN000676,Customer_0293,credit,Southwest,dining,Panera Bread,3793.16,USD,2023-05-04T16:42:00,Morning coffee and pastry at Panera Bread,False
TXN000677,Customer_0063,savings,Midwest,insurance,Progressive,3981.12,USD,2024-02-04T23:47:00,Progressive renters insurance quarterly payment,False
TXN000678,Customer_0141,savings,West,shopping,Target,485.13,USD,2023-09-18T18:03:00,Online order from Target — home office equipment,False
TXN000679,Customer_0127,savings,Southeast,healthcare,CVS Pharmacy,2458.12,USD,2024-01-07T15:45:00,Annual physical copay at CVS Pharmacy,False
TXN000680,Customer_0431,credit,Northeast,entertainment,Netflix,4350.79,USD,2023-09-03T08:35:00,Movie tickets at Netflix — family outing,False
TXN000681,Customer_0199,checking,West,healthcare,CVS Pharmacy,3901.95,USD,2023-09-19T09:05:00,Lab work order from CVS Pharmacy,False
TXN000682,Customer_0225,credit,Midwest,utilities,ConEdison,3868.08,USD,2024-02-21T01:17:00,Monthly ConEdison internet and cable bill,False
TXN000683,Customer_0368,savings,Northeast,education,Chegg,1861.26,USD,2023-06-14T22:16:00,Chegg annual learning subscription,False
TXN000684,Customer_0168,savings,Northeast,healthcare,Blue Cross Premium,3282.9,USD,2023-02-23T20:41:00,Lab work order from Blue Cross Premium,False
TXN000685,Customer_0161,credit,Northeast,education,Udemy,1805.98,USD,2023-04-24T05:15:00,Udemy course enrollment — data engineering,False
TXN000686,Customer_0232,savings,Southeast,travel,Hertz,1849.37,USD,2023-09-24T05:43:00,Car rental from Hertz for client site visit,False
TXN000687,Customer_0202,savings,Southwest,healthcare,LabCorp,384.37,USD,2023-08-18T00:01:00,Prescription refill at LabCorp,False
TXN000688,Customer_0360,checking,Northeast,rent,Urban Living Co,4383.7,USD,2024-02-15T19:27:00,Monthly rent payment to Urban Living Co,False
TXN000689,Customer_0008,credit,Southwest,travel,Delta Airlines,769.7,USD,2024-03-21T14:52:00,Hotel stay at Delta Airlines during product summit,False
TXN000690,Customer_0417,savings,Midwest,dining,Starbucks,918.14,USD,2024-05-21T12:08:00,Morning coffee and pastry at Starbucks,False
TXN000691,Customer_0347,checking,West,utilities,Verizon,4478.46,USD,2023-07-04T13:50:00,Monthly Verizon internet and cable bill,False
TXN000692,Customer_0190,credit,West,entertainment,AMC Theaters,2781.47,USD,2023-03-29T00:30:00,AMC Theaters monthly subscription auto-renewal,False
TXN000693,Customer_0217,credit,Southwest,healthcare,Blue Cross Premium,958.92,USD,2023-09-20T02:06:00,Lab work order from Blue Cross Premium,False
TXN000694,Customer_0311,credit,Southwest,groceries,Walmart Grocery,2121.84,USD,2023-02-16T00:16:00,"Weekly grocery run at Walmart Grocery, stocked up on essentials",False
TXN000695,Customer_0457,credit,Northeast,shopping,Best Buy,3022.32,USD,2023-07-03T08:10:00,In-store purchase at Best Buy — seasonal wardrobe,False
TXN000696,Customer_0222,checking,Midwest,healthcare,Blue Cross Premium,407.97,USD,2023-04-30T10:02:00,Prescription refill at Blue Cross Premium,False
TXN000697,Customer_0463,savings,Southwest,education,MIT OpenCourseWare,1625.86,USD,2023-09-28T16:20:00,MIT OpenCourseWare annual learning subscription,False
TXN000698,Customer_0078,credit,West,travel,Uber,4475.57,USD,2023-02-24T06:09:00,Car rental from Uber for client site visit,False
TXN000699,Customer_0224,checking,West,travel,Delta Airlines,1174.71,USD,2023-02-11T14:22:00,Hotel stay at Delta Airlines during product summit,False
TXN000700,Customer_0444,checking,Northeast,insurance,Allstate,2220.98,USD,2023-12-24T02:13:00,Allstate renters insurance quarterly payment,False
TXN000701,Customer_0457,credit,Southwest,travel,Marriott Hotels,2291.78,USD,2023-08-06T18:00:00,Car rental from Marriott Hotels for client site visit,False
TXN000702,Customer_0256,credit,Northeast,rent,Urban Living Co,4142.26,USD,2023-12-03T00:18:00,Security deposit — Urban Living Co,False
TXN000703,Customer_0429,savings,Southeast,dining,Panera Bread,2658.57,USD,2023-01-30T02:29:00,"Client dinner at Panera Bread, discussed Q4 roadmap",False
TXN000704,Customer_0003,savings,Northeast,education,Chegg,4298.63,USD,2024-04-08T10:46:00,Chegg annual learning subscription,False
TXN000705,Customer_0145,savings,Northeast,rent,Urban Living Co,3885.44,USD,2023-03-14T17:38:00,Monthly rent payment to Urban Living Co,False
TXN000706,Customer_0205,checking,Northeast,shopping,Best Buy,1084.16,USD,2023-08-02T05:24:00,Online order from Best Buy — home office equipment,False
TXN000707,Customer_0377,savings,Southwest,entertainment,Spotify,1346.97,USD,2023-05-15T11:42:00,Spotify monthly subscription auto-renewal,False
TXN000708,Customer_0244,savings,Southwest,healthcare,Urgent Care Now,2205.86,USD,2024-03-09T02:48:00,Prescription refill at Urgent Care Now,False
TXN000709,Customer_0021,credit,Midwest,healthcare,Urgent Care Now,1956.31,USD,2024-04-19T21:14:00,Prescription refill at Urgent Care Now,False
TXN000710,Customer_0149,savings,West,travel,Airbnb,2834.87,USD,2023-03-23T15:19:00,Car rental from Airbnb for client site visit,False
TXN000711,Customer_0025,credit,Northeast,travel,Uber,2356.3,USD,2023-02-16T16:06:00,Flight to Chicago via Uber for annual conference,False
TXN000712,Customer_0130,savings,Midwest,shopping,Amazon,2975.54,USD,2023-03-25T16:01:00,In-store purchase at Amazon — seasonal wardrobe,False
TXN000713,Customer_0361,savings,Midwest,education,Udemy,-211.04,USD,2024-04-10T21:28:00,Udemy course enrollment — data engineering,False
TXN000714,Customer_0310,savings,Northeast,entertainment,AMC Theaters,953.75,USD,2024-03-20T17:01:00,AMC Theaters monthly subscription auto-renewal,True
TXN000715,Customer_0208,credit,Southwest,dining,Chipotle,2952.83,USD,2024-05-13T09:39:00,"Lunch with the team at Chipotle, celebrated Q3 results",False
TXN000716,Customer_0203,savings,Northeast,rent,Metro Realty,3033.75,USD,2023-05-09T04:00:00,Lease renewal fee at Metro Realty,False
TXN000717,Customer_0333,checking,West,groceries,Trader Joe's,945.49,USD,2023-07-15T02:19:00,"Weekly grocery run at Trader Joe's, stocked up on essentials",False
TXN000718,Customer_0079,credit,West,travel,Airbnb,103.07,USD,2024-05-11T15:01:00,Hotel stay at Airbnb during product summit,False
TXN000719,Customer_0201,checking,Midwest,rent,Urban Living Co,1330.27,USD,2023-01-09T03:40:00,Monthly rent payment to Urban Living Co,False
TXN000720,Customer_0284,savings,Northeast,shopping,IKEA,3318.17,USD,2024-05-14T12:31:00,In-store purchase at IKEA — seasonal wardrobe,False
TXN000721,Customer_0217,credit,Midwest,rent,Sunset Apartments,3215.74,USD,2023-03-07T08:57:00,Monthly rent payment to Sunset Apartments,False
TXN000722,Customer_0230,credit,West,education,Coursera,2804.02,USD,2023-01-22T05:18:00,Textbook purchase at Coursera for continuing ed,False
TXN000723,Customer_0466,credit,Midwest,education,MIT OpenCourseWare,1048.3,USD,2024-04-24T04:56:00,Textbook purchase at MIT OpenCourseWare for continuing ed,False
TXN000724,Customer_0242,checking,Southwest,shopping,IKEA,2937.99,USD,2023-08-01T09:44:00,Flash sale purchase at IKEA,False
TXN000725,Customer_0052,savings,West,education,Udemy,901.68,USD,2023-11-07T07:13:00,Udemy course enrollment — data engineering,False
TXN000726,Customer_0424,credit,Northeast,groceries,Walmart Grocery,1609.91,USD,2023-03-07T10:27:00,Quick stop at Walmart Grocery for produce and dairy,False
TXN000727,Customer_0175,savings,Northeast,utilities,AT&T,1012.31,USD,2023-10-01T04:54:00,AT&T wireless plan — family plan renewal,False
TXN000728,Customer_0410,savings,Northeast,insurance,USAA,-473.4,USD,2023-04-19T19:39:00,Life insurance premium payment to USAA,False
TXN000729,Customer_0061,checking,Midwest,dining,Olive Garden,2285.34,USD,2023-06-10T23:18:00,"Lunch with the team at Olive Garden, celebrated Q3 results",False
TXN000730,Customer_0187,savings,Southeast,insurance,Allstate,3917.86,USD,2023-05-06T06:28:00,Life insurance premium payment to Allstate,False
TXN000731,Customer_0044,savings,Midwest,groceries,Trader Joe's,1539.23,USD,2024-02-29T11:40:00,Quick stop at Trader Joe's for produce and dairy,False
TXN000732,Customer_0220,savings,West,travel,Hertz,3543.53,USD,2024-04-14T16:50:00,Hotel stay at Hertz during product summit,False
TXN000733,Customer_0265,checking,Northeast,groceries,Kroger,3466.83,USD,2023-12-13T10:25:00,"Weekly grocery run at Kroger, stocked up on essentials",False
TXN000734,Customer_0078,credit,Northeast,travel,Airbnb,-461.65,USD,2024-06-16T09:26:00,Flight to Chicago via Airbnb for annual conference,False
TXN000735,Customer_0005,savings,Southwest,insurance,Progressive,3343.43,USD,2023-05-31T22:25:00,Life insurance premium payment to Progressive,False
TXN000736,Customer_0358,savings,West,utilities,Verizon,3548.6,USD,2023-07-22T09:05:00,Verizon wireless plan — family plan renewal,False
TXN000737,Customer_0267,credit,Midwest,healthcare,Blue Cross Premium,3236.37,USD,2023-08-07T02:32:00,Lab work order from Blue Cross Premium,False
TXN000738,Customer_0304,savings,Southeast,insurance,Progressive,-399.32,USD,2023-11-08T23:27:00,Life insurance premium payment to Progressive,False
TXN000739,Customer_0064,checking,Northeast,dining,Chipotle,1172.61,USD,2024-04-04T09:36:00,"Client dinner at Chipotle, discussed Q4 roadmap",False
TXN000740,Customer_0290,credit,Southwest,education,MIT OpenCourseWare,3625.22,USD,2023-08-28T11:19:00,MIT OpenCourseWare course enrollment — data engineering,False
TXN000741,Customer_0054,savings,Southwest,rent,Urban Living Co,1702.61,USD,2023-07-17T11:29:00,Lease renewal fee at Urban Living Co,False
TXN000742,Customer_0067,savings,Southeast,shopping,IKEA,419.66,USD,2024-04-01T02:23:00,Online order from IKEA — home office equipment,False
TXN000743,Customer_0136,credit,West,shopping,Zara,2337.66,USD,2024-03-09T14:44:00,Flash sale purchase at Zara,False
TXN000744,Customer_0365,savings,Southeast,education,Chegg,653.84,USD,2024-06-09T16:07:00,Chegg course enrollment — data engineering,False
TXN000745,Customer_0190,checking,Southwest,education,Chegg,3360.5,USD,2024-02-23T03:07:00,Chegg course enrollment — data engineering,False
TXN000746,Customer_0192,savings,Midwest,entertainment,Netflix,694.1,USD,2024-05-12T00:50:00,Movie tickets at Netflix — family outing,False
TXN000747,Customer_0146,checking,Southeast,rent,Sunset Apartments,4216.01,USD,2024-05-15T00:07:00,Monthly rent payment to Sunset Apartments,False
TXN000748,Customer_0232,savings,West,dining,Chipotle,2167.89,USD,2024-05-01T23:53:00,"Client dinner at Chipotle, discussed Q4 roadmap",False
TXN000749,Customer_0230,checking,Midwest,travel,Hertz,2076.91,USD,2023-04-02T19:42:00,Car rental from Hertz for client site visit,False
TXN000750,Customer_0227,credit,Midwest,shopping,Target,-336.87,USD,2023-04-01T05:45:00,In-store purchase at Target — seasonal wardrobe,True
TXN000751,Customer_0099,credit,Southwest,entertainment,Apple iTunes,561.4,USD,2023-02-24T18:33:00,Movie tickets at Apple iTunes — family outing,False
TXN000752,Customer_0093,checking,Midwest,education,Barnes & Noble,545.67,USD,2023-07-30T07:53:00,Barnes & Noble course enrollment — data engineering,False
TXN000753,Customer_0206,credit,Northeast,rent,Sunset Apartments,3632.11,USD,2024-05-18T00:21:00,Monthly rent payment to Sunset Apartments,False
TXN000754,Customer_0059,checking,Southwest,shopping,Amazon,1431.63,USD,2023-06-22T09:09:00,Flash sale purchase at Amazon,False
TXN000755,Customer_0031,credit,Midwest,dining,Starbucks,4284.98,USD,2023-07-05T00:45:00,"Client dinner at Starbucks, discussed Q4 roadmap",False
TXN000756,Customer_0133,savings,Northeast,shopping,Amazon,645.36,USD,2023-02-23T06:15:00,In-store purchase at Amazon — seasonal wardrobe,False
TXN000757,Customer_0487,checking,Midwest,rent,Urban Living Co,2291.25,USD,2023-03-04T10:29:00,Security deposit — Urban Living Co,False
TXN000758,Customer_0454,checking,Midwest,dining,Panera Bread,1836.68,USD,2023-04-14T07:48:00,"Lunch with the team at Panera Bread, celebrated Q3 results",False
TXN000759,Customer_0326,credit,Southeast,travel,Uber,1833.32,USD,2023-05-26T11:34:00,Car rental from Uber for client site visit,False
TXN000760,Customer_0022,checking,West,utilities,Verizon,4326.28,USD,2023-10-24T20:10:00,Verizon electricity bill for the apartment,True
TXN000761,Customer_0180,credit,Southeast,education,MIT OpenCourseWare,1132.75,USD,2024-06-06T09:02:00,MIT OpenCourseWare annual learning subscription,False
TXN000762,Customer_0063,checking,Southwest,insurance,USAA,1356.37,USD,2023-10-14T13:13:00,Monthly USAA auto insurance premium,False
TXN000763,Customer_0232,savings,Southeast,healthcare,LabCorp,1179.82,USD,2023-11-26T10:13:00,Lab work order from LabCorp,False
TXN000764,Customer_0473,checking,Southwest,rent,Metro Realty,4113.51,USD,2024-05-02T00:57:00,Monthly rent payment to Metro Realty,True
TXN000765,Customer_0391,savings,Southwest,travel,Airbnb,4029.23,USD,2023-03-25T20:41:00,Car rental from Airbnb for client site visit,False
TXN000766,Customer_0193,credit,Midwest,groceries,Kroger,559.75,USD,2024-02-01T05:53:00,"Monthly bulk purchase at Kroger, household supplies",False
TXN000767,Customer_0005,checking,Northeast,groceries,Whole Foods,1670.31,USD,2023-10-15T21:58:00,Quick stop at Whole Foods for produce and dairy,False
TXN000768,Customer_0114,checking,West,utilities,AT&T,2815.44,USD,2024-01-07T01:17:00,AT&T wireless plan — family plan renewal,False
TXN000769,Customer_0203,checking,Midwest,rent,Urban Living Co,886.41,USD,2024-05-27T15:10:00,Monthly rent payment to Urban Living Co,False
TXN000770,Customer_0382,checking,Southeast,rent,First Place Rentals,794.0,USD,2023-09-23T18:54:00,Lease renewal fee at First Place Rentals,False
TXN000771,Customer_0348,credit,Southwest,insurance,Progressive,-485.06,USD,2023-09-16T21:35:00,Monthly Progressive auto insurance premium,False
TXN000772,Customer_0438,savings,West,groceries,Kroger,3030.58,USD,2024-02-21T08:07:00,"Monthly bulk purchase at Kroger, household supplies",False
TXN000773,Customer_0025,savings,West,education,Chegg,-362.0,USD,2024-06-29T14:20:00,Textbook purchase at Chegg for continuing ed,True
TXN000774,Customer_0378,checking,West,utilities,ConEdison,3961.04,USD,2023-03-18T07:12:00,Monthly ConEdison internet and cable bill,False
TXN000775,Customer_0013,credit,Midwest,entertainment,Netflix,-218.81,USD,2023-09-14T07:06:00,Movie tickets at Netflix — family outing,False
TXN000776,Customer_0038,credit,Southwest,healthcare,CVS Pharmacy,2340.94,USD,2024-03-25T03:40:00,Annual physical copay at CVS Pharmacy,False
TXN000777,Customer_0456,credit,Northeast,dining,Chipotle,4125.63,USD,2023-05-11T01:58:00,"Lunch with the team at Chipotle, celebrated Q3 results",False
TXN000778,Customer_0347,checking,Southwest,groceries,Walmart Grocery,2819.7,USD,2023-02-23T09:54:00,"Monthly bulk purchase at Walmart Grocery, household supplies",False
TXN000779,Customer_0338,credit,Northeast,dining,Olive Garden,1052.84,USD,2024-04-09T12:29:00,"Client dinner at Olive Garden, discussed Q4 roadmap",False
TXN000780,Customer_0401,checking,West,rent,First Place Rentals,1531.58,USD,2024-06-13T10:37:00,Monthly rent payment to First Place Rentals,False
TXN000781,Customer_0431,checking,Southwest,dining,Chipotle,3211.28,USD,2023-05-10T20:32:00,Morning coffee and pastry at Chipotle,False
TXN000782,Customer_0071,checking,Northeast,shopping,IKEA,2795.72,USD,2023-05-11T09:37:00,Flash sale purchase at IKEA,False
TXN000783,Customer_0076,savings,Midwest,healthcare,LabCorp,3984.07,USD,2023-12-18T09:23:00,Lab work order from LabCorp,False
TXN000784,Customer_0428,credit,Northeast,insurance,USAA,-256.02,USD,2024-03-08T11:12:00,Life insurance premium payment to USAA,False
TXN000785,Customer_0355,savings,Southwest,utilities,AT&T,856.15,USD,2023-12-06T18:36:00,AT&T electricity bill for the apartment,False
TXN000786,Customer_0449,checking,West,rent,Metro Realty,1482.14,USD,2023-08-13T00:40:00,Security deposit — Metro Realty,False
TXN000787,Customer_0394,savings,West,utilities,National Grid,963.06,USD,2023-07-30T12:11:00,National Grid wireless plan — family plan renewal,False
TXN000788,Customer_0149,savings,Southeast,groceries,Walmart Grocery,-62.02,USD,2024-01-04T01:01:00,"Weekly grocery run at Walmart Grocery, stocked up on essentials",False
TXN000789,Customer_0174,credit,Southeast,entertainment,Spotify,3984.79,USD,2023-07-02T06:01:00,Spotify monthly subscription auto-renewal,False
TXN000790,Customer_0336,checking,Midwest,entertainment,Netflix,3742.35,USD,2023-08-04T09:29:00,Netflix monthly subscription auto-renewal,False
TXN000791,Customer_0452,savings,Northeast,healthcare,Walgreens,4397.07,USD,2023-05-02T04:56:00,Lab work order from Walgreens,False
TXN000792,Customer_0307,savings,Southeast,utilities,Comcast Xfinity,1704.99,USD,2023-02-17T19:37:00,Comcast Xfinity wireless plan — family plan renewal,False
TXN000793,Customer_0447,checking,Southwest,insurance,Progressive,-398.83,USD,2024-05-15T06:46:00,Monthly Progressive auto insurance premium,False
TXN000794,Customer_0452,credit,Southwest,education,Barnes & Noble,757.61,USD,2024-01-19T15:33:00,Barnes & Noble course enrollment — data engineering,False
TXN000795,Customer_0254,savings,Midwest,healthcare,LabCorp,3126.82,USD,2024-02-15T20:58:00,Lab work order from LabCorp,False
TXN000796,Customer_0121,savings,Southeast,groceries,Trader Joe's,4027.51,USD,2023-11-10T13:56:00,"Weekly grocery run at Trader Joe's, stocked up on essentials",False
TXN000797,Customer_0044,savings,West,travel,Uber,2479.73,USD,2024-06-15T11:14:00,Hotel stay at Uber during product summit,False
TXN000798,Customer_0222,savings,Midwest,education,Barnes & Noble,1517.0,USD,2024-05-24T10:17:00,Barnes & Noble annual learning subscription,False
TXN000799,Customer_0462,checking,Midwest,travel,Airbnb,1198.98,USD,2024-05-28T16:34:00,Flight to Chicago via Airbnb for annual conference,False
TXN000800,Customer_0280,checking,Midwest,entertainment,Spotify,538.05,USD,2023-07-21T21:21:00,Spotify monthly subscription auto-renewal,False
TXN000801,Customer_0438,credit,Southwest,entertainment,Spotify,2720.13,USD,2023-09-25T00:49:00,Movie tickets at Spotify — family outing,False
TXN000802,Customer_0007,savings,Southwest,healthcare,Blue Cross Premium,3699.27,USD,2023-06-02T12:14:00,Annual physical copay at Blue Cross Premium,False
TXN000803,Customer_0388,savings,West,utilities,National Grid,2323.63,USD,2023-12-15T02:20:00,Monthly National Grid internet and cable bill,False
TXN000804,Customer_0016,savings,Southeast,shopping,IKEA,1976.87,USD,2023-05-12T09:47:00,Online order from IKEA — home office equipment,True
TXN000805,Customer_0207,credit,Southwest,healthcare,LabCorp,1889.07,USD,2023-11-03T10:37:00,Prescription refill at LabCorp,True
TXN000806,Customer_0291,credit,Southwest,groceries,Trader Joe's,4397.71,USD,2024-02-05T12:13:00,"Weekly grocery run at Trader Joe's, stocked up on essentials",False
TXN000807,Customer_0292,savings,Midwest,dining,Olive Garden,851.58,USD,2023-04-06T05:06:00,"Client dinner at Olive Garden, discussed Q4 roadmap",False
TXN000808,Customer_0467,savings,Midwest,travel,Delta Airlines,-103.5,USD,2023-07-30T07:18:00,Car rental from Delta Airlines for client site visit,False
TXN000809,Customer_0466,savings,West,dining,Panera Bread,-166.75,USD,2023-06-10T03:08:00,"Lunch with the team at Panera Bread, celebrated Q3 results",False
TXN000810,Customer_0067,checking,Midwest,education,Coursera,4298.16,USD,2024-03-18T22:42:00,Textbook purchase at Coursera for continuing ed,False
TXN000811,Customer_0351,savings,Midwest,rent,First Place Rentals,2645.78,USD,2023-07-26T00:09:00,Security deposit — First Place Rentals,False
TXN000812,Customer_0451,savings,West,shopping,Zara,2368.72,USD,2024-04-18T18:02:00,Online order from Zara — home office equipment,False
TXN000813,Customer_0153,savings,Southwest,entertainment,Steam,3152.92,USD,2023-06-29T13:15:00,In-app purchase on Steam platform,False
TXN000814,Customer_0358,credit,Northeast,rent,Sunset Apartments,1734.07,USD,2024-02-07T22:02:00,Security deposit — Sunset Apartments,False
TXN000815,Customer_0035,credit,Southeast,travel,Uber,2422.13,USD,2024-05-20T13:48:00,Car rental from Uber for client site visit,False
TXN000816,Customer_0210,savings,Southeast,healthcare,CVS Pharmacy,2272.25,USD,2023-09-16T06:32:00,Prescription refill at CVS Pharmacy,False
TXN000817,Customer_0196,savings,West,groceries,Whole Foods,3126.71,USD,2023-07-19T12:02:00,"Monthly bulk purchase at Whole Foods, household supplies",True
TXN000818,Customer_0237,checking,Northeast,dining,Starbucks,3017.98,USD,2023-09-06T22:28:00,"Client dinner at Starbucks, discussed Q4 roadmap",False
TXN000819,Customer_0091,savings,Northeast,entertainment,Spotify,3774.04,USD,2024-02-05T05:04:00,Spotify monthly subscription auto-renewal,False
TXN000820,Customer_0366,checking,Southwest,groceries,Walmart Grocery,1985.76,USD,2023-08-10T14:44:00,"Weekly grocery run at Walmart Grocery, stocked up on essentials",False
TXN000821,Customer_0307,checking,Northeast,insurance,Geico,3108.11,USD,2024-01-22T06:59:00,Geico renters insurance quarterly payment,False
TXN000822,Customer_0421,checking,Northeast,utilities,Comcast Xfinity,-12.21,USD,2023-08-14T03:51:00,Monthly Comcast Xfinity internet and cable bill,False
TXN000823,Customer_0168,savings,Southwest,travel,Marriott Hotels,1873.48,USD,2023-07-14T19:13:00,Flight to Chicago via Marriott Hotels for annual conference,False
TXN000824,Customer_0166,checking,Northeast,shopping,IKEA,1049.67,USD,2024-02-16T20:20:00,Online order from IKEA — home office equipment,True
TXN000825,Customer_0333,credit,Midwest,utilities,National Grid,301.74,USD,2023-02-14T02:56:00,Monthly National Grid internet and cable bill,False
TXN000826,Customer_0275,credit,Southeast,entertainment,Apple iTunes,4424.05,USD,2023-09-15T03:38:00,In-app purchase on Apple iTunes platform,False
TXN000827,Customer_0353,savings,West,shopping,Target,793.11,USD,2023-03-11T10:01:00,In-store purchase at Target — seasonal wardrobe,False
TXN000828,Customer_0258,credit,Northeast,rent,Sunset Apartments,2302.06,USD,2023-08-27T00:39:00,Security deposit — Sunset Apartments,False
TXN000829,Customer_0318,checking,Northeast,dining,The Cheesecake Factory,3321.92,USD,2023-05-21T11:31:00,"Lunch with the team at The Cheesecake Factory, celebrated Q3 results",False
TXN000830,Customer_0372,credit,West,travel,Airbnb,2890.96,USD,2023-12-03T04:17:00,Flight to Chicago via Airbnb for annual conference,False
TXN000831,Customer_0013,checking,Midwest,groceries,Aldi,2917.97,USD,2023-12-17T07:13:00,Quick stop at Aldi for produce and dairy,False
TXN000832,Customer_0094,savings,Northeast,utilities,Comcast Xfinity,3927.81,USD,2023-03-08T15:04:00,Comcast Xfinity wireless plan — family plan renewal,False
TXN000833,Customer_0282,checking,Southeast,groceries,Trader Joe's,569.4,USD,2024-06-03T02:27:00,"Weekly grocery run at Trader Joe's, stocked up on essentials",False
TXN000834,Customer_0311,checking,Midwest,entertainment,Spotify,892.93,USD,2023-10-20T18:28:00,Movie tickets at Spotify — family outing,False
TXN000835,Customer_0204,savings,Southeast,utilities,ConEdison,364.67,USD,2024-04-27T14:27:00,ConEdison electricity bill for the apartment,False
TXN000836,Customer_0438,checking,Midwest,shopping,Target,94.05,USD,2023-06-06T17:46:00,In-store purchase at Target — seasonal wardrobe,False
TXN000837,Customer_0311,savings,Northeast,shopping,IKEA,2043.95,USD,2023-12-08T04:45:00,In-store purchase at IKEA — seasonal wardrobe,False
TXN000838,Customer_0372,savings,West,travel,Marriott Hotels,62.69,USD,2024-02-19T13:25:00,Flight to Chicago via Marriott Hotels for annual conference,False
TXN000839,Customer_0037,savings,Northeast,healthcare,Blue Cross Premium,1388.61,USD,2023-05-08T12:59:00,Annual physical copay at Blue Cross Premium,False
TXN000840,Customer_0179,credit,West,utilities,National Grid,3471.86,USD,2024-01-13T22:03:00,National Grid electricity bill for the apartment,False
TXN000841,Customer_0186,credit,Northeast,shopping,Target,2152.38,USD,2023-06-01T08:38:00,Online order from Target — home office equipment,False
TXN000842,Customer_0431,checking,Northeast,travel,Uber,2711.66,USD,2023-04-30T02:41:00,Flight to Chicago via Uber for annual conference,False
TXN000843,Customer_0266,checking,West,shopping,IKEA,2639.79,USD,2023-06-19T13:16:00,Flash sale purchase at IKEA,False
TXN000844,Customer_0376,savings,Northeast,insurance,USAA,3990.5,USD,2023-04-22T20:36:00,Life insurance premium payment to USAA,False
TXN000845,Customer_0204,credit,Midwest,healthcare,Walgreens,3370.54,USD,2023-01-07T05:52:00,Annual physical copay at Walgreens,False
TXN000846,Customer_0148,credit,West,dining,Chipotle,1883.19,USD,2023-06-24T05:23:00,Morning coffee and pastry at Chipotle,False
TXN000847,Customer_0231,credit,Southeast,travel,Marriott Hotels,823.02,USD,2023-07-10T06:03:00,Hotel stay at Marriott Hotels during product summit,False
TXN000848,Customer_0056,credit,Southeast,utilities,ConEdison,1986.08,USD,2023-03-23T09:05:00,ConEdison electricity bill for the apartment,False
TXN000849,Customer_0249,credit,Northeast,entertainment,Netflix,138.35,USD,2023-01-10T01:17:00,In-app purchase on Netflix platform,False
TXN000850,Customer_0004,savings,Southwest,groceries,Aldi,440.3,USD,2024-06-16T08:59:00,"Weekly grocery run at Aldi, stocked up on essentials",False
TXN000851,Customer_0176,savings,Southeast,healthcare,Urgent Care Now,1517.79,USD,2024-01-05T21:25:00,Annual physical copay at Urgent Care Now,False
TXN000852,Customer_0206,credit,Southeast,groceries,Walmart Grocery,-435.92,USD,2023-01-27T19:07:00,Quick stop at Walmart Grocery for produce and dairy,False
TXN000853,Customer_0446,savings,Southwest,entertainment,Spotify,2036.37,USD,2024-02-28T21:12:00,In-app purchase on Spotify platform,True
TXN000854,Customer_0167,credit,West,healthcare,CVS Pharmacy,-404.74,USD,2023-08-28T19:31:00,Lab work order from CVS Pharmacy,False
TXN000855,Customer_0477,savings,Northeast,rent,Apartment LLC,1928.48,USD,2024-01-30T09:38:00,Security deposit — Apartment LLC,False
TXN000856,Customer_0017,checking,West,travel,Hertz,3532.95,USD,2023-03-31T09:53:00,Car rental from Hertz for client site visit,False
TXN000857,Customer_0247,credit,Southwest,insurance,Allstate,4034.36,USD,2023-09-04T07:13:00,Monthly Allstate auto insurance premium,False
TXN000858,Customer_0168,savings,Midwest,dining,Chipotle,-464.86,USD,2023-08-14T23:16:00,"Client dinner at Chipotle, discussed Q4 roadmap",False
TXN000859,Customer_0408,credit,Midwest,dining,Starbucks,2852.8,USD,2023-08-18T18:49:00,Morning coffee and pastry at Starbucks,False
TXN000860,Customer_0372,savings,Southwest,dining,The Cheesecake Factory,4096.2,USD,2024-03-23T07:14:00,"Client dinner at The Cheesecake Factory, discussed Q4 roadmap",False
TXN000861,Customer_0480,checking,Northeast,entertainment,Netflix,405.68,USD,2024-01-12T04:54:00,Netflix monthly subscription auto-renewal,False
TXN000862,Customer_0275,checking,West,shopping,Zara,12.54,USD,2024-03-09T10:49:00,Flash sale purchase at Zara,False
TXN000863,Customer_0203,checking,Southwest,travel,Hertz,2709.27,USD,2024-04-16T10:09:00,Car rental from Hertz for client site visit,False
TXN000864,Customer_0146,checking,Northeast,entertainment,Spotify,3061.51,USD,2023-11-24T09:32:00,In-app purchase on Spotify platform,False
TXN000865,Customer_0111,savings,Midwest,dining,The Cheesecake Factory,2585.0,USD,2024-01-21T01:51:00,Morning coffee and pastry at The Cheesecake Factory,False
TXN000866,Customer_0398,checking,West,utilities,Comcast Xfinity,3312.09,USD,2024-02-06T09:52:00,Comcast Xfinity wireless plan — family plan renewal,False
TXN000867,Customer_0243,savings,West,travel,Delta Airlines,1768.32,USD,2024-02-05T02:33:00,Car rental from Delta Airlines for client site visit,False
TXN000868,Customer_0068,savings,Southwest,entertainment,Spotify,3853.85,USD,2023-02-25T22:19:00,Movie tickets at Spotify — family outing,False
TXN000869,Customer_0460,checking,Southeast,travel,Hertz,1991.27,USD,2023-08-12T23:12:00,Flight to Chicago via Hertz for annual conference,False
TXN000870,Customer_0403,checking,West,groceries,Walmart Grocery,3853.36,USD,2024-03-13T21:53:00,"Monthly bulk purchase at Walmart Grocery, household supplies",False
TXN000871,Customer_0027,checking,Southwest,groceries,Whole Foods,4383.84,USD,2023-12-13T18:27:00,Quick stop at Whole Foods for produce and dairy,False
TXN000872,Customer_0155,credit,Southwest,shopping,Target,539.02,USD,2023-06-26T20:47:00,Online order from Target — home office equipment,False
TXN000873,Customer_0228,savings,Northeast,dining,Panera Bread,1722.54,USD,2023-05-03T03:05:00,Morning coffee and pastry at Panera Bread,False
TXN000874,Customer_0246,savings,Northeast,insurance,State Farm,2642.89,USD,2023-07-05T12:30:00,Monthly State Farm auto insurance premium,False
TXN000875,Customer_0366,credit,Southeast,shopping,Best Buy,567.94,USD,2024-02-20T22:01:00,Flash sale purchase at Best Buy,False
TXN000876,Customer_0276,credit,Northeast,insurance,USAA,292.37,USD,2023-08-01T21:57:00,USAA renters insurance quarterly payment,False
TXN000877,Customer_0063,checking,Southeast,rent,Urban Living Co,2498.47,USD,2023-07-31T20:10:00,Monthly rent payment to Urban Living Co,False
TXN000878,Customer_0187,credit,Southeast,entertainment,Netflix,4409.78,USD,2024-03-09T21:00:00,Netflix monthly subscription auto-renewal,False
TXN000879,Customer_0296,savings,Midwest,groceries,Aldi,2967.91,USD,2024-06-19T11:38:00,Quick stop at Aldi for produce and dairy,False
TXN000880,Customer_0097,checking,Midwest,utilities,AT&T,3689.84,USD,2023-08-09T04:38:00,AT&T wireless plan — family plan renewal,False
TXN000881,Customer_0039,credit,Midwest,rent,Metro Realty,582.57,USD,2023-09-24T12:41:00,Security deposit — Metro Realty,False
TXN000882,Customer_0482,credit,Southeast,shopping,IKEA,4251.61,USD,2023-07-28T02:40:00,Online order from IKEA — home office equipment,False
TXN000883,Customer_0310,checking,West,utilities,ConEdison,2959.64,USD,2023-06-07T10:50:00,ConEdison wireless plan — family plan renewal,False
TXN000884,Customer_0057,credit,Southwest,groceries,Aldi,353.47,USD,2024-02-21T02:21:00,"Weekly grocery run at Aldi, stocked up on essentials",False
TXN000885,Customer_0141,checking,Northeast,healthcare,LabCorp,662.75,USD,2024-01-22T07:24:00,Annual physical copay at LabCorp,False
TXN000886,Customer_0421,savings,Northeast,dining,Starbucks,3278.83,USD,2024-06-25T11:44:00,Morning coffee and pastry at Starbucks,False
TXN000887,Customer_0088,savings,West,entertainment,Apple iTunes,2735.56,USD,2023-07-05T11:51:00,In-app purchase on Apple iTunes platform,False
TXN000888,Customer_0304,checking,Midwest,insurance,USAA,3969.69,USD,2023-01-10T21:32:00,Life insurance premium payment to USAA,False
TXN000889,Customer_0471,credit,Midwest,travel,Marriott Hotels,2556.19,USD,2023-09-13T21:38:00,Hotel stay at Marriott Hotels during product summit,False
TXN000890,Customer_0258,savings,Midwest,education,Udemy,4438.18,USD,2024-03-14T16:45:00,Textbook purchase at Udemy for continuing ed,False
TXN000891,Customer_0209,savings,Northeast,utilities,ConEdison,3861.36,USD,2023-03-23T02:46:00,ConEdison wireless plan — family plan renewal,False
TXN000892,Customer_0284,savings,Northeast,dining,Starbucks,263.06,USD,2024-03-10T21:32:00,Morning coffee and pastry at Starbucks,False
TXN000893,Customer_0455,credit,Northeast,travel,Airbnb,2319.98,USD,2024-02-20T00:39:00,Hotel stay at Airbnb during product summit,False
TXN000894,Customer_0379,credit,Southwest,groceries,Kroger,2406.79,USD,2023-02-13T19:28:00,"Monthly bulk purchase at Kroger, household supplies",False
TXN000895,Customer_0264,savings,Northeast,insurance,State Farm,342.68,USD,2024-03-08T15:24:00,Monthly State Farm auto insurance premium,False
TXN000896,Customer_0393,checking,Midwest,dining,The Cheesecake Factory,1127.69,USD,2023-11-03T15:18:00,Morning coffee and pastry at The Cheesecake Factory,False
TXN000897,Customer_0478,credit,Southwest,groceries,Aldi,982.5,USD,2023-02-06T14:57:00,Quick stop at Aldi for produce and dairy,False
TXN000898,Customer_0153,savings,Northeast,education,Coursera,31.48,USD,2023-01-06T11:56:00,Textbook purchase at Coursera for continuing ed,False
TXN000899,Customer_0044,credit,Southwest,shopping,Best Buy,460.51,USD,2023-06-07T13:07:00,Online order from Best Buy — home office equipment,False
TXN000900,Customer_0192,savings,Midwest,groceries,Trader Joe's,1129.36,USD,2024-03-14T05:34:00,"Monthly bulk purchase at Trader Joe's, household supplies",False
TXN000901,Customer_0182,credit,West,dining,Panera Bread,3777.91,USD,2023-01-06T11:56:00,Morning coffee and pastry at Panera Bread,False
TXN000902,Customer_0216,credit,Midwest,utilities,AT&T,1285.62,USD,2023-02-02T05:42:00,Monthly AT&T internet and cable bill,False
TXN000903,Customer_0410,credit,Southeast,education,MIT OpenCourseWare,1897.82,USD,2023-11-29T12:32:00,MIT OpenCourseWare course enrollment — data engineering,False
TXN000904,Customer_0065,checking,Midwest,shopping,Target,4309.77,USD,2024-05-27T00:49:00,Online order from Target — home office equipment,False
TXN000905,Customer_0223,savings,Midwest,groceries,Walmart Grocery,4394.09,USD,2023-10-16T15:05:00,Quick stop at Walmart Grocery for produce and dairy,False
TXN000906,Customer_0144,checking,Midwest,utilities,Verizon,3282.97,USD,2023-09-11T21:52:00,Monthly Verizon internet and cable bill,False
TXN000907,Customer_0097,credit,Southeast,education,Coursera,3288.4,USD,2023-08-23T03:08:00,Coursera annual learning subscription,False
TXN000908,Customer_0047,checking,West,entertainment,Spotify,1921.23,USD,2024-02-22T16:19:00,Spotify monthly subscription auto-renewal,False
TXN000909,Customer_0219,credit,Northeast,utilities,Comcast Xfinity,1920.21,USD,2023-11-08T03:17:00,Comcast Xfinity electricity bill for the apartment,False
TXN000910,Customer_0027,credit,Midwest,healthcare,Blue Cross Premium,-25.24,USD,2023-08-06T09:30:00,Prescription refill at Blue Cross Premium,False
TXN000911,Customer_0187,savings,Midwest,rent,Apartment LLC,835.86,USD,2023-04-25T03:42:00,Security deposit — Apartment LLC,True
TXN000912,Customer_0381,credit,Southwest,insurance,State Farm,1625.76,USD,2024-01-16T07:41:00,State Farm renters insurance quarterly payment,False
TXN000913,Customer_0381,credit,Northeast,rent,Sunset Apartments,3992.94,USD,2023-02-12T18:58:00,Monthly rent payment to Sunset Apartments,False
TXN000914,Customer_0483,credit,Southwest,utilities,Comcast Xfinity,2008.74,USD,2023-12-18T09:46:00,Comcast Xfinity wireless plan — family plan renewal,False
TXN000915,Customer_0215,credit,Midwest,utilities,Verizon,695.76,USD,2023-12-22T11:28:00,Verizon wireless plan — family plan renewal,False
TXN000916,Customer_0488,credit,Northeast,dining,Panera Bread,2175.28,USD,2023-06-20T19:17:00,"Lunch with the team at Panera Bread, celebrated Q3 results",False
TXN000917,Customer_0498,credit,Southeast,travel,Uber,4301.33,USD,2024-02-12T15:43:00,Flight to Chicago via Uber for annual conference,False
TXN000918,Customer_0288,savings,West,insurance,Geico,1972.66,USD,2023-10-06T06:11:00,Monthly Geico auto insurance premium,True
TXN000919,Customer_0405,credit,West,rent,Urban Living Co,3136.76,USD,2024-05-30T22:46:00,Lease renewal fee at Urban Living Co,False
TXN000920,Customer_0088,checking,Northeast,entertainment,Spotify,3188.6,USD,2024-06-30T07:18:00,In-app purchase on Spotify platform,False
TXN000921,Customer_0329,checking,Southeast,travel,Uber,1220.6,USD,2023-04-29T00:41:00,Flight to Chicago via Uber for annual conference,False
TXN000922,Customer_0282,savings,Southeast,rent,Metro Realty,379.19,USD,2024-02-23T19:18:00,Security deposit — Metro Realty,False
TXN000923,Customer_0091,savings,Northeast,groceries,Whole Foods,990.66,USD,2023-04-19T23:47:00,Quick stop at Whole Foods for produce and dairy,False
TXN000924,Customer_0167,savings,Southeast,entertainment,Apple iTunes,931.68,USD,2024-02-09T04:28:00,Movie tickets at Apple iTunes — family outing,False
TXN000925,Customer_0093,savings,Southeast,shopping,Best Buy,4060.25,USD,2023-06-30T06:36:00,Online order from Best Buy — home office equipment,False
TXN000926,Customer_0419,savings,Southwest,travel,Uber,1399.17,USD,2023-07-12T02:09:00,Flight to Chicago via Uber for annual conference,False
TXN000927,Customer_0270,checking,Northeast,utilities,National Grid,4366.88,USD,2023-04-13T12:24:00,National Grid wireless plan — family plan renewal,True
TXN000928,Customer_0074,credit,Southwest,groceries,Whole Foods,1121.3,USD,2023-01-14T00:50:00,"Weekly grocery run at Whole Foods, stocked up on essentials",False
TXN000929,Customer_0457,savings,Southeast,healthcare,CVS Pharmacy,630.84,USD,2023-11-11T10:30:00,Prescription refill at CVS Pharmacy,False
TXN000930,Customer_0011,checking,Northeast,groceries,Aldi,1207.22,USD,2023-10-31T03:32:00,"Monthly bulk purchase at Aldi, household supplies",False
TXN000931,Customer_0076,savings,Midwest,shopping,Target,-216.43,USD,2023-08-20T21:24:00,Online order from Target — home office equipment,False
TXN000932,Customer_0490,savings,Midwest,dining,Panera Bread,4458.5,USD,2023-03-20T19:21:00,"Lunch with the team at Panera Bread, celebrated Q3 results",False
TXN000933,Customer_0172,credit,Southeast,dining,Chipotle,684.21,USD,2024-03-11T04:57:00,Morning coffee and pastry at Chipotle,False
TXN000934,Customer_0470,savings,Midwest,entertainment,Apple iTunes,1570.99,USD,2023-09-29T22:51:00,In-app purchase on Apple iTunes platform,False
TXN000935,Customer_0229,credit,West,groceries,Trader Joe's,663.92,USD,2023-03-10T03:36:00,"Monthly bulk purchase at Trader Joe's, household supplies",False
TXN000936,Customer_0393,savings,Midwest,entertainment,Spotify,1457.13,USD,2023-11-23T15:27:00,Spotify monthly subscription auto-renewal,False
TXN000937,Customer_0335,checking,West,shopping,Zara,1503.93,USD,2024-03-04T17:31:00,Flash sale purchase at Zara,False
TXN000938,Customer_0298,credit,West,education,Barnes & Noble,3697.21,USD,2024-06-23T18:49:00,Barnes & Noble annual learning subscription,False
TXN000939,Customer_0436,checking,Midwest,utilities,AT&T,1630.88,USD,2024-04-30T04:58:00,Monthly AT&T internet and cable bill,False
TXN000940,Customer_0437,credit,West,healthcare,LabCorp,1329.66,USD,2023-09-06T06:52:00,Prescription refill at LabCorp,False
TXN000941,Customer_0014,credit,West,travel,Delta Airlines,3169.31,USD,2024-01-16T01:44:00,Car rental from Delta Airlines for client site visit,False
TXN000942,Customer_0016,checking,Midwest,rent,Apartment LLC,3769.28,USD,2023-05-25T02:15:00,Security deposit — Apartment LLC,False
TXN000943,Customer_0072,credit,Southwest,rent,Sunset Apartments,3445.55,USD,2023-11-03T15:26:00,Monthly rent payment to Sunset Apartments,False
TXN000944,Customer_0329,checking,Southwest,education,Coursera,505.14,USD,2023-06-27T16:10:00,Textbook purchase at Coursera for continuing ed,True
TXN000945,Customer_0293,credit,Midwest,shopping,IKEA,3202.77,USD,2023-08-21T13:59:00,Flash sale purchase at IKEA,False
TXN000946,Customer_0109,savings,Southwest,dining,Olive Garden,4400.78,USD,2023-02-27T07:25:00,"Client dinner at Olive Garden, discussed Q4 roadmap",False
TXN000947,Customer_0161,credit,West,insurance,USAA,3675.43,USD,2024-01-25T05:03:00,Monthly USAA auto insurance premium,False
TXN000948,Customer_0309,savings,Northeast,shopping,Target,492.26,USD,2023-09-03T09:10:00,In-store purchase at Target — seasonal wardrobe,False
TXN000949,Customer_0097,credit,Southeast,dining,Starbucks,54.34,USD,2023-02-03T07:17:00,Morning coffee and pastry at Starbucks,False
TXN000950,Customer_0024,checking,Midwest,rent,First Place Rentals,2539.01,USD,2023-04-06T09:00:00,Monthly rent payment to First Place Rentals,False
TXN000951,Customer_0372,savings,Southeast,entertainment,Steam,881.0,USD,2023-04-10T10:26:00,Movie tickets at Steam — family outing,False
TXN000952,Customer_0301,savings,West,insurance,Geico,3634.69,USD,2023-02-08T09:10:00,Life insurance premium payment to Geico,False
TXN000953,Customer_0453,checking,Southeast,education,Coursera,424.34,USD,2023-06-14T16:33:00,Coursera annual learning subscription,False
TXN000954,Customer_0149,savings,Southwest,rent,First Place Rentals,2016.42,USD,2024-03-17T01:57:00,Security deposit — First Place Rentals,False
TXN000955,Customer_0491,checking,Southwest,shopping,Target,4486.56,USD,2024-05-24T03:51:00,Online order from Target — home office equipment,True
TXN000956,Customer_0087,savings,Southeast,entertainment,Apple iTunes,2247.61,USD,2023-03-11T08:36:00,Apple iTunes monthly subscription auto-renewal,False
TXN000957,Customer_0243,savings,West,dining,Chipotle,3199.39,USD,2023-05-24T03:36:00,"Lunch with the team at Chipotle, celebrated Q3 results",False
TXN000958,Customer_0349,checking,West,healthcare,LabCorp,1843.6,USD,2024-01-11T16:54:00,Annual physical copay at LabCorp,False
TXN000959,Customer_0135,credit,Northeast,healthcare,LabCorp,3071.49,USD,2023-02-28T23:50:00,Prescription refill at LabCorp,False
TXN000960,Customer_0082,credit,West,insurance,Geico,3839.5,USD,2023-03-16T07:24:00,Monthly Geico auto insurance premium,False
TXN000961,Customer_0419,savings,Northeast,dining,The Cheesecake Factory,2110.86,USD,2023-03-29T05:46:00,"Client dinner at The Cheesecake Factory, discussed Q4 roadmap",False
TXN000962,Customer_0176,credit,West,shopping,IKEA,1809.83,USD,2023-08-06T22:47:00,Online order from IKEA — home office equipment,False
TXN000963,Customer_0075,credit,Southeast,entertainment,Steam,2455.14,USD,2023-11-24T18:02:00,Steam monthly subscription auto-renewal,False
TXN000964,Customer_0110,checking,Southeast,shopping,Amazon,3554.07,USD,2023-01-24T21:27:00,In-store purchase at Amazon — seasonal wardrobe,False
TXN000965,Customer_0153,credit,West,travel,Delta Airlines,316.32,USD,2024-03-05T16:13:00,Flight to Chicago via Delta Airlines for annual conference,False
TXN000966,Customer_0176,savings,Southeast,entertainment,Spotify,420.52,USD,2023-07-23T11:26:00,Spotify monthly subscription auto-renewal,False
TXN000967,Customer_0293,savings,Northeast,insurance,State Farm,1968.34,USD,2023-07-23T02:46:00,Life insurance premium payment to State Farm,False
TXN000968,Customer_0376,credit,Midwest,rent,Urban Living Co,2989.96,USD,2023-01-15T04:57:00,Security deposit — Urban Living Co,False
TXN000969,Customer_0209,savings,Southwest,travel,Airbnb,515.66,USD,2023-01-04T14:53:00,Hotel stay at Airbnb during product summit,False
TXN000970,Customer_0097,savings,Southwest,education,Barnes & Noble,169.0,USD,2023-06-20T19:24:00,Barnes & Noble course enrollment — data engineering,False
TXN000971,Customer_0009,savings,Midwest,utilities,Comcast Xfinity,-407.82,USD,2024-05-29T03:44:00,Comcast Xfinity wireless plan — family plan renewal,False
TXN000972,Customer_0219,credit,Midwest,education,Chegg,1586.02,USD,2023-04-27T05:29:00,Textbook purchase at Chegg for continuing ed,False
TXN000973,Customer_0146,credit,West,travel,Hertz,736.14,USD,2023-10-18T22:39:00,Car rental from Hertz for client site visit,False
TXN000974,Customer_0054,savings,Southwest,dining,Chipotle,-466.59,USD,2023-04-13T20:28:00,"Lunch with the team at Chipotle, celebrated Q3 results",False
TXN000975,Customer_0283,savings,Northeast,groceries,Walmart Grocery,957.36,USD,2023-07-20T15:07:00,Quick stop at Walmart Grocery for produce and dairy,False
TXN000976,Customer_0004,savings,Southeast,education,Chegg,3168.74,USD,2024-06-03T09:17:00,Chegg annual learning subscription,False
TXN000977,Customer_0017,checking,Northeast,entertainment,AMC Theaters,-454.98,USD,2023-06-07T11:53:00,In-app purchase on AMC Theaters platform,False
TXN000978,Customer_0221,checking,Southwest,rent,Metro Realty,771.0,USD,2024-02-05T06:39:00,Security deposit — Metro Realty,False
TXN000979,Customer_0373,checking,West,groceries,Aldi,584.27,USD,2023-11-22T16:10:00,Quick stop at Aldi for produce and dairy,False
TXN000980,Customer_0201,credit,Midwest,dining,Starbucks,537.09,USD,2023-06-12T10:13:00,Morning coffee and pastry at Starbucks,False
TXN000981,Customer_0015,credit,Southwest,groceries,Kroger,2831.88,USD,2023-03-22T18:24:00,"Weekly grocery run at Kroger, stocked up on essentials",True
TXN000982,Customer_0123,credit,Southeast,travel,Airbnb,2843.6,USD,2023-11-01T06:34:00,Car rental from Airbnb for client site visit,False
TXN000983,Customer_0074,credit,Northeast,shopping,Best Buy,237.61,USD,2023-04-16T03:29:00,Flash sale purchase at Best Buy,False
TXN000984,Customer_0048,checking,West,dining,Chipotle,1274.67,USD,2024-01-06T06:25:00,"Lunch with the team at Chipotle, celebrated Q3 results",False
TXN000985,Customer_0108,credit,West,groceries,Kroger,2191.9,USD,2024-01-20T10:40:00,"Weekly grocery run at Kroger, stocked up on essentials",False
TXN000986,Customer_0291,credit,Southwest,travel,Marriott Hotels,50.58,USD,2023-02-02T03:21:00,Hotel stay at Marriott Hotels during product summit,False
TXN000987,Customer_0380,savings,Northeast,education,Barnes & Noble,2461.44,USD,2023-07-17T19:01:00,Barnes & Noble annual learning subscription,False
TXN000988,Customer_0461,checking,Northeast,insurance,USAA,977.3,USD,2023-12-02T04:14:00,Monthly USAA auto insurance premium,False
TXN000989,Customer_0179,credit,Southwest,travel,Uber,2169.68,USD,2023-10-29T14:47:00,Hotel stay at Uber during product summit,False
TXN000990,Customer_0102,credit,Midwest,shopping,Zara,4150.95,USD,2024-02-07T03:37:00,In-store purchase at Zara — seasonal wardrobe,False
TXN000991,Customer_0250,savings,West,rent,Metro Realty,3574.48,USD,2024-03-09T19:47:00,Monthly rent payment to Metro Realty,False
TXN000992,Customer_0291,savings,Midwest,healthcare,Urgent Care Now,2734.79,USD,2023-03-07T14:10:00,Prescription refill at Urgent Care Now,False
TXN000993,Customer_0450,credit,Southwest,insurance,Progressive,1847.09,USD,2023-12-27T12:01:00,Life insurance premium payment to Progressive,False
TXN000994,Customer_0337,savings,Midwest,healthcare,Blue Cross Premium,1613.06,USD,2023-05-29T10:07:00,Prescription refill at Blue Cross Premium,True
TXN000995,Customer_0461,checking,Southwest,groceries,Walmart Grocery,2096.87,USD,2023-03-09T12:18:00,"Weekly grocery run at Walmart Grocery, stocked up on essentials",False
TXN000996,Customer_0485,credit,Northeast,insurance,State Farm,2526.51,USD,2024-03-07T21:48:00,Monthly State Farm auto insurance premium,False
TXN000997,Customer_0024,savings,West,healthcare,Walgreens,228.22,USD,2023-05-03T03:28:00,Prescription refill at Walgreens,False
TXN000998,Customer_0402,credit,Northeast,healthcare,Urgent Care Now,-13.83,USD,2024-04-17T09:08:00,Annual physical copay at Urgent Care Now,False
TXN000999,Customer_0036,savings,Northeast,shopping,Amazon,-324.16,USD,2024-03-01T23:19:00,Flash sale purchase at Amazon,False
TXN001000,Customer_0314,checking,West,healthcare,Blue Cross Premium,2506.24,USD,2023-11-02T22:29:00,Prescription refill at Blue Cross Premium,False
TXN001001,Customer_0423,checking,Southeast,dining,The Cheesecake Factory,466.83,USD,2023-04-18T10:55:00,Morning coffee and pastry at The Cheesecake Factory,False
TXN001002,Customer_0416,savings,Southwest,shopping,Target,400.64,USD,2023-01-06T22:55:00,Online order from Target — home office equipment,False
TXN001003,Customer_0169,credit,Southwest,groceries,Whole Foods,4262.42,USD,2024-01-24T08:44:00,"Weekly grocery run at Whole Foods, stocked up on essentials",False
TXN001004,Customer_0076,credit,West,travel,Hertz,543.96,USD,2024-04-02T21:07:00,Hotel stay at Hertz during product summit,False
TXN001005,Customer_0165,credit,West,utilities,Verizon,2977.4,USD,2023-08-20T02:16:00,Verizon electricity bill for the apartment,False
TXN001006,Customer_0332,credit,Southeast,dining,The Cheesecake Factory,3760.76,USD,2023-03-21T02:31:00,Morning coffee and pastry at The Cheesecake Factory,False
TXN001007,Customer_0054,savings,Southeast,groceries,Trader Joe's,3684.21,USD,2024-06-24T16:54:00,Quick stop at Trader Joe's for produce and dairy,False
TXN001008,Customer_0469,checking,Southeast,entertainment,Steam,697.23,USD,2024-01-08T12:28:00,Movie tickets at Steam — family outing,False
TXN001009,Customer_0085,credit,Midwest,insurance,State Farm,849.85,USD,2023-04-15T04:29:00,State Farm renters insurance quarterly payment,False
TXN001010,Customer_0015,savings,Southwest,dining,Starbucks,4023.97,USD,2024-04-08T11:16:00,"Lunch with the team at Starbucks, celebrated Q3 results",False
TXN001011,Customer_0258,savings,Southwest,insurance,Geico,1944.47,USD,2023-12-08T01:28:00,Geico renters insurance quarterly payment,False
TXN001012,Customer_0100,savings,Southeast,dining,Chipotle,1724.44,USD,2024-02-17T05:38:00,Morning coffee and pastry at Chipotle,False
TXN001013,Customer_0331,checking,Northeast,rent,Sunset Apartments,1953.88,USD,2023-08-13T03:03:00,Lease renewal fee at Sunset Apartments,False
TXN001014,Customer_0116,credit,West,rent,Metro Realty,300.98,USD,2024-02-06T12:06:00,Monthly rent payment to Metro Realty,False
TXN001015,Customer_0327,savings,Southwest,entertainment,Steam,773.78,USD,2023-10-22T23:00:00,Steam monthly subscription auto-renewal,False
TXN001016,Customer_0353,checking,Southeast,insurance,USAA,3327.21,USD,2023-11-19T21:04:00,USAA renters insurance quarterly payment,False
TXN001017,Customer_0220,savings,Northeast,healthcare,Blue Cross Premium,4330.28,USD,2023-07-01T08:56:00,Prescription refill at Blue Cross Premium,False
TXN001018,Customer_0251,checking,West,groceries,Aldi,4363.09,USD,2023-04-23T01:52:00,Quick stop at Aldi for produce and dairy,True
TXN001019,Customer_0397,checking,Northeast,entertainment,Spotify,2266.64,USD,2023-11-08T23:21:00,Movie tickets at Spotify — family outing,False
TXN001020,Customer_0235,checking,Midwest,healthcare,Urgent Care Now,2987.02,USD,2023-11-05T22:21:00,Annual physical copay at Urgent Care Now,False
TXN001021,Customer_0328,checking,Southeast,rent,Sunset Apartments,1218.37,USD,2024-02-25T07:42:00,Monthly rent payment to Sunset Apartments,False
TXN001022,Customer_0499,savings,Midwest,healthcare,Blue Cross Premium,1103.43,USD,2023-07-31T23:05:00,Prescription refill at Blue Cross Premium,False
TXN001023,Customer_0461,savings,Southwest,shopping,Amazon,3947.76,USD,2023-06-29T08:58:00,In-store purchase at Amazon — seasonal wardrobe,False
TXN001024,Customer_0159,checking,Northeast,healthcare,Blue Cross Premium,1880.74,USD,2024-06-16T22:21:00,Lab work order from Blue Cross Premium,False
TXN001025,Customer_0178,savings,Northeast,dining,Panera Bread,2552.15,USD,2023-01-09T15:59:00,"Client dinner at Panera Bread, discussed Q4 roadmap",False
TXN001026,Customer_0341,checking,Midwest,education,Udemy,4350.19,USD,2024-05-13T09:04:00,Udemy annual learning subscription,False
TXN001027,Customer_0064,checking,West,groceries,Kroger,981.88,USD,2023-11-10T00:27:00,"Weekly grocery run at Kroger, stocked up on essentials",False
TXN001028,Customer_0403,credit,Southwest,groceries,Whole Foods,624.05,USD,2023-06-08T02:45:00,Quick stop at Whole Foods for produce and dairy,False
TXN001029,Customer_0017,savings,Midwest,utilities,National Grid,4132.58,USD,2023-09-12T21:40:00,National Grid wireless plan — family plan renewal,False
TXN001030,Customer_0089,credit,West,shopping,Amazon,4141.27,USD,2023-11-27T18:08:00,In-store purchase at Amazon — seasonal wardrobe,False
TXN001031,Customer_0157,checking,Midwest,utilities,ConEdison,1876.32,USD,2024-04-17T17:11:00,Monthly ConEdison internet and cable bill,False
TXN001032,Customer_0258,credit,Midwest,shopping,Amazon,2371.94,USD,2024-04-24T11:27:00,Online order from Amazon — home office equipment,False
TXN001033,Customer_0046,checking,Southwest,shopping,IKEA,-384.55,USD,2023-11-06T07:37:00,Online order from IKEA — home office equipment,False
TXN001034,Customer_0028,savings,Southeast,travel,Hertz,4050.11,USD,2024-02-17T21:00:00,Car rental from Hertz for client site visit,False
TXN001035,Customer_0333,checking,Midwest,insurance,Allstate,385.54,USD,2023-04-10T09:36:00,Monthly Allstate auto insurance premium,False
TXN001036,Customer_0379,credit,Northeast,healthcare,CVS Pharmacy,3333.43,USD,2023-07-29T16:09:00,Prescription refill at CVS Pharmacy,False
TXN001037,Customer_0080,savings,Midwest,education,Udemy,4028.26,USD,2023-01-07T15:39:00,Udemy course enrollment — data engineering,False
TXN001038,Customer_0267,checking,Southeast,dining,Chipotle,692.83,USD,2023-07-29T03:30:00,"Lunch with the team at Chipotle, celebrated Q3 results",True
TXN001039,Customer_0208,savings,Southeast,insurance,Allstate,255.16,USD,2023-08-29T17:16:00,Allstate renters insurance quarterly payment,False
TXN001040,Customer_0095,checking,Southeast,education,Barnes & Noble,1948.43,USD,2023-06-24T16:47:00,Barnes & Noble course enrollment — data engineering,False
TXN001041,Customer_0492,credit,West,utilities,National Grid,1308.71,USD,2024-01-12T21:17:00,National Grid electricity bill for the apartment,False
TXN001042,Customer_0146,savings,Northeast,dining,Panera Bread,3661.65,USD,2024-02-03T00:37:00,"Client dinner at Panera Bread, discussed Q4 roadmap",False
TXN001043,Customer_0072,savings,West,rent,Sunset Apartments,4086.95,USD,2023-10-11T00:10:00,Monthly rent payment to Sunset Apartments,False
TXN001044,Customer_0263,checking,Southeast,insurance,State Farm,4061.96,USD,2023-06-05T11:41:00,State Farm renters insurance quarterly payment,False
TXN001045,Customer_0402,credit,Midwest,healthcare,Blue Cross Premium,3864.69,USD,2024-02-08T02:58:00,Lab work order from Blue Cross Premium,False
TXN001046,Customer_0363,credit,Southwest,education,Chegg,2728.26,USD,2023-09-23T04:44:00,Textbook purchase at Chegg for continuing ed,False
TXN001047,Customer_0024,checking,Southeast,rent,Metro Realty,2780.55,USD,2023-08-26T03:42:00,Lease renewal fee at Metro Realty,False
TXN001048,Customer_0376,checking,Northeast,education,MIT OpenCourseWare,4416.07,USD,2023-06-28T23:57:00,MIT OpenCourseWare course enrollment — data engineering,False
TXN001049,Customer_0434,credit,Northeast,shopping,Amazon,2755.51,USD,2024-03-28T11:38:00,Online order from Amazon — home office equipment,False
TXN001050,Customer_0069,credit,Southwest,groceries,Trader Joe's,488.94,USD,2023-07-24T06:16:00,Quick stop at Trader Joe's for produce and dairy,False
TXN001051,Customer_0271,checking,Northeast,entertainment,Spotify,3340.98,USD,2023-01-25T20:42:00,Spotify monthly subscription auto-renewal,False
TXN001052,Customer_0280,checking,Midwest,groceries,Trader Joe's,1621.23,USD,2023-07-09T21:46:00,"Weekly grocery run at Trader Joe's, stocked up on essentials",False
TXN001053,Customer_0243,credit,Midwest,insurance,Allstate,3746.65,USD,2024-01-01T19:57:00,Monthly Allstate auto insurance premium,False
TXN001054,Customer_0037,credit,Northeast,travel,Delta Airlines,1926.67,USD,2023-05-11T16:19:00,Hotel stay at Delta Airlines during product summit,False
TXN001055,Customer_0115,savings,Midwest,education,Udemy,2708.7,USD,2024-02-04T22:22:00,Udemy course enrollment — data engineering,False
TXN001056,Customer_0266,credit,Southwest,travel,Uber,2407.24,USD,2023-11-16T12:39:00,Flight to Chicago via Uber for annual conference,False
TXN001057,Customer_0335,checking,Northeast,dining,Olive Garden,4216.49,USD,2023-12-13T13:16:00,"Client dinner at Olive Garden, discussed Q4 roadmap",False
TXN001058,Customer_0474,credit,Northeast,groceries,Trader Joe's,2464.16,USD,2023-08-30T15:04:00,"Weekly grocery run at Trader Joe's, stocked up on essentials",False
TXN001059,Customer_0178,checking,West,rent,First Place Rentals,3758.34,USD,2023-03-24T17:30:00,Lease renewal fee at First Place Rentals,False
TXN001060,Customer_0333,savings,West,entertainment,Netflix,165.02,USD,2024-05-04T09:50:00,Netflix monthly subscription auto-renewal,False
TXN001061,Customer_0101,credit,Southwest,utilities,AT&T,123.46,USD,2024-01-24T21:43:00,Monthly AT&T internet and cable bill,False
TXN001062,Customer_0065,savings,West,insurance,Allstate,1745.13,USD,2023-05-22T03:28:00,Monthly Allstate auto insurance premium,False
TXN001063,Customer_0030,checking,Southeast,rent,Metro Realty,875.44,USD,2023-04-05T18:00:00,Security deposit — Metro Realty,False
TXN001064,Customer_0417,checking,Northeast,insurance,USAA,-361.31,USD,2023-02-28T04:28:00,Monthly USAA auto insurance premium,False
TXN001065,Customer_0150,checking,Southwest,groceries,Walmart Grocery,2712.86,USD,2024-02-12T15:42:00,Quick stop at Walmart Grocery for produce and dairy,False
TXN001066,Customer_0362,credit,Midwest,dining,Chipotle,4222.97,USD,2023-08-14T14:45:00,"Client dinner at Chipotle, discussed Q4 roadmap",False
TXN001067,Customer_0458,savings,Midwest,healthcare,Urgent Care Now,3911.02,USD,2024-05-30T03:03:00,Annual physical copay at Urgent Care Now,False
TXN001068,Customer_0071,credit,Southeast,shopping,Zara,1262.63,USD,2023-11-09T23:35:00,In-store purchase at Zara — seasonal wardrobe,False
TXN001069,Customer_0333,savings,Northeast,healthcare,Walgreens,4400.7,USD,2023-01-22T15:53:00,Prescription refill at Walgreens,False
TXN001070,Customer_0031,savings,Southwest,entertainment,Apple iTunes,1355.36,USD,2024-01-29T15:01:00,In-app purchase on Apple iTunes platform,False
TXN001071,Customer_0338,savings,Southwest,shopping,IKEA,1013.9,USD,2023-02-23T21:19:00,Online order from IKEA — home office equipment,False
TXN001072,Customer_0425,savings,Southwest,healthcare,CVS Pharmacy,3396.38,USD,2023-08-10T00:21:00,Lab work order from CVS Pharmacy,False
TXN001073,Customer_0386,checking,Northeast,rent,Sunset Apartments,3522.84,USD,2024-02-02T23:59:00,Security deposit — Sunset Apartments,False
TXN001074,Customer_0266,savings,Southeast,insurance,Allstate,2578.85,USD,2024-01-26T14:47:00,Allstate renters insurance quarterly payment,False
TXN001075,Customer_0141,checking,Southeast,utilities,Comcast Xfinity,1266.75,USD,2023-10-30T10:36:00,Monthly Comcast Xfinity internet and cable bill,False
TXN001076,Customer_0335,credit,Northeast,rent,Metro Realty,1213.02,USD,2023-05-08T09:36:00,Security deposit — Metro Realty,False
TXN001077,Customer_0239,checking,Midwest,entertainment,Spotify,2084.95,USD,2024-05-06T20:54:00,In-app purchase on Spotify platform,False
TXN001078,Customer_0313,credit,Midwest,shopping,Amazon,4225.06,USD,2023-03-07T14:11:00,Flash sale purchase at Amazon,False
TXN001079,Customer_0076,credit,Northeast,entertainment,AMC Theaters,576.87,USD,2023-08-27T03:41:00,In-app purchase on AMC Theaters platform,False
TXN001080,Customer_0117,checking,Midwest,insurance,Allstate,1431.42,USD,2023-09-21T00:43:00,Life insurance premium payment to Allstate,False
TXN001081,Customer_0056,checking,Southwest,healthcare,Urgent Care Now,206.08,USD,2024-03-30T03:32:00,Lab work order from Urgent Care Now,False
TXN001082,Customer_0213,checking,West,utilities,ConEdison,1674.26,USD,2023-10-17T04:01:00,ConEdison wireless plan — family plan renewal,False
TXN001083,Customer_0483,savings,Southwest,healthcare,LabCorp,4038.78,USD,2023-02-01T05:23:00,Annual physical copay at LabCorp,False
TXN001084,Customer_0161,credit,Southwest,travel,Hertz,482.51,USD,2023-12-19T06:24:00,Flight to Chicago via Hertz for annual conference,False
TXN001085,Customer_0490,checking,Southeast,groceries,Trader Joe's,3432.94,USD,2024-05-30T18:40:00,Quick stop at Trader Joe's for produce and dairy,False
TXN001086,Customer_0409,checking,Southwest,shopping,Zara,549.98,USD,2024-04-28T21:33:00,Flash sale purchase at Zara,False
TXN001087,Customer_0125,savings,Southeast,healthcare,LabCorp,3762.86,USD,2024-01-06T07:29:00,Prescription refill at LabCorp,False
TXN001088,Customer_0186,checking,Midwest,dining,Starbucks,3298.93,USD,2024-06-01T02:58:00,"Client dinner at Starbucks, discussed Q4 roadmap",False
TXN001089,Customer_0292,checking,Southwest,education,Barnes & Noble,2023.11,USD,2023-09-08T13:43:00,Barnes & Noble course enrollment — data engineering,False
TXN001090,Customer_0061,checking,West,travel,Hertz,3582.37,USD,2024-03-07T16:09:00,Hotel stay at Hertz during product summit,False
TXN001091,Customer_0135,credit,West,utilities,Comcast Xfinity,74.73,USD,2023-04-14T04:55:00,Comcast Xfinity electricity bill for the apartment,False
TXN001092,Customer_0264,credit,West,shopping,Amazon,755.38,USD,2024-03-08T11:08:00,Flash sale purchase at Amazon,False
TXN001093,Customer_0423,savings,Southwest,insurance,State Farm,1323.8,USD,2023-04-21T23:02:00,Life insurance premium payment to State Farm,False
TXN001094,Customer_0224,savings,West,healthcare,Blue Cross Premium,2840.59,USD,2023-05-18T23:11:00,Annual physical copay at Blue Cross Premium,False
TXN001095,Customer_0346,credit,West,rent,First Place Rentals,-298.56,USD,2024-01-24T10:28:00,Monthly rent payment to First Place Rentals,False
TXN001096,Customer_0025,credit,Southwest,rent,Metro Realty,1049.02,USD,2024-06-21T18:32:00,Monthly rent payment to Metro Realty,False
TXN001097,Customer_0489,checking,Northeast,shopping,Best Buy,1731.38,USD,2023-08-04T13:33:00,In-store purchase at Best Buy — seasonal wardrobe,False
TXN001098,Customer_0148,savings,West,rent,Metro Realty,1566.32,USD,2024-03-25T07:56:00,Monthly rent payment to Metro Realty,False
TXN001099,Customer_0073,checking,Southeast,entertainment,Apple iTunes,4160.7,USD,2024-06-04T05:01:00,Apple iTunes monthly subscription auto-renewal,False
TXN001100,Customer_0014,savings,Southeast,groceries,Aldi,-417.09,USD,2023-10-16T18:27:00,"Monthly bulk purchase at Aldi, household supplies",False
TXN001101,Customer_0362,checking,West,insurance,State Farm,1330.76,USD,2024-03-18T15:16:00,State Farm renters insurance quarterly payment,False
TXN001102,Customer_0412,checking,Southeast,travel,Uber,3010.88,USD,2023-03-18T10:10:00,Car rental from Uber for client site visit,False
TXN001103,Customer_0038,credit,Midwest,entertainment,Steam,3311.17,USD,2023-02-09T13:06:00,Movie tickets at Steam — family outing,False
TXN001104,Customer_0450,credit,Northeast,insurance,Progressive,3787.23,USD,2023-01-09T07:08:00,Monthly Progressive auto insurance premium,False
TXN001105,Customer_0096,credit,West,utilities,Comcast Xfinity,2118.17,USD,2023-10-17T04:12:00,Comcast Xfinity electricity bill for the apartment,False
TXN001106,Customer_0286,credit,Southeast,dining,Olive Garden,-38.29,USD,2023-07-02T01:26:00,Morning coffee and pastry at Olive Garden,False
TXN001107,Customer_0248,credit,Southeast,rent,Sunset Apartments,2629.63,USD,2023-11-04T07:56:00,Lease renewal fee at Sunset Apartments,False
TXN001108,Customer_0247,savings,Northeast,education,Chegg,1767.98,USD,2023-08-13T03:56:00,Chegg annual learning subscription,False
TXN001109,Customer_0060,checking,West,entertainment,Steam,1467.66,USD,2023-11-23T21:07:00,In-app purchase on Steam platform,False
TXN001110,Customer_0308,savings,Southeast,shopping,Target,3781.34,USD,2023-01-30T09:17:00,In-store purchase at Target — seasonal wardrobe,False
TXN001111,Customer_0163,savings,West,shopping,Amazon,3474.23,USD,2024-03-28T13:25:00,Flash sale purchase at Amazon,False
TXN001112,Customer_0420,checking,Midwest,groceries,Walmart Grocery,3278.2,USD,2024-04-03T13:14:00,Quick stop at Walmart Grocery for produce and dairy,False
TXN001113,Customer_0496,credit,Southwest,travel,Hertz,3509.09,USD,2023-12-04T04:38:00,Flight to Chicago via Hertz for annual conference,False
TXN001114,Customer_0181,credit,Northeast,groceries,Kroger,3513.05,USD,2023-02-20T16:13:00,"Weekly grocery run at Kroger, stocked up on essentials",False
TXN001115,Customer_0149,checking,Midwest,utilities,Comcast Xfinity,1782.89,USD,2023-12-06T13:13:00,Comcast Xfinity wireless plan — family plan renewal,False
TXN001116,Customer_0270,checking,Southwest,utilities,AT&T,3805.44,USD,2024-02-12T15:02:00,Monthly AT&T internet and cable bill,False
TXN001117,Customer_0018,savings,Northeast,entertainment,Netflix,2843.84,USD,2024-01-22T20:25:00,Netflix monthly subscription auto-renewal,False
TXN001118,Customer_0391,credit,West,entertainment,Netflix,337.14,USD,2023-01-21T00:47:00,Netflix monthly subscription auto-renewal,False
TXN001119,Customer_0100,credit,Midwest,rent,Urban Living Co,3312.75,USD,2023-11-28T13:32:00,Monthly rent payment to Urban Living Co,False
TXN001120,Customer_0336,credit,West,entertainment,AMC Theaters,915.99,USD,2024-01-21T09:27:00,In-app purchase on AMC Theaters platform,False
TXN001121,Customer_0274,credit,Southeast,shopping,Zara,2177.66,USD,2024-01-27T00:31:00,In-store purchase at Zara — seasonal wardrobe,False
TXN001122,Customer_0500,checking,West,healthcare,Urgent Care Now,491.83,USD,2023-08-26T14:23:00,Lab work order from Urgent Care Now,False
TXN001123,Customer_0043,checking,Southwest,dining,The Cheesecake Factory,651.25,USD,2023-06-23T06:55:00,"Client dinner at The Cheesecake Factory, discussed Q4 roadmap",False
TXN001124,Customer_0243,credit,Southwest,rent,Urban Living Co,640.28,USD,2023-08-27T01:49:00,Monthly rent payment to Urban Living Co,False
TXN001125,Customer_0165,credit,Southwest,shopping,Best Buy,1523.72,USD,2024-02-21T00:17:00,Flash sale purchase at Best Buy,False
TXN001126,Customer_0121,savings,West,insurance,Allstate,2251.67,USD,2024-05-09T16:35:00,Life insurance premium payment to Allstate,False
TXN001127,Customer_0388,checking,Southeast,dining,Chipotle,3148.15,USD,2024-06-16T23:07:00,"Client dinner at Chipotle, discussed Q4 roadmap",False
TXN001128,Customer_0321,credit,West,education,Coursera,3985.34,USD,2023-05-24T23:55:00,Coursera course enrollment — data engineering,False
TXN001129,Customer_0369,credit,Midwest,shopping,Amazon,533.54,USD,2024-06-19T10:39:00,In-store purchase at Amazon — seasonal wardrobe,False
TXN001130,Customer_0412,credit,Midwest,rent,Urban Living Co,1309.43,USD,2024-06-15T19:16:00,Monthly rent payment to Urban Living Co,False
TXN001131,Customer_0070,checking,Southwest,utilities,ConEdison,3241.99,USD,2024-04-30T00:20:00,ConEdison wireless plan — family plan renewal,False
TXN001132,Customer_0103,credit,Northeast,travel,Airbnb,-352.22,USD,2024-04-14T10:06:00,Flight to Chicago via Airbnb for annual conference,False
TXN001133,Customer_0453,checking,Midwest,education,Barnes & Noble,305.14,USD,2023-01-15T06:17:00,Barnes & Noble course enrollment — data engineering,False
TXN001134,Customer_0207,savings,Southwest,shopping,Zara,1379.35,USD,2023-07-27T02:37:00,Flash sale purchase at Zara,False
TXN001135,Customer_0409,credit,Southwest,utilities,ConEdison,1186.9,USD,2024-01-28T10:36:00,Monthly ConEdison internet and cable bill,False
TXN001136,Customer_0316,credit,West,rent,First Place Rentals,4350.13,USD,2023-08-03T05:00:00,Security deposit — First Place Rentals,False
TXN001137,Customer_0448,checking,Midwest,utilities,AT&T,663.48,USD,2023-03-21T01:08:00,AT&T wireless plan — family plan renewal,False
TXN001138,Customer_0390,checking,Southeast,education,Chegg,2125.24,USD,2024-02-07T12:49:00,Chegg annual learning subscription,False
TXN001139,Customer_0041,credit,Southeast,education,MIT OpenCourseWare,3774.73,USD,2023-06-20T20:53:00,Textbook purchase at MIT OpenCourseWare for continuing ed,False
TXN001140,Customer_0129,credit,Northeast,travel,Airbnb,1990.2,USD,2024-03-21T20:22:00,Car rental from Airbnb for client site visit,False
TXN001141,Customer_0316,credit,Southeast,healthcare,Blue Cross Premium,1560.23,USD,2024-01-27T11:11:00,Lab work order from Blue Cross Premium,False
TXN001142,Customer_0301,savings,Midwest,groceries,Trader Joe's,1627.66,USD,2023-04-07T11:58:00,Quick stop at Trader Joe's for produce and dairy,False
TXN001143,Customer_0246,savings,Northeast,groceries,Aldi,155.71,USD,2023-09-17T08:40:00,Quick stop at Aldi for produce and dairy,False
TXN001144,Customer_0324,savings,West,rent,Apartment LLC,4174.45,USD,2023-06-27T15:47:00,Lease renewal fee at Apartment LLC,False
TXN001145,Customer_0366,checking,Southeast,insurance,Geico,1666.05,USD,2023-05-15T02:26:00,Monthly Geico auto insurance premium,False
TXN001146,Customer_0050,credit,Midwest,dining,Chipotle,2870.46,USD,2023-07-18T20:39:00,"Client dinner at Chipotle, discussed Q4 roadmap",False
TXN001147,Customer_0370,savings,Southwest,healthcare,LabCorp,765.61,USD,2023-01-15T21:25:00,Lab work order from LabCorp,False
TXN001148,Customer_0374,savings,Northeast,groceries,Whole Foods,3713.59,USD,2023-06-26T14:02:00,"Weekly grocery run at Whole Foods, stocked up on essentials",False
TXN001149,Customer_0429,checking,Midwest,utilities,Verizon,782.49,USD,2023-10-08T17:22:00,Verizon electricity bill for the apartment,False
TXN001150,Customer_0046,checking,Northeast,education,Barnes & Noble,392.0,USD,2023-07-06T23:05:00,Barnes & Noble annual learning subscription,False
TXN001151,Customer_0192,savings,Northeast,rent,Apartment LLC,3550.37,USD,2023-09-10T09:53:00,Monthly rent payment to Apartment LLC,False
TXN001152,Customer_0092,savings,Southeast,utilities,Comcast Xfinity,244.74,USD,2023-11-20T13:14:00,Comcast Xfinity electricity bill for the apartment,False
TXN001153,Customer_0226,savings,Northeast,entertainment,Spotify,4406.86,USD,2024-05-16T11:37:00,Spotify monthly subscription auto-renewal,False
TXN001154,Customer_0487,credit,West,insurance,Allstate,3093.24,USD,2023-06-09T17:36:00,Life insurance premium payment to Allstate,False
TXN001155,Customer_0107,savings,Southwest,shopping,Best Buy,3650.03,USD,2023-10-03T02:32:00,Flash sale purchase at Best Buy,False
TXN001156,Customer_0265,credit,Southeast,entertainment,Spotify,1177.5,USD,2024-05-01T04:29:00,In-app purchase on Spotify platform,False
TXN001157,Customer_0166,credit,Northeast,healthcare,Urgent Care Now,2964.08,USD,2024-01-03T00:10:00,Annual physical copay at Urgent Care Now,False
TXN001158,Customer_0184,savings,Southeast,healthcare,LabCorp,4063.89,USD,2024-04-23T17:11:00,Lab work order from LabCorp,False
TXN001159,Customer_0375,savings,West,education,Barnes & Noble,2673.12,USD,2023-09-07T08:46:00,Textbook purchase at Barnes & Noble for continuing ed,False
TXN001160,Customer_0120,credit,Northeast,healthcare,Blue Cross Premium,-464.85,USD,2024-03-07T13:49:00,Lab work order from Blue Cross Premium,False
TXN001161,Customer_0473,savings,Southwest,rent,Sunset Apartments,133.36,USD,2024-06-20T06:36:00,Lease renewal fee at Sunset Apartments,False
TXN001162,Customer_0393,checking,Midwest,travel,Uber,4366.61,USD,2024-04-14T12:10:00,Flight to Chicago via Uber for annual conference,False
TXN001163,Customer_0121,checking,West,travel,Marriott Hotels,1359.26,USD,2023-04-03T23:15:00,Flight to Chicago via Marriott Hotels for annual conference,False
TXN001164,Customer_0242,credit,West,insurance,Progressive,2150.66,USD,2023-08-06T15:42:00,Monthly Progressive auto insurance premium,False
TXN001165,Customer_0479,checking,West,education,Udemy,1747.14,USD,2023-12-01T09:52:00,Udemy course enrollment — data engineering,False
TXN001166,Customer_0343,credit,Southwest,shopping,Zara,2405.85,USD,2023-01-28T07:56:00,In-store purchase at Zara — seasonal wardrobe,False
TXN001167,Customer_0313,credit,West,utilities,ConEdison,1532.63,USD,2023-03-21T20:14:00,ConEdison electricity bill for the apartment,False
TXN001168,Customer_0197,credit,Southeast,utilities,AT&T,1362.21,USD,2024-03-11T04:18:00,Monthly AT&T internet and cable bill,False
TXN001169,Customer_0084,savings,Southwest,education,Coursera,4313.51,USD,2023-04-19T14:51:00,Textbook purchase at Coursera for continuing ed,False
TXN001170,Customer_0260,savings,West,dining,Panera Bread,728.17,USD,2023-01-12T15:41:00,"Lunch with the team at Panera Bread, celebrated Q3 results",False
TXN001171,Customer_0325,checking,Southwest,shopping,IKEA,1366.78,USD,2024-04-06T16:23:00,Online order from IKEA — home office equipment,False
TXN001172,Customer_0218,credit,West,healthcare,Urgent Care Now,506.97,USD,2023-03-23T04:00:00,Annual physical copay at Urgent Care Now,False
TXN001173,Customer_0447,savings,West,rent,Metro Realty,2319.46,USD,2023-02-19T14:18:00,Monthly rent payment to Metro Realty,False
TXN001174,Customer_0190,savings,West,education,Chegg,230.08,USD,2023-12-12T21:18:00,Textbook purchase at Chegg for continuing ed,False
TXN001175,Customer_0009,savings,Midwest,groceries,Aldi,808.38,USD,2023-11-01T20:02:00,Quick stop at Aldi for produce and dairy,False
TXN001176,Customer_0044,credit,Northeast,healthcare,CVS Pharmacy,3325.37,USD,2023-05-10T23:09:00,Lab work order from CVS Pharmacy,False
TXN001177,Customer_0125,credit,Southwest,shopping,Best Buy,4373.48,USD,2024-04-14T01:04:00,In-store purchase at Best Buy — seasonal wardrobe,False
TXN001178,Customer_0452,checking,West,groceries,Trader Joe's,4395.91,USD,2024-06-08T23:05:00,"Monthly bulk purchase at Trader Joe's, household supplies",False
TXN001179,Customer_0132,credit,Northeast,entertainment,Steam,105.61,USD,2024-03-19T03:50:00,In-app purchase on Steam platform,False
TXN001180,Customer_0125,credit,Northeast,entertainment,AMC Theaters,2315.61,USD,2024-01-19T18:30:00,Movie tickets at AMC Theaters — family outing,False
TXN001181,Customer_0257,credit,Northeast,shopping,Best Buy,3101.44,USD,2024-02-13T05:43:00,Flash sale purchase at Best Buy,False
TXN001182,Customer_0067,savings,Midwest,groceries,Kroger,89.14,USD,2024-04-18T19:50:00,"Weekly grocery run at Kroger, stocked up on essentials",False
TXN001183,Customer_0114,checking,Southwest,healthcare,CVS Pharmacy,1015.59,USD,2023-10-22T23:45:00,Prescription refill at CVS Pharmacy,False
TXN001184,Customer_0200,savings,Southwest,education,Barnes & Noble,2858.3,USD,2023-01-13T10:21:00,Textbook purchase at Barnes & Noble for continuing ed,False
TXN001185,Customer_0273,credit,Southeast,education,Udemy,3845.33,USD,2024-02-04T08:25:00,Textbook purchase at Udemy for continuing ed,False
TXN001186,Customer_0043,checking,Southwest,rent,Apartment LLC,2191.99,USD,2024-01-14T09:18:00,Lease renewal fee at Apartment LLC,False
TXN001187,Customer_0320,savings,Southwest,education,Chegg,705.77,USD,2024-03-17T13:48:00,Chegg course enrollment — data engineering,True
TXN001188,Customer_0472,credit,Southeast,entertainment,Apple iTunes,2210.95,USD,2024-01-23T19:54:00,Movie tickets at Apple iTunes — family outing,False
TXN001189,Customer_0092,checking,West,shopping,Target,4464.63,USD,2024-02-23T11:48:00,Online order from Target — home office equipment,False
TXN001190,Customer_0341,credit,Midwest,rent,Metro Realty,3468.4,USD,2024-05-29T17:34:00,Security deposit — Metro Realty,False
TXN001191,Customer_0081,checking,West,shopping,IKEA,1291.84,USD,2023-10-23T00:34:00,In-store purchase at IKEA — seasonal wardrobe,False
TXN001192,Customer_0335,savings,West,education,Udemy,4083.23,USD,2024-02-25T06:40:00,Udemy annual learning subscription,True
TXN001193,Customer_0307,credit,West,utilities,Comcast Xfinity,2791.54,USD,2023-01-24T10:39:00,Comcast Xfinity wireless plan — family plan renewal,False
TXN001194,Customer_0381,credit,West,rent,Sunset Apartments,413.89,USD,2024-06-07T06:54:00,Lease renewal fee at Sunset Apartments,False
TXN001195,Customer_0480,credit,Southeast,education,MIT OpenCourseWare,3936.55,USD,2023-11-27T04:18:00,MIT OpenCourseWare annual learning subscription,False
TXN001196,Customer_0309,savings,Southeast,groceries,Trader Joe's,2078.0,USD,2023-07-01T14:32:00,"Monthly bulk purchase at Trader Joe's, household supplies",False
TXN001197,Customer_0036,checking,Northeast,rent,Metro Realty,1105.66,USD,2024-02-21T16:30:00,Monthly rent payment to Metro Realty,False
TXN001198,Customer_0367,credit,Southwest,dining,Panera Bread,3975.69,USD,2023-01-25T14:30:00,"Client dinner at Panera Bread, discussed Q4 roadmap",False
TXN001199,Customer_0021,savings,West,groceries,Walmart Grocery,3728.24,USD,2024-06-07T20:41:00,Quick stop at Walmart Grocery for produce and dairy,False
TXN001200,Customer_0297,checking,Southeast,dining,Chipotle,3812.58,USD,2024-01-11T13:42:00,"Lunch with the team at Chipotle, celebrated Q3 results",False
TXN001201,Customer_0356,checking,West,utilities,National Grid,1193.96,USD,2024-05-18T07:48:00,Monthly National Grid internet and cable bill,False
TXN001202,Customer_0291,savings,Southwest,entertainment,Steam,3544.25,USD,2023-02-06T04:09:00,In-app purchase on Steam platform,False
TXN001203,Customer_0158,credit,Southeast,groceries,Trader Joe's,2538.11,USD,2023-11-09T15:45:00,Quick stop at Trader Joe's for produce and dairy,False
TXN001204,Customer_0312,savings,West,entertainment,Spotify,3624.37,USD,2023-09-21T20:14:00,Movie tickets at Spotify — family outing,True
TXN001205,Customer_0261,credit,Southwest,utilities,Verizon,-185.26,USD,2024-02-20T15:39:00,Verizon electricity bill for the apartment,False
TXN001206,Customer_0192,savings,West,healthcare,Walgreens,3837.48,USD,2023-06-23T16:30:00,Lab work order from Walgreens,False
TXN001207,Customer_0159,checking,Southeast,shopping,Amazon,4261.53,USD,2023-06-03T08:38:00,Flash sale purchase at Amazon,False
TXN001208,Customer_0327,checking,Southwest,dining,Starbucks,2247.06,USD,2023-08-22T23:12:00,"Client dinner at Starbucks, discussed Q4 roadmap",False
TXN001209,Customer_0035,savings,Southwest,groceries,Kroger,449.29,USD,2023-03-23T01:28:00,"Monthly bulk purchase at Kroger, household supplies",False
TXN001210,Customer_0480,credit,Southeast,utilities,Comcast Xfinity,3588.73,USD,2023-08-22T22:45:00,Comcast Xfinity electricity bill for the apartment,False
TXN001211,Customer_0098,credit,Northeast,groceries,Aldi,2486.13,USD,2023-05-16T16:19:00,Quick stop at Aldi for produce and dairy,False
TXN001212,Customer_0051,credit,Northeast,utilities,Comcast Xfinity,3428.75,USD,2023-11-23T20:04:00,Comcast Xfinity wireless plan — family plan renewal,False
TXN001213,Customer_0302,checking,Southwest,dining,Panera Bread,2144.78,USD,2024-05-13T09:36:00,"Lunch with the team at Panera Bread, celebrated Q3 results",True
TXN001214,Customer_0100,credit,Southwest,shopping,Amazon,3989.9,USD,2024-04-12T00:16:00,Flash sale purchase at Amazon,False
TXN001215,Customer_0248,credit,Midwest,rent,Metro Realty,2841.92,USD,2023-11-03T08:55:00,Security deposit — Metro Realty,False
TXN001216,Customer_0226,checking,Southeast,healthcare,LabCorp,2527.88,USD,2024-05-14T00:20:00,Lab work order from LabCorp,False
TXN001217,Customer_0222,credit,Midwest,insurance,Allstate,738.27,USD,2023-04-07T14:21:00,Allstate renters insurance quarterly payment,False
TXN001218,Customer_0110,savings,Southwest,insurance,State Farm,3505.67,USD,2023-11-09T10:49:00,Monthly State Farm auto insurance premium,False
TXN001219,Customer_0166,checking,Southeast,dining,The Cheesecake Factory,950.26,USD,2024-02-10T05:54:00,Morning coffee and pastry at The Cheesecake Factory,False
TXN001220,Customer_0404,savings,Midwest,travel,Uber,4415.29,USD,2023-08-23T08:30:00,Car rental from Uber for client site visit,False
TXN001221,Customer_0425,credit,Midwest,entertainment,AMC Theaters,1381.51,USD,2024-04-05T09:27:00,AMC Theaters monthly subscription auto-renewal,False
TXN001222,Customer_0331,checking,West,shopping,Amazon,253.61,USD,2023-10-08T00:52:00,In-store purchase at Amazon — seasonal wardrobe,False
TXN001223,Customer_0196,savings,Southwest,utilities,ConEdison,-216.61,USD,2023-07-24T06:39:00,ConEdison electricity bill for the apartment,False
TXN001224,Customer_0246,credit,Southwest,entertainment,Netflix,1097.9,USD,2024-04-26T01:49:00,Netflix monthly subscription auto-renewal,False
TXN001225,Customer_0031,checking,Northeast,education,Udemy,4441.25,USD,2023-12-17T08:34:00,Textbook purchase at Udemy for continuing ed,False
TXN001226,Customer_0167,credit,West,entertainment,Netflix,608.61,USD,2023-06-05T04:37:00,In-app purchase on Netflix platform,False
TXN001227,Customer_0280,credit,Midwest,utilities,Verizon,1974.98,USD,2024-06-27T09:44:00,Monthly Verizon internet and cable bill,True
TXN001228,Customer_0453,checking,Southeast,dining,The Cheesecake Factory,4073.44,USD,2023-11-25T14:14:00,"Client dinner at The Cheesecake Factory, discussed Q4 roadmap",False
TXN001229,Customer_0310,credit,Northeast,healthcare,Walgreens,4371.62,USD,2023-05-24T03:41:00,Lab work order from Walgreens,False
TXN001230,Customer_0263,savings,Northeast,shopping,IKEA,3743.38,USD,2024-03-23T01:32:00,Online order from IKEA — home office equipment,False
TXN001231,Customer_0035,credit,Northeast,healthcare,Urgent Care Now,1275.5,USD,2023-04-05T17:49:00,Annual physical copay at Urgent Care Now,False
TXN001232,Customer_0333,checking,Northeast,travel,Hertz,2584.79,USD,2024-03-17T08:29:00,Flight to Chicago via Hertz for annual conference,False
TXN001233,Customer_0233,credit,West,travel,Uber,821.62,USD,2023-01-22T12:36:00,Flight to Chicago via Uber for annual conference,False
TXN001234,Customer_0078,savings,Southeast,rent,Sunset Apartments,43.38,USD,2023-12-01T17:29:00,Monthly rent payment to Sunset Apartments,False
TXN001235,Customer_0296,checking,Southeast,utilities,Verizon,4020.13,USD,2023-06-01T06:19:00,Verizon electricity bill for the apartment,False
TXN001236,Customer_0179,checking,Midwest,groceries,Aldi,-68.03,USD,2023-11-19T07:42:00,"Monthly bulk purchase at Aldi, household supplies",False
TXN001237,Customer_0471,checking,Midwest,entertainment,Spotify,4459.56,USD,2023-01-28T04:56:00,In-app purchase on Spotify platform,False
TXN001238,Customer_0438,credit,Southeast,education,Coursera,119.28,USD,2024-01-25T01:28:00,Textbook purchase at Coursera for continuing ed,False
TXN001239,Customer_0497,checking,Southwest,utilities,Comcast Xfinity,2658.03,USD,2024-06-12T03:10:00,Comcast Xfinity electricity bill for the apartment,False
TXN001240,Customer_0163,savings,Southeast,dining,Panera Bread,2723.79,USD,2023-08-04T02:51:00,Morning coffee and pastry at Panera Bread,False
TXN001241,Customer_0004,savings,West,education,MIT OpenCourseWare,508.41,USD,2024-02-14T03:22:00,MIT OpenCourseWare annual learning subscription,False
TXN001242,Customer_0118,credit,Northeast,entertainment,Netflix,4257.0,USD,2024-02-04T15:01:00,In-app purchase on Netflix platform,False
TXN001243,Customer_0290,checking,Southeast,entertainment,AMC Theaters,637.61,USD,2024-06-15T04:08:00,AMC Theaters monthly subscription auto-renewal,False
TXN001244,Customer_0339,savings,Midwest,groceries,Whole Foods,3611.7,USD,2024-02-29T05:26:00,"Monthly bulk purchase at Whole Foods, household supplies",False
TXN001245,Customer_0187,checking,Southeast,insurance,State Farm,3643.33,USD,2023-01-31T15:13:00,Life insurance premium payment to State Farm,False
TXN001246,Customer_0170,checking,West,healthcare,LabCorp,1448.22,USD,2023-02-05T23:55:00,Lab work order from LabCorp,False
TXN001247,Customer_0269,checking,Southeast,shopping,Amazon,1699.78,USD,2023-04-13T00:22:00,Flash sale purchase at Amazon,False
TXN001248,Customer_0213,credit,West,dining,Panera Bread,510.29,USD,2023-05-18T19:51:00,"Lunch with the team at Panera Bread, celebrated Q3 results",False
TXN001249,Customer_0166,credit,Southwest,entertainment,Steam,4048.47,USD,2024-01-10T19:42:00,In-app purchase on Steam platform,False
TXN001250,Customer_0065,checking,Southwest,education,Chegg,3740.75,USD,2023-05-13T04:14:00,Chegg annual learning subscription,False
TXN001251,Customer_0116,savings,Southeast,dining,Panera Bread,3991.7,USD,2023-11-05T10:45:00,"Client dinner at Panera Bread, discussed Q4 roadmap",False
TXN001252,Customer_0390,checking,Midwest,rent,First Place Rentals,2599.37,USD,2024-03-08T11:42:00,Lease renewal fee at First Place Rentals,False
TXN001253,Customer_0094,checking,Southeast,groceries,Kroger,220.84,USD,2023-02-04T07:10:00,"Monthly bulk purchase at Kroger, household supplies",False
TXN001254,Customer_0322,credit,West,groceries,Aldi,2179.88,USD,2024-04-07T06:29:00,Quick stop at Aldi for produce and dairy,False
TXN001255,Customer_0264,savings,Midwest,insurance,Allstate,3353.6,USD,2023-07-10T08:21:00,Monthly Allstate auto insurance premium,False
TXN001256,Customer_0176,credit,Midwest,education,Barnes & Noble,2986.3,USD,2023-03-06T11:27:00,Textbook purchase at Barnes & Noble for continuing ed,False
TXN001257,Customer_0057,checking,Southwest,insurance,State Farm,1025.93,USD,2023-10-30T04:55:00,Monthly State Farm auto insurance premium,False
TXN001258,Customer_0444,credit,Southeast,education,Chegg,4429.48,USD,2024-02-12T16:12:00,Chegg annual learning subscription,False
TXN001259,Customer_0308,checking,Southwest,utilities,AT&T,3301.69,USD,2024-06-27T16:03:00,Monthly AT&T internet and cable bill,False
TXN001260,Customer_0086,savings,Southeast,healthcare,Urgent Care Now,3123.16,USD,2023-04-13T21:10:00,Prescription refill at Urgent Care Now,False
TXN001261,Customer_0313,savings,Southeast,rent,Urban Living Co,688.47,USD,2023-10-13T01:25:00,Lease renewal fee at Urban Living Co,False
TXN001262,Customer_0481,savings,Northeast,insurance,Allstate,2108.68,USD,2023-03-18T08:45:00,Allstate renters insurance quarterly payment,False
TXN001263,Customer_0031,savings,Southeast,entertainment,Spotify,2760.96,USD,2023-05-28T15:52:00,Movie tickets at Spotify — family outing,False
TXN001264,Customer_0100,checking,Midwest,utilities,National Grid,2909.15,USD,2023-03-14T07:17:00,Monthly National Grid internet and cable bill,False
TXN001265,Customer_0078,checking,West,shopping,Amazon,3329.75,USD,2023-05-26T21:17:00,Flash sale purchase at Amazon,False
TXN001266,Customer_0322,credit,West,groceries,Whole Foods,1403.67,USD,2023-08-26T21:28:00,"Monthly bulk purchase at Whole Foods, household supplies",False
TXN001267,Customer_0451,credit,Midwest,dining,Olive Garden,2747.11,USD,2023-10-06T01:24:00,Morning coffee and pastry at Olive Garden,False
TXN001268,Customer_0449,credit,West,entertainment,Netflix,2102.03,USD,2023-10-26T07:33:00,Movie tickets at Netflix — family outing,False
TXN001269,Customer_0254,credit,West,rent,First Place Rentals,1089.61,USD,2024-03-07T01:40:00,Security deposit — First Place Rentals,False
TXN001270,Customer_0342,savings,Midwest,entertainment,AMC Theaters,2882.99,USD,2023-03-27T00:06:00,In-app purchase on AMC Theaters platform,False
TXN001271,Customer_0341,savings,Northeast,education,Udemy,2229.92,USD,2024-05-14T17:38:00,Udemy annual learning subscription,False
TXN001272,Customer_0022,credit,Northeast,shopping,Zara,3917.42,USD,2023-04-11T18:06:00,Flash sale purchase at Zara,False
TXN001273,Customer_0216,savings,Northeast,utilities,ConEdison,3028.38,USD,2023-12-22T20:50:00,ConEdison wireless plan — family plan renewal,False
TXN001274,Customer_0413,credit,West,education,Barnes & Noble,172.56,USD,2023-01-27T06:36:00,Barnes & Noble annual learning subscription,False
TXN001275,Customer_0374,savings,Midwest,healthcare,CVS Pharmacy,4143.41,USD,2024-01-03T21:22:00,Annual physical copay at CVS Pharmacy,False
TXN001276,Customer_0358,credit,Midwest,utilities,ConEdison,3527.78,USD,2023-06-14T06:35:00,ConEdison electricity bill for the apartment,False
TXN001277,Customer_0418,checking,West,insurance,Progressive,1808.94,USD,2023-04-02T10:22:00,Life insurance premium payment to Progressive,False
TXN001278,Customer_0328,savings,Midwest,utilities,ConEdison,460.34,USD,2024-05-24T20:11:00,ConEdison electricity bill for the apartment,False
TXN001279,Customer_0225,savings,Southeast,utilities,ConEdison,2187.06,USD,2023-06-22T10:01:00,ConEdison wireless plan — family plan renewal,False
TXN001280,Customer_0388,credit,Southwest,rent,Metro Realty,3152.53,USD,2023-07-02T12:39:00,Lease renewal fee at Metro Realty,False
TXN001281,Customer_0340,savings,Midwest,utilities,AT&T,3203.94,USD,2023-05-30T22:21:00,Monthly AT&T internet and cable bill,False
TXN001282,Customer_0418,savings,Southwest,shopping,Target,470.8,USD,2023-03-26T10:14:00,In-store purchase at Target — seasonal wardrobe,False
TXN001283,Customer_0014,savings,Southeast,groceries,Trader Joe's,701.78,USD,2023-08-13T07:56:00,"Monthly bulk purchase at Trader Joe's, household supplies",False
TXN001284,Customer_0440,credit,West,utilities,Comcast Xfinity,1339.09,USD,2024-03-25T13:35:00,Monthly Comcast Xfinity internet and cable bill,False
TXN001285,Customer_0205,credit,Southwest,rent,Urban Living Co,841.33,USD,2024-02-01T23:16:00,Security deposit — Urban Living Co,False
TXN001286,Customer_0480,checking,Midwest,healthcare,LabCorp,1669.18,USD,2024-01-01T02:44:00,Annual physical copay at LabCorp,False
TXN001287,Customer_0402,credit,West,utilities,Verizon,583.8,USD,2023-11-18T03:51:00,Verizon wireless plan — family plan renewal,False
TXN001288,Customer_0421,checking,West,utilities,ConEdison,3161.14,USD,2023-10-03T18:53:00,ConEdison wireless plan — family plan renewal,False
TXN001289,Customer_0088,checking,Southwest,rent,Sunset Apartments,2661.83,USD,2024-04-04T17:41:00,Security deposit — Sunset Apartments,False
TXN001290,Customer_0034,credit,Midwest,healthcare,Blue Cross Premium,669.72,USD,2023-09-16T23:01:00,Lab work order from Blue Cross Premium,False
TXN001291,Customer_0203,checking,West,education,Chegg,3440.82,USD,2023-11-14T17:44:00,Chegg annual learning subscription,False
TXN001292,Customer_0209,checking,Southwest,healthcare,Walgreens,3593.88,USD,2023-11-19T00:39:00,Lab work order from Walgreens,False
TXN001293,Customer_0033,credit,West,healthcare,Urgent Care Now,3486.92,USD,2023-06-15T23:12:00,Prescription refill at Urgent Care Now,False
TXN001294,Customer_0374,checking,Midwest,rent,Urban Living Co,137.55,USD,2023-04-02T03:25:00,Monthly rent payment to Urban Living Co,False
TXN001295,Customer_0176,checking,Northeast,shopping,IKEA,3135.39,USD,2023-11-15T11:11:00,In-store purchase at IKEA — seasonal wardrobe,False
TXN001296,Customer_0117,savings,Northeast,entertainment,Steam,834.63,USD,2023-12-14T14:48:00,Steam monthly subscription auto-renewal,False
TXN001297,Customer_0350,savings,Northeast,entertainment,Netflix,278.75,USD,2023-06-22T00:33:00,Movie tickets at Netflix — family outing,True
TXN001298,Customer_0289,savings,Northeast,healthcare,Blue Cross Premium,129.3,USD,2023-06-26T06:40:00,Annual physical copay at Blue Cross Premium,False
TXN001299,Customer_0350,checking,Southwest,travel,Hertz,4391.11,USD,2024-01-19T18:11:00,Flight to Chicago via Hertz for annual conference,False
TXN001300,Customer_0319,checking,Southwest,travel,Hertz,3665.55,USD,2023-05-04T09:59:00,Flight to Chicago via Hertz for annual conference,False
TXN001301,Customer_0255,checking,Southwest,healthcare,Walgreens,2335.61,USD,2023-06-08T19:58:00,Lab work order from Walgreens,False
TXN001302,Customer_0343,credit,Northeast,education,Barnes & Noble,3529.36,USD,2023-12-13T07:23:00,Textbook purchase at Barnes & Noble for continuing ed,False
TXN001303,Customer_0246,credit,Southwest,education,Udemy,-491.26,USD,2023-04-12T16:05:00,Textbook purchase at Udemy for continuing ed,False
TXN001304,Customer_0202,credit,Southeast,healthcare,Urgent Care Now,2590.02,USD,2023-10-17T10:08:00,Lab work order from Urgent Care Now,False
TXN001305,Customer_0043,savings,Northeast,utilities,ConEdison,1921.3,USD,2024-05-18T03:20:00,ConEdison wireless plan — family plan renewal,False
TXN001306,Customer_0148,credit,Northeast,rent,Sunset Apartments,2241.78,USD,2024-06-24T01:12:00,Security deposit — Sunset Apartments,False
TXN001307,Customer_0329,savings,Northeast,entertainment,Apple iTunes,4051.74,USD,2023-01-29T01:19:00,Movie tickets at Apple iTunes — family outing,False
TXN001308,Customer_0223,credit,Southwest,healthcare,Urgent Care Now,3707.74,USD,2024-06-20T05:32:00,Prescription refill at Urgent Care Now,False
TXN001309,Customer_0114,credit,Midwest,groceries,Trader Joe's,2060.27,USD,2023-03-16T22:13:00,"Weekly grocery run at Trader Joe's, stocked up on essentials",False
TXN001310,Customer_0461,credit,Northeast,rent,First Place Rentals,208.33,USD,2023-10-25T00:57:00,Monthly rent payment to First Place Rentals,False
TXN001311,Customer_0429,savings,Northeast,healthcare,Walgreens,3720.44,USD,2023-06-09T04:38:00,Annual physical copay at Walgreens,False
TXN001312,Customer_0321,savings,Southeast,entertainment,Steam,2569.58,USD,2023-10-07T13:44:00,Movie tickets at Steam — family outing,True
TXN001313,Customer_0399,savings,Midwest,shopping,IKEA,3792.64,USD,2023-01-11T20:44:00,In-store purchase at IKEA — seasonal wardrobe,False
TXN001314,Customer_0059,checking,Southeast,education,Udemy,3104.3,USD,2024-05-15T02:11:00,Udemy annual learning subscription,False
TXN001315,Customer_0146,credit,Midwest,travel,Uber,3219.03,USD,2023-10-19T18:16:00,Car rental from Uber for client site visit,False
TXN001316,Customer_0255,checking,Southeast,dining,Panera Bread,4276.19,USD,2024-06-14T01:30:00,"Lunch with the team at Panera Bread, celebrated Q3 results",False
TXN001317,Customer_0391,credit,Northeast,dining,Starbucks,3749.76,USD,2023-09-05T13:39:00,"Lunch with the team at Starbucks, celebrated Q3 results",False
TXN001318,Customer_0258,checking,Southeast,travel,Airbnb,3462.22,USD,2023-11-22T01:36:00,Car rental from Airbnb for client site visit,True
TXN001319,Customer_0103,credit,Northeast,travel,Uber,4148.67,USD,2024-02-05T12:09:00,Hotel stay at Uber during product summit,False
TXN001320,Customer_0337,credit,West,insurance,Geico,831.91,USD,2023-01-26T14:04:00,Monthly Geico auto insurance premium,False
TXN001321,Customer_0494,savings,Northeast,rent,First Place Rentals,2508.05,USD,2023-04-25T21:04:00,Security deposit — First Place Rentals,False
TXN001322,Customer_0165,savings,Northeast,insurance,Geico,3243.57,USD,2023-05-27T03:43:00,Life insurance premium payment to Geico,False
TXN001323,Customer_0291,checking,Southeast,shopping,Amazon,267.59,USD,2023-02-06T18:34:00,Flash sale purchase at Amazon,False
TXN001324,Customer_0199,savings,Southeast,education,Barnes & Noble,1740.32,USD,2024-05-17T19:16:00,Barnes & Noble annual learning subscription,False
TXN001325,Customer_0115,checking,Midwest,education,Chegg,2046.73,USD,2023-06-28T12:16:00,Chegg course enrollment — data engineering,False
TXN001326,Customer_0236,savings,Southwest,healthcare,CVS Pharmacy,3625.5,USD,2023-08-21T12:08:00,Annual physical copay at CVS Pharmacy,False
TXN001327,Customer_0376,savings,West,healthcare,Walgreens,1898.03,USD,2024-02-02T14:23:00,Annual physical copay at Walgreens,False
TXN001328,Customer_0365,checking,Southwest,shopping,Target,2387.07,USD,2023-07-19T23:42:00,Flash sale purchase at Target,False
TXN001329,Customer_0192,credit,Midwest,healthcare,Blue Cross Premium,3881.66,USD,2023-08-07T12:09:00,Lab work order from Blue Cross Premium,False
TXN001330,Customer_0446,credit,West,insurance,Allstate,4071.52,USD,2023-02-22T06:13:00,Allstate renters insurance quarterly payment,False
TXN001331,Customer_0013,credit,Southeast,travel,Airbnb,1945.87,USD,2024-01-31T18:42:00,Car rental from Airbnb for client site visit,False
TXN001332,Customer_0102,checking,West,rent,Urban Living Co,1811.43,USD,2023-11-21T14:15:00,Lease renewal fee at Urban Living Co,False
TXN001333,Customer_0272,credit,Northeast,travel,Airbnb,2748.56,USD,2023-04-10T02:05:00,Hotel stay at Airbnb during product summit,True
TXN001334,Customer_0104,credit,Southeast,groceries,Walmart Grocery,1413.26,USD,2023-08-07T09:53:00,"Weekly grocery run at Walmart Grocery, stocked up on essentials",False
TXN001335,Customer_0174,credit,Southeast,rent,Metro Realty,4070.8,USD,2023-10-24T09:06:00,Lease renewal fee at Metro Realty,False
TXN001336,Customer_0317,savings,Southeast,travel,Marriott Hotels,1871.26,USD,2024-04-25T22:17:00,Flight to Chicago via Marriott Hotels for annual conference,False
TXN001337,Customer_0050,checking,Southeast,utilities,AT&T,4254.58,USD,2024-01-26T15:24:00,AT&T wireless plan — family plan renewal,False
TXN001338,Customer_0226,credit,Southwest,groceries,Aldi,4445.04,USD,2023-07-06T14:57:00,"Monthly bulk purchase at Aldi, household supplies",True
TXN001339,Customer_0454,savings,Northeast,education,Barnes & Noble,3985.79,USD,2023-07-01T04:39:00,Textbook purchase at Barnes & Noble for continuing ed,False
TXN001340,Customer_0343,checking,Midwest,shopping,Target,4468.07,USD,2023-10-27T22:50:00,Online order from Target — home office equipment,False
TXN001341,Customer_0319,credit,West,dining,The Cheesecake Factory,4426.15,USD,2023-06-23T11:54:00,Morning coffee and pastry at The Cheesecake Factory,False
TXN001342,Customer_0086,checking,Southeast,insurance,Progressive,-162.69,USD,2023-11-10T08:28:00,Life insurance premium payment to Progressive,False
TXN001343,Customer_0235,credit,Northeast,healthcare,CVS Pharmacy,3376.24,USD,2023-12-07T17:02:00,Annual physical copay at CVS Pharmacy,False
TXN001344,Customer_0103,savings,West,rent,Apartment LLC,2583.57,USD,2024-02-02T01:44:00,Lease renewal fee at Apartment LLC,False
TXN001345,Customer_0402,savings,West,shopping,Best Buy,3615.14,USD,2023-12-17T04:22:00,In-store purchase at Best Buy — seasonal wardrobe,False
TXN001346,Customer_0231,credit,Northeast,insurance,State Farm,1270.98,USD,2023-11-23T16:57:00,State Farm renters insurance quarterly payment,False
TXN001347,Customer_0079,credit,Southeast,travel,Delta Airlines,339.49,USD,2023-03-31T02:00:00,Flight to Chicago via Delta Airlines for annual conference,False
TXN001348,Customer_0447,savings,Midwest,healthcare,Urgent Care Now,707.32,USD,2023-04-19T19:07:00,Prescription refill at Urgent Care Now,False
TXN001349,Customer_0368,checking,Northeast,travel,Marriott Hotels,4169.9,USD,2024-03-19T21:14:00,Car rental from Marriott Hotels for client site visit,False
TXN001350,Customer_0419,checking,West,dining,Panera Bread,2816.41,USD,2023-07-10T15:18:00,"Client dinner at Panera Bread, discussed Q4 roadmap",False
TXN001351,Customer_0102,savings,Southeast,rent,Apartment LLC,-92.05,USD,2023-07-13T22:07:00,Security deposit — Apartment LLC,False
TXN001352,Customer_0117,checking,West,dining,Starbucks,3819.53,USD,2023-10-31T19:26:00,"Lunch with the team at Starbucks, celebrated Q3 results",False
TXN001353,Customer_0124,credit,Northeast,entertainment,Spotify,1133.02,USD,2023-09-15T09:48:00,In-app purchase on Spotify platform,False
TXN001354,Customer_0318,savings,Northeast,groceries,Whole Foods,1552.28,USD,2024-04-01T00:47:00,Quick stop at Whole Foods for produce and dairy,False
TXN001355,Customer_0492,checking,Southwest,healthcare,Urgent Care Now,3142.85,USD,2023-09-26T23:53:00,Annual physical copay at Urgent Care Now,False
TXN001356,Customer_0161,credit,Southeast,healthcare,Blue Cross Premium,2251.13,USD,2023-08-22T18:10:00,Annual physical copay at Blue Cross Premium,False
TXN001357,Customer_0408,savings,West,healthcare,Blue Cross Premium,3960.49,USD,2024-04-20T14:09:00,Annual physical copay at Blue Cross Premium,False
TXN001358,Customer_0196,credit,Southeast,shopping,IKEA,3930.76,USD,2024-02-14T11:00:00,Online order from IKEA — home office equipment,False
TXN001359,Customer_0009,savings,West,travel,Marriott Hotels,4257.46,USD,2023-06-03T08:21:00,Car rental from Marriott Hotels for client site visit,False
TXN001360,Customer_0282,savings,Southeast,education,Chegg,1369.33,USD,2023-07-14T15:38:00,Chegg course enrollment — data engineering,False
TXN001361,Customer_0181,checking,Northeast,shopping,IKEA,2195.6,USD,2023-11-28T22:30:00,Online order from IKEA — home office equipment,False
TXN001362,Customer_0214,savings,Northeast,travel,Marriott Hotels,4245.3,USD,2023-11-12T20:10:00,Car rental from Marriott Hotels for client site visit,False
TXN001363,Customer_0272,savings,Midwest,entertainment,Apple iTunes,2754.26,USD,2024-01-18T22:55:00,In-app purchase on Apple iTunes platform,False
TXN001364,Customer_0127,checking,Midwest,rent,Sunset Apartments,84.61,USD,2023-08-28T10:40:00,Monthly rent payment to Sunset Apartments,False
TXN001365,Customer_0358,checking,Southeast,education,MIT OpenCourseWare,1536.7,USD,2023-11-26T20:36:00,MIT OpenCourseWare annual learning subscription,False
TXN001366,Customer_0251,credit,West,utilities,Verizon,1070.4,USD,2023-01-20T10:32:00,Verizon wireless plan — family plan renewal,False
TXN001367,Customer_0237,credit,Midwest,shopping,Target,1450.84,USD,2023-03-10T14:24:00,Flash sale purchase at Target,False
TXN001368,Customer_0325,checking,Midwest,entertainment,Spotify,-127.06,USD,2023-12-31T19:30:00,In-app purchase on Spotify platform,False
TXN001369,Customer_0275,checking,Southeast,entertainment,AMC Theaters,4433.85,USD,2023-05-04T09:46:00,In-app purchase on AMC Theaters platform,False
TXN001370,Customer_0217,credit,Northeast,utilities,Verizon,1274.64,USD,2023-11-02T08:13:00,Verizon wireless plan — family plan renewal,False
TXN001371,Customer_0189,savings,Southeast,groceries,Whole Foods,2899.73,USD,2024-04-02T20:24:00,"Monthly bulk purchase at Whole Foods, household supplies",False
TXN001372,Customer_0142,checking,Southwest,rent,Sunset Apartments,489.31,USD,2024-04-09T09:10:00,Security deposit — Sunset Apartments,False
TXN001373,Customer_0245,savings,Southeast,healthcare,CVS Pharmacy,240.64,USD,2023-11-19T23:24:00,Prescription refill at CVS Pharmacy,False
TXN001374,Customer_0390,checking,Midwest,shopping,Best Buy,805.1,USD,2023-11-28T18:48:00,In-store purchase at Best Buy — seasonal wardrobe,False
TXN001375,Customer_0033,checking,Southeast,insurance,Geico,3229.13,USD,2023-06-05T03:33:00,Life insurance premium payment to Geico,False
TXN001376,Customer_0212,savings,Northeast,utilities,AT&T,4375.58,USD,2024-05-19T12:34:00,AT&T electricity bill for the apartment,False
TXN001377,Customer_0417,checking,West,shopping,IKEA,701.65,USD,2023-06-12T03:48:00,Flash sale purchase at IKEA,False
TXN001378,Customer_0013,checking,Southeast,entertainment,Spotify,259.03,USD,2024-05-05T01:02:00,Spotify monthly subscription auto-renewal,False
TXN001379,Customer_0388,credit,West,utilities,Comcast Xfinity,2255.12,USD,2023-01-20T16:48:00,Monthly Comcast Xfinity internet and cable bill,False
TXN001380,Customer_0019,checking,Southeast,groceries,Kroger,310.49,USD,2024-05-18T00:22:00,"Monthly bulk purchase at Kroger, household supplies",False
TXN001381,Customer_0109,checking,Southwest,rent,Metro Realty,4044.11,USD,2023-01-08T20:47:00,Lease renewal fee at Metro Realty,False
TXN001382,Customer_0104,credit,Midwest,entertainment,Apple iTunes,2301.4,USD,2023-12-09T06:20:00,In-app purchase on Apple iTunes platform,False
TXN001383,Customer_0334,credit,Southwest,shopping,Amazon,-303.67,USD,2024-02-20T06:11:00,Flash sale purchase at Amazon,False
TXN001384,Customer_0389,credit,Midwest,shopping,Amazon,4199.21,USD,2023-08-08T18:52:00,Flash sale purchase at Amazon,False
TXN001385,Customer_0453,savings,Southeast,education,Coursera,2819.4,USD,2024-06-07T00:19:00,Coursera annual learning subscription,True
TXN001386,Customer_0369,savings,West,travel,Uber,2250.67,USD,2024-02-05T19:48:00,Flight to Chicago via Uber for annual conference,False
TXN001387,Customer_0342,checking,Northeast,education,Chegg,2687.35,USD,2023-04-20T00:54:00,Chegg annual learning subscription,False
TXN001388,Customer_0196,credit,Southwest,groceries,Whole Foods,4186.07,USD,2023-06-13T03:03:00,Quick stop at Whole Foods for produce and dairy,False
TXN001389,Customer_0214,credit,Northeast,utilities,National Grid,3944.62,USD,2023-11-01T01:57:00,National Grid wireless plan — family plan renewal,False
TXN001390,Customer_0410,checking,Northeast,travel,Uber,4185.92,USD,2023-02-01T15:11:00,Hotel stay at Uber during product summit,True
TXN001391,Customer_0286,savings,Midwest,dining,Starbucks,3914.71,USD,2023-01-24T22:36:00,"Client dinner at Starbucks, discussed Q4 roadmap",False
TXN001392,Customer_0020,savings,West,travel,Marriott Hotels,1791.94,USD,2024-04-21T13:11:00,Flight to Chicago via Marriott Hotels for annual conference,False
TXN001393,Customer_0144,credit,Midwest,rent,Apartment LLC,288.23,USD,2024-05-05T06:51:00,Lease renewal fee at Apartment LLC,False
TXN001394,Customer_0333,checking,Southwest,entertainment,Spotify,3105.09,USD,2024-03-21T17:44:00,Spotify monthly subscription auto-renewal,False
TXN001395,Customer_0234,savings,Southwest,utilities,AT&T,1641.34,USD,2023-06-17T11:42:00,AT&T electricity bill for the apartment,False
TXN001396,Customer_0209,checking,Southwest,insurance,USAA,1446.6,USD,2024-02-16T11:29:00,Monthly USAA auto insurance premium,False
TXN001397,Customer_0278,savings,Midwest,entertainment,Spotify,3383.71,USD,2024-03-18T02:38:00,Movie tickets at Spotify — family outing,False
TXN001398,Customer_0277,credit,Southeast,travel,Uber,2906.36,USD,2023-02-13T10:32:00,Hotel stay at Uber during product summit,False
TXN001399,Customer_0082,credit,Southeast,travel,Hertz,2433.25,USD,2023-07-30T22:25:00,Hotel stay at Hertz during product summit,False
TXN001400,Customer_0295,checking,Midwest,shopping,Amazon,2450.27,USD,2023-06-18T23:14:00,Flash sale purchase at Amazon,False
TXN001401,Customer_0192,credit,West,healthcare,Blue Cross Premium,1468.07,USD,2024-06-19T21:52:00,Prescription refill at Blue Cross Premium,False
TXN001402,Customer_0055,checking,West,rent,Metro Realty,1838.95,USD,2023-06-09T22:57:00,Lease renewal fee at Metro Realty,False
TXN001403,Customer_0356,savings,Southeast,groceries,Aldi,2230.94,USD,2024-02-20T09:52:00,"Weekly grocery run at Aldi, stocked up on essentials",False
TXN001404,Customer_0107,checking,Northeast,dining,Starbucks,77.91,USD,2023-03-10T08:28:00,"Lunch with the team at Starbucks, celebrated Q3 results",False
TXN001405,Customer_0154,savings,West,shopping,Best Buy,1816.49,USD,2024-01-19T06:19:00,Flash sale purchase at Best Buy,False
TXN001406,Customer_0017,savings,Midwest,rent,Sunset Apartments,-248.21,USD,2023-12-26T00:16:00,Lease renewal fee at Sunset Apartments,False
TXN001407,Customer_0451,savings,West,shopping,Zara,1905.04,USD,2023-01-28T12:02:00,Online order from Zara — home office equipment,False
TXN001408,Customer_0371,credit,Northeast,dining,Panera Bread,2449.09,USD,2024-04-10T12:47:00,"Client dinner at Panera Bread, discussed Q4 roadmap",False
TXN001409,Customer_0361,savings,Southeast,rent,Sunset Apartments,1456.31,USD,2024-02-25T03:00:00,Monthly rent payment to Sunset Apartments,False
TXN001410,Customer_0238,savings,Southwest,rent,Apartment LLC,2002.71,USD,2024-02-02T17:41:00,Lease renewal fee at Apartment LLC,False
TXN001411,Customer_0462,savings,Midwest,entertainment,Apple iTunes,3143.48,USD,2023-06-16T01:18:00,Apple iTunes monthly subscription auto-renewal,False
TXN001412,Customer_0102,savings,West,shopping,Amazon,700.81,USD,2023-09-13T00:24:00,Flash sale purchase at Amazon,False
TXN001413,Customer_0444,credit,Southwest,travel,Airbnb,1363.73,USD,2024-05-20T07:45:00,Flight to Chicago via Airbnb for annual conference,False
TXN001414,Customer_0485,credit,Southwest,dining,Chipotle,630.73,USD,2023-01-25T14:31:00,"Lunch with the team at Chipotle, celebrated Q3 results",False
TXN001415,Customer_0326,credit,Northeast,shopping,Amazon,2365.66,USD,2024-03-04T15:02:00,Flash sale purchase at Amazon,False
TXN001416,Customer_0486,credit,Midwest,insurance,Allstate,297.96,USD,2024-05-01T12:32:00,Monthly Allstate auto insurance premium,False
TXN001417,Customer_0341,checking,West,travel,Delta Airlines,733.17,USD,2024-01-18T17:16:00,Flight to Chicago via Delta Airlines for annual conference,False
TXN001418,Customer_0154,checking,West,travel,Hertz,-105.21,USD,2023-01-12T11:03:00,Hotel stay at Hertz during product summit,False
TXN001419,Customer_0005,savings,Southeast,groceries,Whole Foods,2998.27,USD,2023-11-24T07:55:00,"Monthly bulk purchase at Whole Foods, household supplies",False
TXN001420,Customer_0051,checking,West,utilities,Comcast Xfinity,2139.04,USD,2023-03-14T04:42:00,Comcast Xfinity wireless plan — family plan renewal,False
TXN001421,Customer_0038,credit,Southeast,insurance,State Farm,2152.21,USD,2023-09-10T20:48:00,Monthly State Farm auto insurance premium,False
TXN001422,Customer_0022,savings,West,healthcare,Walgreens,1831.73,USD,2023-01-29T06:42:00,Annual physical copay at Walgreens,False
TXN001423,Customer_0384,checking,West,healthcare,Blue Cross Premium,2730.93,USD,2024-06-05T13:41:00,Annual physical copay at Blue Cross Premium,False
TXN001424,Customer_0039,savings,Southwest,travel,Marriott Hotels,2348.06,USD,2023-02-01T13:04:00,Car rental from Marriott Hotels for client site visit,False
TXN001425,Customer_0333,savings,Midwest,travel,Delta Airlines,1251.87,USD,2023-12-01T09:54:00,Hotel stay at Delta Airlines during product summit,False
TXN001426,Customer_0302,credit,Southwest,insurance,Allstate,3409.59,USD,2023-05-21T15:21:00,Allstate renters insurance quarterly payment,False
TXN001427,Customer_0129,credit,Midwest,education,MIT OpenCourseWare,2328.9,USD,2023-10-05T09:38:00,MIT OpenCourseWare annual learning subscription,False
TXN001428,Customer_0157,checking,Midwest,healthcare,LabCorp,2549.24,USD,2024-06-14T21:26:00,Prescription refill at LabCorp,False
TXN001429,Customer_0456,checking,Midwest,rent,Sunset Apartments,2967.7,USD,2023-07-14T21:43:00,Lease renewal fee at Sunset Apartments,False
TXN001430,Customer_0267,checking,Northeast,insurance,USAA,924.07,USD,2023-10-26T20:15:00,USAA renters insurance quarterly payment,False
TXN001431,Customer_0201,savings,Midwest,healthcare,Walgreens,3644.05,USD,2024-04-15T17:21:00,Lab work order from Walgreens,False
TXN001432,Customer_0282,savings,Northeast,rent,Apartment LLC,564.31,USD,2023-03-10T06:51:00,Security deposit — Apartment LLC,False
TXN001433,Customer_0291,savings,Southeast,education,Chegg,2628.21,USD,2023-09-30T01:27:00,Chegg annual learning subscription,False
TXN001434,Customer_0062,checking,Southeast,education,Barnes & Noble,2146.27,USD,2023-05-06T11:48:00,Barnes & Noble course enrollment — data engineering,False
TXN001435,Customer_0138,checking,Northeast,groceries,Whole Foods,1251.72,USD,2024-03-09T06:02:00,"Weekly grocery run at Whole Foods, stocked up on essentials",False
TXN001436,Customer_0369,savings,Midwest,rent,Apartment LLC,505.89,USD,2024-03-16T07:14:00,Monthly rent payment to Apartment LLC,False
TXN001437,Customer_0122,checking,Northeast,rent,First Place Rentals,4175.69,USD,2023-11-21T07:10:00,Security deposit — First Place Rentals,False
TXN001438,Customer_0047,credit,Southwest,shopping,Target,2775.25,USD,2023-10-04T15:07:00,Flash sale purchase at Target,False
TXN001439,Customer_0089,checking,Midwest,shopping,Target,2070.48,USD,2023-04-20T00:15:00,Online order from Target — home office equipment,False
TXN001440,Customer_0119,checking,Northeast,shopping,Zara,3823.91,USD,2024-02-23T22:28:00,Flash sale purchase at Zara,False
TXN001441,Customer_0106,credit,West,shopping,Zara,108.5,USD,2024-03-23T16:21:00,In-store purchase at Zara — seasonal wardrobe,False
TXN001442,Customer_0106,savings,Southeast,education,Barnes & Noble,1748.61,USD,2023-03-21T19:53:00,Barnes & Noble annual learning subscription,False
TXN001443,Customer_0208,savings,Southeast,shopping,Target,936.05,USD,2023-10-25T07:24:00,In-store purchase at Target — seasonal wardrobe,False
TXN001444,Customer_0358,checking,West,education,Coursera,4209.02,USD,2023-01-23T12:36:00,Coursera annual learning subscription,False
TXN001445,Customer_0218,checking,West,shopping,Amazon,1966.13,USD,2023-09-19T11:14:00,In-store purchase at Amazon — seasonal wardrobe,False
TXN001446,Customer_0331,credit,Southwest,entertainment,Steam,762.59,USD,2024-06-27T06:54:00,Steam monthly subscription auto-renewal,False
TXN001447,Customer_0469,checking,Northeast,shopping,Best Buy,3424.39,USD,2023-02-21T08:05:00,Online order from Best Buy — home office equipment,False
TXN001448,Customer_0143,checking,Southeast,entertainment,Steam,1322.72,USD,2024-02-24T09:10:00,Steam monthly subscription auto-renewal,False
TXN001449,Customer_0402,credit,Southeast,utilities,AT&T,239.4,USD,2023-10-23T17:30:00,AT&T wireless plan — family plan renewal,False
TXN001450,Customer_0365,checking,Northeast,travel,Marriott Hotels,3635.74,USD,2023-04-14T08:52:00,Flight to Chicago via Marriott Hotels for annual conference,False
TXN001451,Customer_0092,checking,Southwest,insurance,Geico,2492.71,USD,2023-07-11T07:50:00,Geico renters insurance quarterly payment,True
TXN001452,Customer_0459,checking,West,travel,Uber,3660.81,USD,2023-05-19T05:03:00,Car rental from Uber for client site visit,False
TXN001453,Customer_0143,savings,Southeast,travel,Marriott Hotels,3755.09,USD,2024-04-10T05:45:00,Car rental from Marriott Hotels for client site visit,False
TXN001454,Customer_0070,checking,Midwest,utilities,Comcast Xfinity,-491.51,USD,2024-04-16T16:51:00,Comcast Xfinity wireless plan — family plan renewal,False
TXN001455,Customer_0239,credit,Southwest,shopping,Zara,3269.43,USD,2023-12-29T19:36:00,Flash sale purchase at Zara,False
TXN001456,Customer_0440,savings,Southeast,shopping,Best Buy,4216.23,USD,2023-02-07T06:04:00,Flash sale purchase at Best Buy,False
TXN001457,Customer_0193,savings,Midwest,healthcare,LabCorp,2721.76,USD,2023-01-25T10:31:00,Prescription refill at LabCorp,False
TXN001458,Customer_0231,credit,Southeast,groceries,Trader Joe's,3488.95,USD,2023-11-06T12:15:00,Quick stop at Trader Joe's for produce and dairy,False
TXN001459,Customer_0239,savings,Southeast,utilities,National Grid,2193.06,USD,2024-04-19T04:26:00,National Grid electricity bill for the apartment,False
TXN001460,Customer_0028,savings,West,utilities,Comcast Xfinity,4152.75,USD,2024-01-31T20:55:00,Comcast Xfinity wireless plan — family plan renewal,False
TXN001461,Customer_0021,savings,Northeast,rent,Metro Realty,3695.82,USD,2023-12-27T10:12:00,Security deposit — Metro Realty,False
TXN001462,Customer_0365,credit,Midwest,insurance,State Farm,4464.49,USD,2023-03-03T00:32:00,Monthly State Farm auto insurance premium,False
TXN001463,Customer_0314,savings,Midwest,insurance,Progressive,2020.37,USD,2023-12-01T09:23:00,Monthly Progressive auto insurance premium,False
TXN001464,Customer_0222,credit,Northeast,insurance,USAA,3976.48,USD,2024-06-02T02:09:00,Monthly USAA auto insurance premium,False
TXN001465,Customer_0326,savings,Southeast,shopping,Best Buy,3215.65,USD,2023-05-26T06:05:00,Flash sale purchase at Best Buy,False
TXN001466,Customer_0489,checking,Southeast,entertainment,Steam,193.3,USD,2024-03-04T18:12:00,Steam monthly subscription auto-renewal,False
TXN001467,Customer_0108,checking,Northeast,travel,Airbnb,2559.0,USD,2023-06-17T01:16:00,Car rental from Airbnb for client site visit,False
TXN001468,Customer_0345,savings,Northeast,dining,Starbucks,4118.53,USD,2023-03-23T21:29:00,"Client dinner at Starbucks, discussed Q4 roadmap",False
TXN001469,Customer_0490,savings,Southwest,healthcare,Urgent Care Now,4407.66,USD,2023-12-05T20:42:00,Lab work order from Urgent Care Now,False
TXN001470,Customer_0399,checking,Southeast,travel,Hertz,3073.29,USD,2023-01-23T13:30:00,Car rental from Hertz for client site visit,False
TXN001471,Customer_0027,credit,Midwest,insurance,Progressive,4377.56,USD,2023-09-21T03:52:00,Progressive renters insurance quarterly payment,False
TXN001472,Customer_0051,credit,Southwest,utilities,Comcast Xfinity,2092.24,USD,2024-06-01T11:26:00,Monthly Comcast Xfinity internet and cable bill,False
TXN001473,Customer_0320,savings,Northeast,shopping,Zara,1349.38,USD,2023-11-18T01:27:00,In-store purchase at Zara — seasonal wardrobe,False
TXN001474,Customer_0061,savings,Southeast,shopping,Target,-469.11,USD,2024-05-13T15:59:00,In-store purchase at Target — seasonal wardrobe,False
TXN001475,Customer_0125,credit,Southeast,rent,Urban Living Co,1938.32,USD,2023-12-11T05:38:00,Security deposit — Urban Living Co,False
TXN001476,Customer_0005,checking,Southwest,shopping,Amazon,374.02,USD,2024-03-14T15:57:00,Online order from Amazon — home office equipment,False
TXN001477,Customer_0432,savings,Midwest,travel,Delta Airlines,-149.25,USD,2023-03-31T01:10:00,Flight to Chicago via Delta Airlines for annual conference,False
TXN001478,Customer_0021,credit,Northeast,healthcare,CVS Pharmacy,4483.44,USD,2023-07-16T05:57:00,Prescription refill at CVS Pharmacy,False
TXN001479,Customer_0270,checking,Southwest,education,Coursera,2672.2,USD,2023-10-19T04:04:00,Textbook purchase at Coursera for continuing ed,False
TXN001480,Customer_0255,credit,Southeast,entertainment,Spotify,3493.46,USD,2023-10-18T01:25:00,Movie tickets at Spotify — family outing,False
TXN001481,Customer_0151,credit,West,travel,Airbnb,1617.59,USD,2024-03-04T07:50:00,Hotel stay at Airbnb during product summit,False
TXN001482,Customer_0080,checking,Northeast,entertainment,AMC Theaters,1086.86,USD,2023-03-02T18:56:00,AMC Theaters monthly subscription auto-renewal,False
TXN001483,Customer_0395,savings,Midwest,dining,Panera Bread,676.22,USD,2023-09-02T22:30:00,"Lunch with the team at Panera Bread, celebrated Q3 results",False
TXN001484,Customer_0108,savings,Northeast,dining,Olive Garden,2646.58,USD,2024-01-08T05:25:00,Morning coffee and pastry at Olive Garden,False
TXN001485,Customer_0200,checking,West,dining,Chipotle,3785.84,USD,2024-04-19T21:25:00,"Lunch with the team at Chipotle, celebrated Q3 results",False
TXN001486,Customer_0363,savings,Midwest,healthcare,Blue Cross Premium,3671.94,USD,2023-07-08T00:55:00,Prescription refill at Blue Cross Premium,False
TXN001487,Customer_0076,checking,Southeast,entertainment,Steam,2193.59,USD,2023-09-03T16:38:00,Steam monthly subscription auto-renewal,False
TXN001488,Customer_0185,credit,Midwest,entertainment,Spotify,-9.57,USD,2024-01-17T10:00:00,Movie tickets at Spotify — family outing,False
TXN001489,Customer_0440,credit,Southwest,insurance,State Farm,669.39,USD,2023-10-08T16:25:00,Monthly State Farm auto insurance premium,False
TXN001490,Customer_0375,checking,West,rent,First Place Rentals,888.99,USD,2023-10-25T17:48:00,Lease renewal fee at First Place Rentals,False
TXN001491,Customer_0406,checking,West,entertainment,AMC Theaters,1835.98,USD,2024-03-03T14:58:00,AMC Theaters monthly subscription auto-renewal,False
TXN001492,Customer_0136,savings,Northeast,rent,Urban Living Co,3757.44,USD,2023-08-23T21:57:00,Security deposit — Urban Living Co,False
TXN001493,Customer_0231,checking,West,shopping,Best Buy,-476.24,USD,2023-01-03T13:03:00,Online order from Best Buy — home office equipment,False
TXN001494,Customer_0376,credit,Midwest,entertainment,Apple iTunes,-434.93,USD,2023-02-22T15:37:00,Movie tickets at Apple iTunes — family outing,False
TXN001495,Customer_0200,credit,Midwest,insurance,Progressive,3849.28,USD,2023-07-01T17:41:00,Monthly Progressive auto insurance premium,False
TXN001496,Customer_0011,checking,Southeast,shopping,Amazon,2912.56,USD,2023-09-22T05:42:00,In-store purchase at Amazon — seasonal wardrobe,False
TXN001497,Customer_0084,savings,Northeast,entertainment,Steam,4077.27,USD,2023-10-23T09:34:00,Steam monthly subscription auto-renewal,False
TXN001498,Customer_0002,checking,Northeast,dining,Chipotle,3930.13,USD,2023-10-04T05:07:00,"Lunch with the team at Chipotle, celebrated Q3 results",False
TXN001499,Customer_0239,credit,Northeast,healthcare,CVS Pharmacy,3448.17,USD,2024-05-07T21:39:00,Lab work order from CVS Pharmacy,False
TXN001500,Customer_0097,credit,Midwest,dining,The Cheesecake Factory,1592.81,USD,2023-01-19T19:51:00,"Lunch with the team at The Cheesecake Factory, celebrated Q3 results",False
TXN001501,Customer_0418,credit,Southwest,dining,Chipotle,660.43,USD,2023-07-18T15:59:00,"Lunch with the team at Chipotle, celebrated Q3 results",False
TXN001502,Customer_0222,checking,Southwest,healthcare,CVS Pharmacy,3841.51,USD,2024-02-17T06:10:00,Annual physical copay at CVS Pharmacy,False
TXN001503,Customer_0382,checking,West,education,Barnes & Noble,3139.61,USD,2024-04-13T12:20:00,Barnes & Noble annual learning subscription,False
TXN001504,Customer_0341,savings,Midwest,utilities,AT&T,-180.93,USD,2024-03-01T23:53:00,Monthly AT&T internet and cable bill,True
TXN001505,Customer_0267,credit,Northeast,healthcare,Blue Cross Premium,607.69,USD,2023-05-20T15:31:00,Prescription refill at Blue Cross Premium,False
TXN001506,Customer_0163,checking,Midwest,insurance,Progressive,-418.44,USD,2024-03-11T09:02:00,Monthly Progressive auto insurance premium,False
TXN001507,Customer_0133,savings,Southeast,groceries,Walmart Grocery,4338.53,USD,2023-10-15T10:54:00,"Monthly bulk purchase at Walmart Grocery, household supplies",False
TXN001508,Customer_0154,savings,Northeast,dining,Olive Garden,342.63,USD,2023-01-27T09:20:00,"Client dinner at Olive Garden, discussed Q4 roadmap",False
TXN001509,Customer_0186,checking,Northeast,dining,Starbucks,2715.06,USD,2023-09-28T10:20:00,Morning coffee and pastry at Starbucks,False
TXN001510,Customer_0026,savings,Midwest,travel,Hertz,2622.12,USD,2023-03-23T22:35:00,Flight to Chicago via Hertz for annual conference,False
TXN001511,Customer_0207,checking,Midwest,insurance,Progressive,2962.26,USD,2024-03-06T02:42:00,Life insurance premium payment to Progressive,False
TXN001512,Customer_0003,checking,West,groceries,Trader Joe's,428.95,USD,2023-02-13T15:51:00,"Weekly grocery run at Trader Joe's, stocked up on essentials",False
TXN001513,Customer_0459,checking,Northeast,insurance,Geico,718.84,USD,2023-12-09T05:11:00,Geico renters insurance quarterly payment,False
TXN001514,Customer_0374,credit,Southeast,rent,Apartment LLC,3656.06,USD,2023-06-23T23:52:00,Lease renewal fee at Apartment LLC,False
TXN001515,Customer_0140,credit,Southeast,insurance,State Farm,28.76,USD,2024-05-19T17:15:00,State Farm renters insurance quarterly payment,False
TXN001516,Customer_0150,savings,Southeast,utilities,Verizon,1751.04,USD,2024-02-19T18:26:00,Verizon wireless plan — family plan renewal,False
TXN001517,Customer_0362,savings,Midwest,entertainment,AMC Theaters,2775.65,USD,2024-05-24T00:07:00,AMC Theaters monthly subscription auto-renewal,False
TXN001518,Customer_0329,credit,Northeast,utilities,ConEdison,581.22,USD,2023-09-12T04:45:00,ConEdison wireless plan — family plan renewal,False
TXN001519,Customer_0495,checking,Midwest,utilities,AT&T,329.54,USD,2023-04-26T18:00:00,AT&T wireless plan — family plan renewal,False
TXN001520,Customer_0074,checking,Northeast,dining,Chipotle,485.76,USD,2024-01-13T10:26:00,"Client dinner at Chipotle, discussed Q4 roadmap",False
TXN001521,Customer_0075,checking,West,insurance,Progressive,2985.72,USD,2023-12-28T06:55:00,Progressive renters insurance quarterly payment,False
TXN001522,Customer_0130,checking,West,utilities,National Grid,4271.4,USD,2024-04-19T05:03:00,National Grid electricity bill for the apartment,False
TXN001523,Customer_0452,savings,Southeast,groceries,Kroger,1304.38,USD,2023-10-18T08:11:00,"Monthly bulk purchase at Kroger, household supplies",False
TXN001524,Customer_0156,credit,Southeast,groceries,Kroger,298.5,USD,2024-04-05T06:44:00,"Monthly bulk purchase at Kroger, household supplies",False
TXN001525,Customer_0464,checking,Northeast,education,Chegg,726.26,USD,2023-08-29T20:31:00,Textbook purchase at Chegg for continuing ed,False
TXN001526,Customer_0370,savings,Southwest,insurance,USAA,4203.22,USD,2023-09-18T22:06:00,Life insurance premium payment to USAA,False
TXN001527,Customer_0491,checking,Southeast,insurance,Progressive,1819.7,USD,2023-10-17T08:51:00,Life insurance premium payment to Progressive,False
TXN001528,Customer_0094,credit,West,insurance,USAA,3596.48,USD,2024-06-25T00:09:00,Life insurance premium payment to USAA,False
TXN001529,Customer_0056,credit,Midwest,healthcare,Urgent Care Now,-100.74,USD,2024-03-11T08:44:00,Annual physical copay at Urgent Care Now,False
TXN001530,Customer_0309,credit,Southwest,rent,Urban Living Co,1811.78,USD,2024-01-01T03:24:00,Lease renewal fee at Urban Living Co,False
TXN001531,Customer_0242,checking,Southwest,utilities,Comcast Xfinity,210.89,USD,2023-12-08T15:14:00,Comcast Xfinity electricity bill for the apartment,False
TXN001532,Customer_0071,checking,West,insurance,Geico,347.83,USD,2023-02-14T06:29:00,Life insurance premium payment to Geico,False
TXN001533,Customer_0368,checking,Southeast,dining,Chipotle,4454.04,USD,2023-08-08T06:23:00,Morning coffee and pastry at Chipotle,False
TXN001534,Customer_0330,credit,West,entertainment,Netflix,1844.08,USD,2023-08-03T02:21:00,Movie tickets at Netflix — family outing,False
TXN001535,Customer_0275,credit,Southeast,rent,Apartment LLC,3625.34,USD,2023-02-15T15:44:00,Monthly rent payment to Apartment LLC,False
TXN001536,Customer_0211,savings,Northeast,travel,Delta Airlines,3677.71,USD,2023-04-01T16:37:00,Hotel stay at Delta Airlines during product summit,False
TXN001537,Customer_0183,savings,Southwest,rent,Metro Realty,1924.84,USD,2023-06-18T00:47:00,Monthly rent payment to Metro Realty,False
TXN001538,Customer_0081,checking,Northeast,rent,Apartment LLC,1242.28,USD,2023-07-03T06:52:00,Lease renewal fee at Apartment LLC,False
TXN001539,Customer_0317,checking,Northeast,travel,Uber,280.43,USD,2023-05-01T23:58:00,Hotel stay at Uber during product summit,False
TXN001540,Customer_0427,checking,West,healthcare,LabCorp,1946.04,USD,2024-01-23T00:10:00,Lab work order from LabCorp,False
TXN001541,Customer_0044,checking,Southeast,insurance,State Farm,3793.87,USD,2023-03-16T04:26:00,Life insurance premium payment to State Farm,False
TXN001542,Customer_0453,credit,Southwest,utilities,Comcast Xfinity,3213.07,USD,2023-12-04T14:10:00,Comcast Xfinity electricity bill for the apartment,False
TXN001543,Customer_0218,checking,Southwest,rent,First Place Rentals,2554.98,USD,2024-03-31T08:20:00,Lease renewal fee at First Place Rentals,False
TXN001544,Customer_0275,savings,Northeast,utilities,AT&T,1829.14,USD,2023-04-29T22:08:00,Monthly AT&T internet and cable bill,False
TXN001545,Customer_0333,credit,Southeast,utilities,Verizon,2522.49,USD,2023-02-24T16:11:00,Monthly Verizon internet and cable bill,False
TXN001546,Customer_0311,credit,Northeast,utilities,Comcast Xfinity,4086.47,USD,2023-09-05T17:35:00,Monthly Comcast Xfinity internet and cable bill,False
TXN001547,Customer_0070,checking,Northeast,insurance,USAA,1172.16,USD,2024-03-13T15:54:00,Monthly USAA auto insurance premium,False
TXN001548,Customer_0320,savings,Northeast,travel,Marriott Hotels,2864.94,USD,2024-03-08T23:40:00,Car rental from Marriott Hotels for client site visit,False
TXN001549,Customer_0173,checking,Northeast,healthcare,Blue Cross Premium,3067.62,USD,2023-01-12T00:49:00,Prescription refill at Blue Cross Premium,False
TXN001550,Customer_0414,credit,Southwest,groceries,Whole Foods,1454.62,USD,2023-03-25T02:44:00,"Weekly grocery run at Whole Foods, stocked up on essentials",False
TXN001551,Customer_0496,credit,Northeast,dining,Panera Bread,-317.27,USD,2023-06-03T11:20:00,Morning coffee and pastry at Panera Bread,False
TXN001552,Customer_0082,checking,Southwest,dining,Olive Garden,1307.93,USD,2023-06-01T19:42:00,Morning coffee and pastry at Olive Garden,False
TXN001553,Customer_0078,checking,Midwest,education,MIT OpenCourseWare,2352.39,USD,2024-05-28T19:50:00,Textbook purchase at MIT OpenCourseWare for continuing ed,False
TXN001554,Customer_0023,credit,Northeast,shopping,IKEA,2284.61,USD,2023-01-03T21:16:00,Online order from IKEA — home office equipment,False
TXN001555,Customer_0265,savings,Southwest,shopping,Best Buy,1539.99,USD,2023-06-03T12:24:00,Flash sale purchase at Best Buy,False
TXN001556,Customer_0165,savings,Northeast,utilities,National Grid,3590.66,USD,2024-01-10T09:52:00,Monthly National Grid internet and cable bill,False
TXN001557,Customer_0321,savings,Northeast,rent,Sunset Apartments,193.22,USD,2024-02-21T06:15:00,Lease renewal fee at Sunset Apartments,False
TXN001558,Customer_0009,credit,Southwest,rent,First Place Rentals,2783.32,USD,2023-07-09T04:04:00,Security deposit — First Place Rentals,False
TXN001559,Customer_0456,credit,Southwest,groceries,Whole Foods,1141.4,USD,2023-01-06T08:40:00,Quick stop at Whole Foods for produce and dairy,False
TXN001560,Customer_0265,checking,West,travel,Hertz,2245.52,USD,2023-07-12T16:41:00,Hotel stay at Hertz during product summit,False
TXN001561,Customer_0205,credit,Midwest,entertainment,Spotify,3030.13,USD,2023-06-24T16:36:00,Spotify monthly subscription auto-renewal,False
TXN001562,Customer_0215,credit,Southeast,entertainment,Steam,717.87,USD,2024-01-13T23:46:00,In-app purchase on Steam platform,False
TXN001563,Customer_0043,savings,Northeast,shopping,Target,1396.58,USD,2024-02-04T09:40:00,Online order from Target — home office equipment,False
TXN001564,Customer_0118,credit,Midwest,healthcare,LabCorp,-204.62,USD,2023-12-15T17:43:00,Annual physical copay at LabCorp,False
TXN001565,Customer_0211,savings,Midwest,utilities,AT&T,385.31,USD,2024-06-09T18:52:00,AT&T wireless plan — family plan renewal,False
TXN001566,Customer_0358,credit,Southwest,groceries,Trader Joe's,494.8,USD,2023-07-02T08:21:00,"Monthly bulk purchase at Trader Joe's, household supplies",False
TXN001567,Customer_0353,savings,Northeast,travel,Airbnb,3743.73,USD,2023-10-24T21:40:00,Car rental from Airbnb for client site visit,False
TXN001568,Customer_0392,savings,Southeast,entertainment,Spotify,4124.6,USD,2024-06-22T08:37:00,Spotify monthly subscription auto-renewal,False
TXN001569,Customer_0053,checking,Northeast,dining,Panera Bread,1002.35,USD,2024-04-10T16:29:00,Morning coffee and pastry at Panera Bread,False
TXN001570,Customer_0304,checking,Southeast,dining,Olive Garden,2731.02,USD,2024-05-19T06:08:00,"Lunch with the team at Olive Garden, celebrated Q3 results",False
TXN001571,Customer_0371,checking,Northeast,healthcare,Walgreens,3971.31,USD,2024-06-01T15:48:00,Prescription refill at Walgreens,False
TXN001572,Customer_0399,credit,Southwest,shopping,Amazon,4323.53,USD,2023-01-09T00:58:00,In-store purchase at Amazon — seasonal wardrobe,False
TXN001573,Customer_0058,credit,Southeast,groceries,Whole Foods,484.82,USD,2024-06-20T00:15:00,"Monthly bulk purchase at Whole Foods, household supplies",False
TXN001574,Customer_0146,credit,Northeast,healthcare,Blue Cross Premium,3164.26,USD,2024-03-01T00:56:00,Lab work order from Blue Cross Premium,False
TXN001575,Customer_0454,checking,Northeast,utilities,National Grid,2745.79,USD,2023-11-15T19:04:00,National Grid electricity bill for the apartment,False
TXN001576,Customer_0119,savings,Southwest,insurance,USAA,494.31,USD,2024-05-03T10:53:00,USAA renters insurance quarterly payment,True
TXN001577,Customer_0483,checking,Southwest,travel,Airbnb,771.85,USD,2024-06-01T04:04:00,Flight to Chicago via Airbnb for annual conference,False
TXN001578,Customer_0479,checking,Midwest,entertainment,AMC Theaters,1885.12,USD,2023-05-14T16:34:00,In-app purchase on AMC Theaters platform,False
TXN001579,Customer_0122,savings,West,groceries,Walmart Grocery,100.54,USD,2024-03-14T13:50:00,"Monthly bulk purchase at Walmart Grocery, household supplies",False
TXN001580,Customer_0434,checking,Northeast,insurance,Geico,3359.81,USD,2023-07-17T01:33:00,Monthly Geico auto insurance premium,False
TXN001581,Customer_0447,checking,West,healthcare,Blue Cross Premium,3981.01,USD,2023-06-07T21:29:00,Annual physical copay at Blue Cross Premium,False
TXN001582,Customer_0175,savings,Northeast,utilities,AT&T,3455.34,USD,2024-03-16T16:35:00,Monthly AT&T internet and cable bill,False
TXN001583,Customer_0391,credit,Southeast,rent,Apartment LLC,2820.57,USD,2023-08-04T16:53:00,Security deposit — Apartment LLC,False
TXN001584,Customer_0407,credit,West,groceries,Whole Foods,1371.51,USD,2023-07-18T10:19:00,"Weekly grocery run at Whole Foods, stocked up on essentials",False
TXN001585,Customer_0331,savings,Southwest,insurance,USAA,1836.52,USD,2023-05-08T01:06:00,Monthly USAA auto insurance premium,False
TXN001586,Customer_0290,credit,Northeast,education,Coursera,3701.04,USD,2023-10-24T09:36:00,Coursera annual learning subscription,False
TXN001587,Customer_0388,credit,Southwest,groceries,Kroger,2625.13,USD,2024-03-06T19:36:00,Quick stop at Kroger for produce and dairy,False
TXN001588,Customer_0374,credit,West,entertainment,Apple iTunes,2722.95,USD,2023-04-02T16:18:00,Movie tickets at Apple iTunes — family outing,False
TXN001589,Customer_0076,savings,Southwest,healthcare,Urgent Care Now,2867.31,USD,2023-04-16T09:01:00,Annual physical copay at Urgent Care Now,False
TXN001590,Customer_0489,checking,Southeast,entertainment,Apple iTunes,3566.38,USD,2023-04-21T05:53:00,Movie tickets at Apple iTunes — family outing,False
TXN001591,Customer_0289,credit,Northeast,utilities,ConEdison,3494.33,USD,2024-02-22T19:44:00,Monthly ConEdison internet and cable bill,True
TXN001592,Customer_0392,savings,Northeast,insurance,Allstate,1793.98,USD,2024-03-28T05:47:00,Monthly Allstate auto insurance premium,False
TXN001593,Customer_0340,credit,Midwest,insurance,State Farm,2732.26,USD,2023-09-07T16:08:00,Life insurance premium payment to State Farm,False
TXN001594,Customer_0492,savings,Northeast,insurance,Geico,3726.92,USD,2023-05-26T22:36:00,Geico renters insurance quarterly payment,False
TXN001595,Customer_0208,credit,Midwest,healthcare,CVS Pharmacy,3621.61,USD,2023-05-31T13:42:00,Lab work order from CVS Pharmacy,False
TXN001596,Customer_0038,checking,Northeast,insurance,Allstate,1705.44,USD,2024-05-08T13:06:00,Life insurance premium payment to Allstate,False
TXN001597,Customer_0473,checking,Midwest,travel,Marriott Hotels,1415.06,USD,2023-07-16T08:25:00,Car rental from Marriott Hotels for client site visit,False
TXN001598,Customer_0461,checking,Northeast,utilities,Verizon,3824.69,USD,2023-06-18T15:48:00,Verizon electricity bill for the apartment,False
TXN001599,Customer_0200,checking,Northeast,groceries,Aldi,2703.76,USD,2023-04-30T12:32:00,Quick stop at Aldi for produce and dairy,False
TXN001600,Customer_0438,checking,Northeast,dining,Starbucks,1510.11,USD,2023-03-09T12:33:00,Morning coffee and pastry at Starbucks,False
TXN001601,Customer_0378,savings,Northeast,entertainment,Netflix,2836.23,USD,2024-04-09T13:49:00,In-app purchase on Netflix platform,False
TXN001602,Customer_0322,checking,Northeast,insurance,State Farm,4272.66,USD,2024-01-13T07:40:00,Life insurance premium payment to State Farm,False
TXN001603,Customer_0084,checking,West,groceries,Kroger,1994.91,USD,2023-05-24T23:25:00,Quick stop at Kroger for produce and dairy,False
TXN001604,Customer_0382,savings,West,shopping,Target,-400.34,USD,2024-01-29T01:10:00,Flash sale purchase at Target,False
TXN001605,Customer_0346,credit,Midwest,rent,Apartment LLC,107.19,USD,2023-03-10T06:12:00,Security deposit — Apartment LLC,False
TXN001606,Customer_0367,checking,Southeast,utilities,AT&T,4294.1,USD,2023-12-20T12:06:00,Monthly AT&T internet and cable bill,False
TXN001607,Customer_0465,checking,Northeast,dining,Panera Bread,926.1,USD,2023-03-22T19:10:00,"Lunch with the team at Panera Bread, celebrated Q3 results",True
TXN001608,Customer_0343,savings,Southeast,dining,Starbucks,1074.69,USD,2024-04-23T15:34:00,"Client dinner at Starbucks, discussed Q4 roadmap",False
TXN001609,Customer_0457,credit,Southwest,healthcare,Blue Cross Premium,860.79,USD,2023-10-31T09:16:00,Prescription refill at Blue Cross Premium,False
TXN001610,Customer_0151,credit,Northeast,travel,Hertz,219.8,USD,2023-04-07T13:17:00,Hotel stay at Hertz during product summit,False
TXN001611,Customer_0053,savings,West,groceries,Trader Joe's,925.98,USD,2023-04-21T04:57:00,Quick stop at Trader Joe's for produce and dairy,False
TXN001612,Customer_0427,checking,Northeast,education,Barnes & Noble,4118.69,USD,2024-05-18T18:34:00,Barnes & Noble course enrollment — data engineering,False
TXN001613,Customer_0088,credit,Southwest,dining,Starbucks,2339.81,USD,2023-12-15T23:53:00,"Client dinner at Starbucks, discussed Q4 roadmap",False
TXN001614,Customer_0119,credit,Southeast,rent,Sunset Apartments,3411.66,USD,2023-04-28T16:11:00,Monthly rent payment to Sunset Apartments,False
TXN001615,Customer_0231,credit,Northeast,healthcare,Blue Cross Premium,1526.43,USD,2024-05-19T22:37:00,Prescription refill at Blue Cross Premium,False
TXN001616,Customer_0245,credit,Northeast,shopping,IKEA,4172.34,USD,2024-02-17T15:15:00,Flash sale purchase at IKEA,False
TXN001617,Customer_0044,credit,Southeast,insurance,State Farm,-272.61,USD,2023-07-04T07:40:00,Monthly State Farm auto insurance premium,False
TXN001618,Customer_0008,savings,Southwest,travel,Delta Airlines,3055.97,USD,2024-04-03T03:43:00,Hotel stay at Delta Airlines during product summit,False
TXN001619,Customer_0480,checking,Northeast,rent,Urban Living Co,332.52,USD,2023-05-23T10:36:00,Lease renewal fee at Urban Living Co,False
TXN001620,Customer_0350,savings,Southeast,education,Barnes & Noble,2511.08,USD,2024-03-16T19:38:00,Barnes & Noble course enrollment — data engineering,False
TXN001621,Customer_0436,savings,Northeast,insurance,Geico,575.3,USD,2023-08-24T21:53:00,Monthly Geico auto insurance premium,False
TXN001622,Customer_0153,credit,Midwest,rent,Metro Realty,4360.95,USD,2024-06-08T17:40:00,Lease renewal fee at Metro Realty,False
TXN001623,Customer_0235,checking,West,dining,The Cheesecake Factory,2036.13,USD,2023-04-04T11:59:00,"Client dinner at The Cheesecake Factory, discussed Q4 roadmap",False
TXN001624,Customer_0394,credit,Southeast,insurance,Allstate,1760.28,USD,2023-01-27T19:28:00,Allstate renters insurance quarterly payment,False
TXN001625,Customer_0237,savings,Southwest,dining,Olive Garden,3238.74,USD,2024-06-28T15:24:00,"Lunch with the team at Olive Garden, celebrated Q3 results",False
TXN001626,Customer_0079,checking,Midwest,rent,First Place Rentals,2278.6,USD,2024-06-12T18:12:00,Security deposit — First Place Rentals,False
TXN001627,Customer_0350,credit,Southeast,groceries,Aldi,-323.56,USD,2024-01-13T01:44:00,Quick stop at Aldi for produce and dairy,False
TXN001628,Customer_0352,savings,Southwest,groceries,Walmart Grocery,1717.32,USD,2023-02-09T00:43:00,Quick stop at Walmart Grocery for produce and dairy,False
TXN001629,Customer_0192,savings,Midwest,entertainment,Apple iTunes,3503.81,USD,2023-07-06T16:25:00,Apple iTunes monthly subscription auto-renewal,False
TXN001630,Customer_0151,checking,Southeast,shopping,Target,1591.82,USD,2023-05-17T21:34:00,Online order from Target — home office equipment,False
TXN001631,Customer_0492,credit,Northeast,entertainment,Steam,3898.98,USD,2023-12-15T12:10:00,Steam monthly subscription auto-renewal,False
TXN001632,Customer_0478,savings,Southeast,healthcare,Walgreens,3427.93,USD,2023-12-18T12:10:00,Lab work order from Walgreens,False
TXN001633,Customer_0176,credit,Southwest,travel,Airbnb,1001.33,USD,2024-01-14T03:14:00,Car rental from Airbnb for client site visit,False
TXN001634,Customer_0014,credit,West,insurance,Geico,3199.22,USD,2024-06-15T08:24:00,Life insurance premium payment to Geico,False
TXN001635,Customer_0396,credit,Midwest,insurance,Progressive,2746.43,USD,2023-09-25T07:00:00,Monthly Progressive auto insurance premium,False
TXN001636,Customer_0039,checking,West,rent,Apartment LLC,4022.93,USD,2024-05-10T05:03:00,Lease renewal fee at Apartment LLC,False
TXN001637,Customer_0108,savings,Midwest,healthcare,Urgent Care Now,-420.09,USD,2023-04-01T10:18:00,Prescription refill at Urgent Care Now,False
TXN001638,Customer_0188,credit,Southeast,healthcare,LabCorp,486.96,USD,2024-03-05T15:46:00,Prescription refill at LabCorp,False
TXN001639,Customer_0163,checking,Northeast,insurance,Geico,3595.62,USD,2023-09-30T04:44:00,Monthly Geico auto insurance premium,False
TXN001640,Customer_0234,savings,Southwest,dining,The Cheesecake Factory,163.19,USD,2024-06-25T03:44:00,"Lunch with the team at The Cheesecake Factory, celebrated Q3 results",False
TXN001641,Customer_0388,savings,Northeast,education,Barnes & Noble,2724.8,USD,2023-10-06T11:08:00,Barnes & Noble course enrollment — data engineering,False
TXN001642,Customer_0084,checking,Midwest,insurance,USAA,3854.76,USD,2024-03-14T13:03:00,Life insurance premium payment to USAA,False
TXN001643,Customer_0227,savings,Midwest,rent,First Place Rentals,3566.37,USD,2023-06-21T04:31:00,Security deposit — First Place Rentals,False
TXN001644,Customer_0324,savings,Southwest,insurance,Progressive,4019.8,USD,2024-03-08T11:50:00,Life insurance premium payment to Progressive,False
TXN001645,Customer_0315,checking,Northeast,rent,Metro Realty,2261.63,USD,2024-03-14T10:01:00,Monthly rent payment to Metro Realty,False
TXN001646,Customer_0328,checking,Southwest,groceries,Whole Foods,705.96,USD,2023-08-26T02:15:00,"Weekly grocery run at Whole Foods, stocked up on essentials",False
TXN001647,Customer_0018,credit,Southeast,dining,The Cheesecake Factory,-173.27,USD,2024-03-11T17:47:00,"Client dinner at The Cheesecake Factory, discussed Q4 roadmap",False
TXN001648,Customer_0316,savings,West,dining,The Cheesecake Factory,1283.21,USD,2024-05-17T04:31:00,"Client dinner at The Cheesecake Factory, discussed Q4 roadmap",False
TXN001649,Customer_0369,savings,West,utilities,National Grid,4045.42,USD,2023-06-03T23:00:00,National Grid electricity bill for the apartment,False
TXN001650,Customer_0036,credit,Southeast,insurance,State Farm,1299.17,USD,2023-06-27T22:34:00,State Farm renters insurance quarterly payment,False
TXN001651,Customer_0311,checking,Northeast,dining,Starbucks,3764.34,USD,2023-11-09T19:05:00,"Lunch with the team at Starbucks, celebrated Q3 results",False
TXN001652,Customer_0082,checking,Southwest,groceries,Whole Foods,1105.14,USD,2024-04-19T11:01:00,"Monthly bulk purchase at Whole Foods, household supplies",False
TXN001653,Customer_0091,checking,Midwest,education,Chegg,3179.22,USD,2024-05-06T14:20:00,Chegg annual learning subscription,False
TXN001654,Customer_0080,credit,Northeast,healthcare,Urgent Care Now,1199.01,USD,2023-11-30T04:39:00,Lab work order from Urgent Care Now,False
TXN001655,Customer_0201,checking,Southwest,education,Chegg,2494.33,USD,2023-07-06T22:28:00,Chegg annual learning subscription,False
TXN001656,Customer_0227,credit,Southeast,education,Udemy,2059.96,USD,2023-07-10T00:20:00,Udemy course enrollment — data engineering,False
TXN001657,Customer_0211,checking,Northeast,travel,Hertz,4093.84,USD,2024-03-13T10:42:00,Car rental from Hertz for client site visit,False
TXN001658,Customer_0460,checking,Midwest,dining,The Cheesecake Factory,2491.35,USD,2024-01-08T22:15:00,"Lunch with the team at The Cheesecake Factory, celebrated Q3 results",False
TXN001659,Customer_0214,checking,West,insurance,State Farm,2503.97,USD,2024-04-19T23:47:00,State Farm renters insurance quarterly payment,False
TXN001660,Customer_0293,savings,Midwest,utilities,Comcast Xfinity,1307.84,USD,2023-09-17T18:51:00,Comcast Xfinity electricity bill for the apartment,False
TXN001661,Customer_0229,credit,Southwest,education,Barnes & Noble,3264.01,USD,2024-03-25T00:11:00,Barnes & Noble annual learning subscription,False
TXN001662,Customer_0462,credit,West,education,Coursera,254.19,USD,2024-06-23T15:46:00,Coursera course enrollment — data engineering,False
TXN001663,Customer_0469,credit,Southeast,education,MIT OpenCourseWare,2610.21,USD,2023-05-14T04:01:00,MIT OpenCourseWare course enrollment — data engineering,False
TXN001664,Customer_0442,checking,Southwest,dining,Starbucks,1790.11,USD,2023-07-12T05:02:00,"Client dinner at Starbucks, discussed Q4 roadmap",False
TXN001665,Customer_0454,savings,Southwest,entertainment,Apple iTunes,2731.58,USD,2024-05-30T16:55:00,In-app purchase on Apple iTunes platform,False
TXN001666,Customer_0191,credit,Southwest,healthcare,Walgreens,3331.22,USD,2024-01-01T05:15:00,Lab work order from Walgreens,False
TXN001667,Customer_0155,checking,West,shopping,Amazon,912.97,USD,2023-03-25T18:54:00,Online order from Amazon — home office equipment,False
TXN001668,Customer_0084,checking,Southwest,healthcare,CVS Pharmacy,303.51,USD,2023-04-06T00:49:00,Annual physical copay at CVS Pharmacy,False
TXN001669,Customer_0340,checking,Northeast,rent,Urban Living Co,4238.51,USD,2023-11-07T06:30:00,Lease renewal fee at Urban Living Co,False
TXN001670,Customer_0003,credit,West,insurance,State Farm,2756.3,USD,2024-04-26T02:13:00,Monthly State Farm auto insurance premium,False
TXN001671,Customer_0025,credit,Southeast,education,Coursera,4353.53,USD,2023-06-05T03:13:00,Coursera annual learning subscription,False
TXN001672,Customer_0059,credit,Northeast,education,Chegg,3388.21,USD,2023-04-29T03:24:00,Textbook purchase at Chegg for continuing ed,False
TXN001673,Customer_0229,checking,Midwest,travel,Marriott Hotels,548.7,USD,2024-06-25T14:59:00,Flight to Chicago via Marriott Hotels for annual conference,False
TXN001674,Customer_0195,savings,Southeast,rent,Urban Living Co,1324.79,USD,2023-01-14T21:11:00,Monthly rent payment to Urban Living Co,False
TXN001675,Customer_0091,checking,Northeast,entertainment,Apple iTunes,677.59,USD,2023-10-19T00:50:00,Apple iTunes monthly subscription auto-renewal,False
TXN001676,Customer_0296,credit,Midwest,shopping,Zara,4149.07,USD,2023-05-18T04:38:00,Online order from Zara — home office equipment,False
TXN001677,Customer_0496,savings,West,travel,Delta Airlines,875.47,USD,2023-03-09T23:47:00,Car rental from Delta Airlines for client site visit,False
TXN001678,Customer_0299,savings,Northeast,utilities,Verizon,1556.85,USD,2023-04-10T07:29:00,Verizon wireless plan — family plan renewal,False
TXN001679,Customer_0277,savings,West,entertainment,Spotify,4208.58,USD,2023-11-11T04:13:00,In-app purchase on Spotify platform,False
TXN001680,Customer_0477,checking,West,entertainment,Netflix,-495.1,USD,2023-05-07T11:39:00,Movie tickets at Netflix — family outing,False
TXN001681,Customer_0318,checking,West,utilities,Verizon,1254.3,USD,2023-03-29T13:27:00,Verizon electricity bill for the apartment,False
TXN001682,Customer_0272,credit,Northeast,groceries,Kroger,589.29,USD,2023-12-17T10:16:00,"Weekly grocery run at Kroger, stocked up on essentials",False
TXN001683,Customer_0017,checking,Northeast,travel,Delta Airlines,3156.9,USD,2023-05-08T00:39:00,Flight to Chicago via Delta Airlines for annual conference,False
TXN001684,Customer_0189,savings,Midwest,shopping,IKEA,4114.36,USD,2023-03-08T11:28:00,Flash sale purchase at IKEA,False
TXN001685,Customer_0127,savings,West,healthcare,LabCorp,1916.14,USD,2023-04-19T04:53:00,Annual physical copay at LabCorp,False
TXN001686,Customer_0394,checking,Southwest,education,Chegg,501.97,USD,2023-05-06T01:13:00,Chegg course enrollment — data engineering,True
TXN001687,Customer_0391,checking,West,shopping,Zara,456.2,USD,2023-06-15T13:33:00,Online order from Zara — home office equipment,False
TXN001688,Customer_0230,checking,Southeast,groceries,Aldi,3656.45,USD,2023-02-01T23:06:00,"Weekly grocery run at Aldi, stocked up on essentials",False
TXN001689,Customer_0127,checking,West,groceries,Kroger,-229.22,USD,2023-08-23T10:05:00,"Weekly grocery run at Kroger, stocked up on essentials",False
TXN001690,Customer_0103,savings,Southeast,entertainment,AMC Theaters,4292.72,USD,2023-04-27T22:12:00,Movie tickets at AMC Theaters — family outing,True
TXN001691,Customer_0347,savings,West,rent,Sunset Apartments,1573.46,USD,2024-03-12T22:27:00,Monthly rent payment to Sunset Apartments,False
TXN001692,Customer_0344,checking,Southwest,education,Coursera,-103.49,USD,2024-02-17T05:52:00,Coursera course enrollment — data engineering,False
TXN001693,Customer_0077,checking,Midwest,education,MIT OpenCourseWare,4003.92,USD,2023-03-07T16:15:00,Textbook purchase at MIT OpenCourseWare for continuing ed,False
TXN001694,Customer_0213,savings,Northeast,education,Coursera,263.83,USD,2023-11-15T10:40:00,Coursera course enrollment — data engineering,False
TXN001695,Customer_0240,checking,Midwest,dining,Chipotle,2013.96,USD,2023-02-08T00:47:00,"Lunch with the team at Chipotle, celebrated Q3 results",False
TXN001696,Customer_0421,credit,Southwest,rent,Urban Living Co,3458.39,USD,2023-10-04T18:00:00,Lease renewal fee at Urban Living Co,False
TXN001697,Customer_0257,checking,Southwest,dining,The Cheesecake Factory,195.12,USD,2023-11-01T20:53:00,"Lunch with the team at The Cheesecake Factory, celebrated Q3 results",False
TXN001698,Customer_0115,credit,Northeast,education,Chegg,2383.7,USD,2023-07-23T14:37:00,Chegg annual learning subscription,False
TXN001699,Customer_0053,savings,West,dining,Panera Bread,2715.43,USD,2023-04-12T04:13:00,"Client dinner at Panera Bread, discussed Q4 roadmap",False
TXN001700,Customer_0426,checking,Midwest,groceries,Kroger,2571.73,USD,2024-03-23T05:13:00,Quick stop at Kroger for produce and dairy,False
TXN001701,Customer_0059,credit,West,insurance,USAA,1304.53,USD,2023-01-16T02:45:00,Life insurance premium payment to USAA,False
TXN001702,Customer_0072,checking,Southeast,entertainment,Spotify,3817.31,USD,2024-04-23T01:32:00,In-app purchase on Spotify platform,False
TXN001703,Customer_0341,credit,Northeast,insurance,State Farm,-83.39,USD,2023-09-23T03:54:00,Monthly State Farm auto insurance premium,False
TXN001704,Customer_0315,credit,Southwest,insurance,Geico,1665.35,USD,2024-05-31T18:28:00,Monthly Geico auto insurance premium,False
TXN001705,Customer_0276,credit,Southwest,dining,Chipotle,4331.52,USD,2023-10-24T21:32:00,"Client dinner at Chipotle, discussed Q4 roadmap",False
TXN001706,Customer_0071,checking,Northeast,dining,Olive Garden,4024.27,USD,2024-04-07T11:33:00,"Client dinner at Olive Garden, discussed Q4 roadmap",False
TXN001707,Customer_0478,checking,Southwest,utilities,Verizon,4376.47,USD,2023-06-26T01:51:00,Verizon electricity bill for the apartment,True
TXN001708,Customer_0048,checking,Southeast,insurance,Geico,2137.01,USD,2024-01-25T18:05:00,Geico renters insurance quarterly payment,False
TXN001709,Customer_0262,savings,Southwest,shopping,Amazon,3007.59,USD,2023-10-04T05:38:00,Flash sale purchase at Amazon,False
TXN001710,Customer_0297,credit,West,insurance,USAA,2087.8,USD,2023-02-21T08:02:00,Monthly USAA auto insurance premium,False
TXN001711,Customer_0298,savings,Northeast,utilities,AT&T,4071.72,USD,2023-12-30T13:02:00,AT&T electricity bill for the apartment,False
TXN001712,Customer_0414,credit,Southwest,insurance,State Farm,2196.34,USD,2023-08-18T10:46:00,Monthly State Farm auto insurance premium,False
TXN001713,Customer_0344,credit,West,dining,Panera Bread,3591.4,USD,2023-07-06T09:40:00,Morning coffee and pastry at Panera Bread,False
TXN001714,Customer_0193,savings,Southwest,rent,Sunset Apartments,2880.24,USD,2023-09-12T23:16:00,Lease renewal fee at Sunset Apartments,False
TXN001715,Customer_0034,savings,Northeast,shopping,Amazon,2041.5,USD,2023-06-06T17:21:00,In-store purchase at Amazon — seasonal wardrobe,False
TXN001716,Customer_0323,savings,Midwest,travel,Marriott Hotels,2612.09,USD,2023-05-09T00:32:00,Hotel stay at Marriott Hotels during product summit,False
TXN001717,Customer_0117,credit,Northeast,utilities,ConEdison,1803.59,USD,2024-03-22T04:16:00,ConEdison wireless plan — family plan renewal,False
TXN001718,Customer_0012,credit,Northeast,travel,Hertz,2710.73,USD,2023-04-02T09:04:00,Hotel stay at Hertz during product summit,False
TXN001719,Customer_0308,credit,Southeast,dining,Olive Garden,1121.04,USD,2023-07-29T22:26:00,Morning coffee and pastry at Olive Garden,False
TXN001720,Customer_0128,checking,Midwest,utilities,National Grid,-97.36,USD,2023-11-25T17:32:00,National Grid wireless plan — family plan renewal,False
TXN001721,Customer_0385,savings,West,healthcare,CVS Pharmacy,1624.62,USD,2023-05-29T08:07:00,Prescription refill at CVS Pharmacy,False
TXN001722,Customer_0149,savings,Northeast,shopping,Best Buy,146.89,USD,2024-03-02T12:54:00,Flash sale purchase at Best Buy,False
TXN001723,Customer_0276,credit,Southwest,education,Coursera,574.86,USD,2023-02-12T17:34:00,Coursera annual learning subscription,False
TXN001724,Customer_0140,checking,West,groceries,Kroger,3750.81,USD,2023-10-05T13:33:00,Quick stop at Kroger for produce and dairy,False
TXN001725,Customer_0321,savings,Midwest,dining,Starbucks,2803.35,USD,2024-03-08T19:42:00,"Client dinner at Starbucks, discussed Q4 roadmap",False
TXN001726,Customer_0160,credit,West,utilities,Verizon,3135.67,USD,2023-11-16T22:57:00,Verizon electricity bill for the apartment,False
TXN001727,Customer_0338,checking,Northeast,healthcare,LabCorp,1179.18,USD,2023-05-08T19:08:00,Lab work order from LabCorp,False
TXN001728,Customer_0127,credit,West,travel,Delta Airlines,3515.8,USD,2023-02-15T11:07:00,Car rental from Delta Airlines for client site visit,False
TXN001729,Customer_0306,credit,Southwest,dining,Panera Bread,3278.25,USD,2024-02-09T06:26:00,Morning coffee and pastry at Panera Bread,False
TXN001730,Customer_0191,credit,Northeast,shopping,Target,2318.43,USD,2024-01-24T15:00:00,Online order from Target — home office equipment,False
TXN001731,Customer_0498,credit,Midwest,rent,First Place Rentals,3632.44,USD,2023-07-03T01:18:00,Security deposit — First Place Rentals,False
TXN001732,Customer_0221,savings,West,shopping,Best Buy,3877.73,USD,2023-02-21T10:50:00,Flash sale purchase at Best Buy,False
TXN001733,Customer_0251,savings,Midwest,travel,Delta Airlines,1419.79,USD,2023-01-30T18:28:00,Hotel stay at Delta Airlines during product summit,False
TXN001734,Customer_0312,checking,West,entertainment,AMC Theaters,869.33,USD,2023-05-14T07:54:00,AMC Theaters monthly subscription auto-renewal,False
TXN001735,Customer_0095,savings,Midwest,entertainment,Steam,3525.84,USD,2023-10-24T01:06:00,In-app purchase on Steam platform,False
TXN001736,Customer_0005,credit,West,healthcare,Urgent Care Now,1564.87,USD,2023-06-14T05:07:00,Lab work order from Urgent Care Now,False
TXN001737,Customer_0356,credit,West,entertainment,Spotify,1929.68,USD,2023-11-15T12:08:00,In-app purchase on Spotify platform,False
TXN001738,Customer_0144,credit,Northeast,rent,Apartment LLC,129.73,USD,2023-04-05T11:58:00,Security deposit — Apartment LLC,False
TXN001739,Customer_0031,checking,Southwest,insurance,Progressive,3586.98,USD,2023-01-16T03:30:00,Life insurance premium payment to Progressive,False
TXN001740,Customer_0101,checking,Southeast,shopping,IKEA,2227.93,USD,2024-01-02T14:59:00,Flash sale purchase at IKEA,False
TXN001741,Customer_0406,savings,Southeast,groceries,Walmart Grocery,611.42,USD,2024-03-11T02:09:00,Quick stop at Walmart Grocery for produce and dairy,False
TXN001742,Customer_0389,savings,Midwest,travel,Delta Airlines,2381.78,USD,2023-08-22T13:22:00,Flight to Chicago via Delta Airlines for annual conference,False
TXN001743,Customer_0420,credit,Southeast,shopping,Zara,2078.11,USD,2024-01-13T08:32:00,Online order from Zara — home office equipment,False
TXN001744,Customer_0258,savings,Midwest,travel,Delta Airlines,2510.93,USD,2024-01-06T08:03:00,Car rental from Delta Airlines for client site visit,False
TXN001745,Customer_0240,savings,Southeast,shopping,Best Buy,2939.43,USD,2023-07-21T02:07:00,In-store purchase at Best Buy — seasonal wardrobe,False
TXN001746,Customer_0276,credit,West,utilities,Comcast Xfinity,4431.34,USD,2023-03-28T14:28:00,Comcast Xfinity wireless plan — family plan renewal,False
TXN001747,Customer_0348,credit,Southeast,shopping,Target,2991.92,USD,2024-05-16T05:01:00,Online order from Target — home office equipment,False
TXN001748,Customer_0460,savings,Midwest,insurance,USAA,3084.45,USD,2023-01-13T20:34:00,USAA renters insurance quarterly payment,False
TXN001749,Customer_0131,savings,Southeast,dining,Olive Garden,4330.61,USD,2023-02-03T12:38:00,"Client dinner at Olive Garden, discussed Q4 roadmap",False
TXN001750,Customer_0137,credit,Southeast,utilities,ConEdison,2456.21,USD,2023-12-05T07:56:00,ConEdison wireless plan — family plan renewal,False
TXN001751,Customer_0226,savings,Southwest,groceries,Whole Foods,315.71,USD,2023-10-21T16:57:00,"Monthly bulk purchase at Whole Foods, household supplies",False
TXN001752,Customer_0344,savings,Midwest,shopping,Best Buy,1258.45,USD,2023-09-26T13:03:00,Online order from Best Buy — home office equipment,False
TXN001753,Customer_0318,checking,West,utilities,Verizon,3099.51,USD,2023-04-20T00:41:00,Verizon electricity bill for the apartment,False
TXN001754,Customer_0234,credit,Southwest,healthcare,Walgreens,2682.93,USD,2023-09-19T17:47:00,Lab work order from Walgreens,False
TXN001755,Customer_0264,checking,Southwest,rent,First Place Rentals,1918.0,USD,2023-03-04T09:20:00,Lease renewal fee at First Place Rentals,False
TXN001756,Customer_0071,savings,West,travel,Airbnb,1237.71,USD,2023-08-27T01:51:00,Flight to Chicago via Airbnb for annual conference,False
TXN001757,Customer_0090,savings,Southeast,rent,First Place Rentals,4335.96,USD,2023-07-28T17:41:00,Lease renewal fee at First Place Rentals,False
TXN001758,Customer_0053,checking,Northeast,education,Udemy,1063.42,USD,2024-05-26T00:25:00,Udemy annual learning subscription,False
TXN001759,Customer_0264,checking,Southwest,travel,Hertz,4425.41,USD,2023-08-06T05:09:00,Flight to Chicago via Hertz for annual conference,False
TXN001760,Customer_0009,checking,Southwest,dining,Chipotle,1038.94,USD,2024-01-31T14:27:00,"Lunch with the team at Chipotle, celebrated Q3 results",False
TXN001761,Customer_0445,credit,West,groceries,Whole Foods,3786.53,USD,2024-01-31T03:00:00,"Monthly bulk purchase at Whole Foods, household supplies",False
TXN001762,Customer_0032,credit,Southeast,entertainment,Spotify,1729.8,USD,2023-10-24T10:41:00,In-app purchase on Spotify platform,False
TXN001763,Customer_0142,savings,Southwest,dining,Olive Garden,3399.25,USD,2023-05-22T06:20:00,Morning coffee and pastry at Olive Garden,False
TXN001764,Customer_0396,checking,West,rent,Metro Realty,-103.29,USD,2024-02-18T05:00:00,Lease renewal fee at Metro Realty,False
TXN001765,Customer_0039,savings,Northeast,entertainment,AMC Theaters,2649.53,USD,2023-02-17T13:27:00,Movie tickets at AMC Theaters — family outing,False
TXN001766,Customer_0470,savings,Midwest,shopping,IKEA,-325.42,USD,2023-03-30T22:05:00,In-store purchase at IKEA — seasonal wardrobe,False
TXN001767,Customer_0052,savings,Southwest,utilities,ConEdison,3635.89,USD,2023-10-03T19:30:00,Monthly ConEdison internet and cable bill,False
TXN001768,Customer_0221,savings,Southwest,rent,Apartment LLC,3479.66,USD,2023-07-27T09:35:00,Security deposit — Apartment LLC,False
TXN001769,Customer_0311,savings,Northeast,insurance,USAA,2800.13,USD,2024-06-24T07:34:00,Life insurance premium payment to USAA,False
TXN001770,Customer_0350,credit,West,insurance,USAA,2548.06,USD,2023-03-16T11:01:00,Life insurance premium payment to USAA,False
TXN001771,Customer_0292,savings,West,rent,Sunset Apartments,1636.78,USD,2023-01-24T22:38:00,Monthly rent payment to Sunset Apartments,False
TXN001772,Customer_0184,savings,Southwest,groceries,Whole Foods,1945.1,USD,2023-07-11T12:00:00,"Weekly grocery run at Whole Foods, stocked up on essentials",False
TXN001773,Customer_0293,savings,Southeast,dining,Olive Garden,3425.93,USD,2023-03-16T14:23:00,"Lunch with the team at Olive Garden, celebrated Q3 results",False
TXN001774,Customer_0047,credit,Southeast,healthcare,CVS Pharmacy,2192.53,USD,2024-05-14T09:24:00,Annual physical copay at CVS Pharmacy,False
TXN001775,Customer_0283,checking,Midwest,dining,Chipotle,3030.02,USD,2023-04-05T19:45:00,Morning coffee and pastry at Chipotle,False
TXN001776,Customer_0483,savings,Midwest,travel,Airbnb,800.73,USD,2024-06-08T18:04:00,Hotel stay at Airbnb during product summit,False
TXN001777,Customer_0284,savings,Midwest,entertainment,AMC Theaters,4123.53,USD,2024-01-17T15:53:00,In-app purchase on AMC Theaters platform,False
TXN001778,Customer_0073,checking,Midwest,healthcare,Blue Cross Premium,573.25,USD,2024-05-23T00:45:00,Lab work order from Blue Cross Premium,False
TXN001779,Customer_0461,savings,West,groceries,Whole Foods,1799.85,USD,2023-10-09T01:29:00,"Monthly bulk purchase at Whole Foods, household supplies",False
TXN001780,Customer_0471,credit,Southwest,travel,Uber,4463.5,USD,2023-12-02T23:56:00,Hotel stay at Uber during product summit,False
TXN001781,Customer_0468,credit,Southeast,groceries,Whole Foods,2187.21,USD,2023-06-14T22:16:00,"Weekly grocery run at Whole Foods, stocked up on essentials",False
TXN001782,Customer_0483,credit,Midwest,utilities,AT&T,4471.62,USD,2023-01-07T15:04:00,Monthly AT&T internet and cable bill,False
TXN001783,Customer_0047,checking,Southwest,healthcare,Urgent Care Now,3142.58,USD,2024-01-16T00:39:00,Lab work order from Urgent Care Now,False
TXN001784,Customer_0042,credit,Northeast,education,Coursera,392.35,USD,2024-01-07T07:52:00,Coursera annual learning subscription,False
TXN001785,Customer_0415,savings,Southwest,education,Coursera,-233.88,USD,2023-11-18T21:00:00,Coursera annual learning subscription,True
TXN001786,Customer_0450,credit,Southwest,education,MIT OpenCourseWare,3735.75,USD,2023-11-16T17:45:00,MIT OpenCourseWare annual learning subscription,False
TXN001787,Customer_0240,savings,Southwest,entertainment,Spotify,638.12,USD,2023-08-07T13:22:00,Movie tickets at Spotify — family outing,False
TXN001788,Customer_0376,checking,Southwest,entertainment,AMC Theaters,3448.13,USD,2024-06-11T04:30:00,In-app purchase on AMC Theaters platform,False
TXN001789,Customer_0397,checking,Northeast,entertainment,Apple iTunes,963.41,USD,2023-09-22T10:02:00,Apple iTunes monthly subscription auto-renewal,False
TXN001790,Customer_0240,savings,Southeast,insurance,USAA,1001.9,USD,2024-01-04T14:16:00,USAA renters insurance quarterly payment,False
TXN001791,Customer_0442,savings,Southwest,utilities,ConEdison,1895.94,USD,2024-03-21T01:47:00,Monthly ConEdison internet and cable bill,False
TXN001792,Customer_0129,savings,Southwest,utilities,Verizon,989.54,USD,2024-05-30T06:35:00,Verizon wireless plan — family plan renewal,False
TXN001793,Customer_0465,credit,Midwest,travel,Uber,1724.9,USD,2024-02-20T04:34:00,Flight to Chicago via Uber for annual conference,False
TXN001794,Customer_0361,checking,West,healthcare,CVS Pharmacy,3674.29,USD,2024-01-04T14:39:00,Annual physical copay at CVS Pharmacy,False
TXN001795,Customer_0374,checking,Southwest,dining,The Cheesecake Factory,721.75,USD,2023-02-04T17:59:00,"Client dinner at The Cheesecake Factory, discussed Q4 roadmap",False
TXN001796,Customer_0375,checking,Southwest,healthcare,CVS Pharmacy,2222.76,USD,2023-04-15T07:06:00,Prescription refill at CVS Pharmacy,False
TXN001797,Customer_0352,checking,Southeast,dining,Panera Bread,4236.61,USD,2023-12-03T09:45:00,Morning coffee and pastry at Panera Bread,False
TXN001798,Customer_0013,savings,Southwest,shopping,Amazon,3163.62,USD,2024-01-15T07:20:00,Flash sale purchase at Amazon,False
TXN001799,Customer_0070,checking,West,entertainment,Netflix,-45.93,USD,2023-11-18T18:22:00,Movie tickets at Netflix — family outing,False
TXN001800,Customer_0359,checking,Northeast,groceries,Whole Foods,3870.39,USD,2023-11-24T03:21:00,"Weekly grocery run at Whole Foods, stocked up on essentials",False
TXN001801,Customer_0226,credit,Southwest,travel,Uber,3090.3,USD,2023-12-14T01:28:00,Car rental from Uber for client site visit,False
TXN001802,Customer_0238,credit,Southwest,education,Coursera,3170.31,USD,2023-02-20T11:45:00,Textbook purchase at Coursera for continuing ed,False
TXN001803,Customer_0025,checking,West,healthcare,CVS Pharmacy,3000.59,USD,2023-10-22T21:39:00,Prescription refill at CVS Pharmacy,False
TXN001804,Customer_0002,savings,Midwest,entertainment,Netflix,3106.68,USD,2023-05-10T01:56:00,Netflix monthly subscription auto-renewal,False
TXN001805,Customer_0033,checking,Southwest,groceries,Aldi,3145.79,USD,2023-11-04T20:39:00,"Monthly bulk purchase at Aldi, household supplies",False
TXN001806,Customer_0280,savings,Midwest,utilities,ConEdison,2776.61,USD,2023-09-07T11:43:00,ConEdison wireless plan — family plan renewal,False
TXN001807,Customer_0250,credit,Southwest,travel,Delta Airlines,-206.74,USD,2023-01-14T20:01:00,Hotel stay at Delta Airlines during product summit,False
TXN001808,Customer_0225,savings,Midwest,shopping,Zara,336.23,USD,2023-02-15T22:57:00,Online order from Zara — home office equipment,False
TXN001809,Customer_0456,checking,Southeast,education,Barnes & Noble,3126.27,USD,2023-10-23T09:37:00,Textbook purchase at Barnes & Noble for continuing ed,False
TXN001810,Customer_0194,checking,Midwest,healthcare,Walgreens,17.49,USD,2023-12-02T00:13:00,Prescription refill at Walgreens,False
TXN001811,Customer_0161,savings,Southeast,healthcare,CVS Pharmacy,2222.07,USD,2024-02-05T05:18:00,Prescription refill at CVS Pharmacy,False
TXN001812,Customer_0339,credit,Southeast,insurance,Progressive,2621.6,USD,2023-08-13T07:19:00,Monthly Progressive auto insurance premium,False
TXN001813,Customer_0459,savings,Northeast,dining,Chipotle,-24.72,USD,2023-12-31T07:00:00,"Lunch with the team at Chipotle, celebrated Q3 results",False
TXN001814,Customer_0078,checking,Northeast,insurance,USAA,2299.41,USD,2024-01-29T12:28:00,USAA renters insurance quarterly payment,False
TXN001815,Customer_0491,savings,Midwest,travel,Hertz,1270.75,USD,2024-04-06T10:54:00,Flight to Chicago via Hertz for annual conference,False
TXN001816,Customer_0217,savings,Southeast,travel,Delta Airlines,2672.42,USD,2024-02-09T01:14:00,Flight to Chicago via Delta Airlines for annual conference,False
TXN001817,Customer_0005,credit,Southeast,utilities,National Grid,3619.46,USD,2024-04-13T11:22:00,National Grid wireless plan — family plan renewal,False
TXN001818,Customer_0356,credit,Southeast,dining,The Cheesecake Factory,4424.95,USD,2023-01-02T14:07:00,"Client dinner at The Cheesecake Factory, discussed Q4 roadmap",False
TXN001819,Customer_0093,checking,West,healthcare,Walgreens,3213.06,USD,2023-06-22T03:41:00,Prescription refill at Walgreens,False
TXN001820,Customer_0064,credit,Southwest,travel,Delta Airlines,4081.54,USD,2024-05-15T23:00:00,Hotel stay at Delta Airlines during product summit,False
TXN001821,Customer_0224,checking,Southwest,rent,Apartment LLC,483.34,USD,2024-01-16T10:35:00,Security deposit — Apartment LLC,False
TXN001822,Customer_0241,checking,Northeast,rent,Metro Realty,3374.56,USD,2024-01-26T17:33:00,Lease renewal fee at Metro Realty,False
TXN001823,Customer_0359,credit,Southeast,groceries,Walmart Grocery,2156.98,USD,2023-03-10T17:24:00,"Weekly grocery run at Walmart Grocery, stocked up on essentials",False
TXN001824,Customer_0261,savings,Midwest,travel,Hertz,2160.77,USD,2023-11-15T01:42:00,Car rental from Hertz for client site visit,False
TXN001825,Customer_0001,checking,Southeast,insurance,State Farm,3252.11,USD,2023-08-07T19:18:00,Monthly State Farm auto insurance premium,False
TXN001826,Customer_0143,savings,Midwest,utilities,Comcast Xfinity,-48.9,USD,2023-08-05T23:08:00,Comcast Xfinity wireless plan — family plan renewal,False
TXN001827,Customer_0185,credit,Southwest,insurance,Geico,1899.46,USD,2023-07-20T22:00:00,Monthly Geico auto insurance premium,False
TXN001828,Customer_0142,credit,Southeast,groceries,Trader Joe's,2855.03,USD,2023-08-13T04:08:00,"Weekly grocery run at Trader Joe's, stocked up on essentials",False
TXN001829,Customer_0191,credit,Southeast,education,MIT OpenCourseWare,3131.06,USD,2023-02-12T04:32:00,MIT OpenCourseWare course enrollment — data engineering,False
TXN001830,Customer_0350,checking,Midwest,healthcare,CVS Pharmacy,1144.33,USD,2023-08-25T14:29:00,Annual physical copay at CVS Pharmacy,False
TXN001831,Customer_0394,checking,Northeast,shopping,Zara,2751.92,USD,2023-06-15T19:05:00,Online order from Zara — home office equipment,False
TXN001832,Customer_0441,checking,Southwest,dining,Panera Bread,1704.65,USD,2024-06-27T06:07:00,"Client dinner at Panera Bread, discussed Q4 roadmap",False
TXN001833,Customer_0421,savings,Northeast,groceries,Walmart Grocery,3790.45,USD,2024-02-01T12:10:00,"Weekly grocery run at Walmart Grocery, stocked up on essentials",False
TXN001834,Customer_0208,credit,Midwest,dining,Starbucks,-32.66,USD,2024-03-03T12:29:00,"Lunch with the team at Starbucks, celebrated Q3 results",False
TXN001835,Customer_0044,credit,Southwest,groceries,Kroger,3153.42,USD,2024-02-08T11:23:00,"Weekly grocery run at Kroger, stocked up on essentials",False
TXN001836,Customer_0201,checking,Midwest,rent,Metro Realty,-482.83,USD,2023-07-13T22:14:00,Security deposit — Metro Realty,False
TXN001837,Customer_0233,checking,Southeast,healthcare,CVS Pharmacy,2914.27,USD,2023-06-22T12:08:00,Annual physical copay at CVS Pharmacy,False
TXN001838,Customer_0403,savings,Southeast,dining,Chipotle,4359.12,USD,2023-12-18T20:35:00,"Client dinner at Chipotle, discussed Q4 roadmap",False
TXN001839,Customer_0326,checking,Southwest,entertainment,Spotify,3057.9,USD,2024-05-19T19:43:00,Spotify monthly subscription auto-renewal,False
TXN001840,Customer_0465,credit,Northeast,rent,Sunset Apartments,2879.42,USD,2024-01-25T08:14:00,Monthly rent payment to Sunset Apartments,False
TXN001841,Customer_0145,savings,Southeast,healthcare,Walgreens,3242.14,USD,2024-01-10T21:03:00,Prescription refill at Walgreens,False
TXN001842,Customer_0418,checking,Southeast,utilities,Comcast Xfinity,1177.04,USD,2023-03-21T02:45:00,Monthly Comcast Xfinity internet and cable bill,False
TXN001843,Customer_0137,savings,West,insurance,Allstate,130.81,USD,2024-02-04T22:36:00,Allstate renters insurance quarterly payment,False
TXN001844,Customer_0369,savings,Midwest,education,MIT OpenCourseWare,1809.19,USD,2023-07-24T11:15:00,Textbook purchase at MIT OpenCourseWare for continuing ed,False
TXN001845,Customer_0305,credit,West,rent,Sunset Apartments,1771.66,USD,2023-03-07T13:13:00,Security deposit — Sunset Apartments,False
TXN001846,Customer_0275,credit,Northeast,travel,Delta Airlines,1547.94,USD,2023-12-07T19:58:00,Flight to Chicago via Delta Airlines for annual conference,False
TXN001847,Customer_0074,savings,Midwest,insurance,Geico,838.21,USD,2024-01-26T12:19:00,Geico renters insurance quarterly payment,False
TXN001848,Customer_0142,checking,Southeast,travel,Delta Airlines,65.89,USD,2024-01-12T22:37:00,Flight to Chicago via Delta Airlines for annual conference,False
TXN001849,Customer_0027,credit,Midwest,entertainment,Spotify,555.82,USD,2023-07-20T07:50:00,In-app purchase on Spotify platform,False
TXN001850,Customer_0110,credit,Northeast,shopping,Amazon,3496.5,USD,2024-04-08T18:26:00,In-store purchase at Amazon — seasonal wardrobe,False
TXN001851,Customer_0010,checking,Southwest,education,Udemy,4324.92,USD,2023-05-05T15:33:00,Udemy course enrollment — data engineering,False
TXN001852,Customer_0229,checking,Southwest,travel,Marriott Hotels,361.91,USD,2023-10-15T10:10:00,Flight to Chicago via Marriott Hotels for annual conference,False
TXN001853,Customer_0236,savings,Midwest,entertainment,Spotify,4001.86,USD,2024-05-25T01:07:00,In-app purchase on Spotify platform,False
TXN001854,Customer_0449,credit,Southeast,travel,Delta Airlines,2383.02,USD,2023-08-16T14:29:00,Car rental from Delta Airlines for client site visit,False
TXN001855,Customer_0100,savings,Northeast,rent,Sunset Apartments,3070.45,USD,2023-04-25T08:58:00,Security deposit — Sunset Apartments,False
TXN001856,Customer_0033,checking,Midwest,groceries,Walmart Grocery,3662.45,USD,2023-11-30T20:33:00,"Weekly grocery run at Walmart Grocery, stocked up on essentials",False
TXN001857,Customer_0350,checking,Southeast,groceries,Whole Foods,4143.88,USD,2023-03-09T09:11:00,"Weekly grocery run at Whole Foods, stocked up on essentials",False
TXN001858,Customer_0496,credit,Northeast,utilities,AT&T,123.98,USD,2023-08-11T12:33:00,AT&T electricity bill for the apartment,False
TXN001859,Customer_0102,savings,Southwest,dining,Panera Bread,4088.41,USD,2023-12-21T11:45:00,"Lunch with the team at Panera Bread, celebrated Q3 results",False
TXN001860,Customer_0295,credit,West,shopping,Target,125.42,USD,2023-09-10T11:08:00,Flash sale purchase at Target,False
TXN001861,Customer_0076,checking,Southeast,rent,Metro Realty,3074.57,USD,2024-03-29T07:44:00,Lease renewal fee at Metro Realty,False
TXN001862,Customer_0437,savings,Southeast,insurance,USAA,788.51,USD,2023-12-29T07:08:00,Life insurance premium payment to USAA,False
TXN001863,Customer_0465,checking,Southwest,shopping,Amazon,-201.56,USD,2024-04-15T01:32:00,Flash sale purchase at Amazon,False
TXN001864,Customer_0425,checking,West,rent,Sunset Apartments,3441.39,USD,2023-02-09T03:00:00,Monthly rent payment to Sunset Apartments,False
TXN001865,Customer_0422,credit,Southeast,travel,Airbnb,1597.22,USD,2023-07-07T22:05:00,Flight to Chicago via Airbnb for annual conference,False
TXN001866,Customer_0133,savings,West,education,Chegg,3430.39,USD,2023-07-25T10:28:00,Chegg annual learning subscription,False
TXN001867,Customer_0354,checking,Southeast,travel,Marriott Hotels,4408.65,USD,2023-06-15T22:32:00,Flight to Chicago via Marriott Hotels for annual conference,True
TXN001868,Customer_0287,credit,Southwest,dining,Olive Garden,1145.63,USD,2023-06-07T22:52:00,"Client dinner at Olive Garden, discussed Q4 roadmap",False
TXN001869,Customer_0194,checking,Southwest,travel,Marriott Hotels,4312.8,USD,2023-12-12T06:23:00,Car rental from Marriott Hotels for client site visit,False
TXN001870,Customer_0409,checking,Northeast,shopping,Target,3557.65,USD,2023-04-28T17:03:00,Flash sale purchase at Target,False
TXN001871,Customer_0118,credit,Midwest,education,MIT OpenCourseWare,-336.16,USD,2023-05-05T20:35:00,MIT OpenCourseWare course enrollment — data engineering,False
TXN001872,Customer_0339,checking,Southwest,groceries,Whole Foods,3487.58,USD,2023-10-21T21:25:00,"Weekly grocery run at Whole Foods, stocked up on essentials",False
TXN001873,Customer_0405,savings,Northeast,education,MIT OpenCourseWare,289.34,USD,2024-01-06T10:16:00,Textbook purchase at MIT OpenCourseWare for continuing ed,False
TXN001874,Customer_0138,checking,Northeast,travel,Delta Airlines,393.72,USD,2023-12-17T10:27:00,Hotel stay at Delta Airlines during product summit,False
TXN001875,Customer_0109,credit,Midwest,rent,Apartment LLC,3245.43,USD,2024-04-06T17:31:00,Lease renewal fee at Apartment LLC,False
TXN001876,Customer_0010,savings,Southeast,travel,Delta Airlines,3616.41,USD,2024-03-21T05:42:00,Hotel stay at Delta Airlines during product summit,True
TXN001877,Customer_0077,savings,Northeast,rent,Sunset Apartments,616.12,USD,2023-07-26T18:15:00,Monthly rent payment to Sunset Apartments,False
TXN001878,Customer_0233,savings,Northeast,shopping,Zara,2085.09,USD,2024-06-19T15:13:00,In-store purchase at Zara — seasonal wardrobe,False
TXN001879,Customer_0395,checking,Southeast,shopping,IKEA,1044.8,USD,2024-03-24T20:24:00,In-store purchase at IKEA — seasonal wardrobe,False
TXN001880,Customer_0274,credit,West,groceries,Kroger,3131.06,USD,2024-03-06T11:15:00,Quick stop at Kroger for produce and dairy,False
TXN001881,Customer_0309,checking,West,utilities,Verizon,3119.89,USD,2023-12-03T09:12:00,Verizon wireless plan — family plan renewal,False
TXN001882,Customer_0075,checking,Southeast,insurance,USAA,1510.25,USD,2023-05-04T18:04:00,Life insurance premium payment to USAA,False
TXN001883,Customer_0145,credit,West,groceries,Walmart Grocery,3634.96,USD,2023-10-18T15:00:00,Quick stop at Walmart Grocery for produce and dairy,False
TXN001884,Customer_0157,savings,Southwest,groceries,Trader Joe's,4356.92,USD,2024-03-21T15:25:00,Quick stop at Trader Joe's for produce and dairy,False
TXN001885,Customer_0046,savings,Southeast,education,Barnes & Noble,4155.49,USD,2024-01-30T11:27:00,Textbook purchase at Barnes & Noble for continuing ed,False
TXN001886,Customer_0181,savings,Southeast,groceries,Walmart Grocery,153.45,USD,2024-04-26T06:02:00,Quick stop at Walmart Grocery for produce and dairy,False
TXN001887,Customer_0238,savings,Northeast,shopping,Best Buy,1922.68,USD,2023-04-23T20:36:00,Flash sale purchase at Best Buy,False
TXN001888,Customer_0026,credit,Midwest,travel,Hertz,1713.81,USD,2024-04-22T23:00:00,Car rental from Hertz for client site visit,False
TXN001889,Customer_0346,checking,West,healthcare,CVS Pharmacy,2382.93,USD,2023-11-03T07:05:00,Prescription refill at CVS Pharmacy,False
TXN001890,Customer_0292,savings,Southwest,rent,Metro Realty,2795.34,USD,2024-02-07T11:59:00,Lease renewal fee at Metro Realty,False
TXN001891,Customer_0448,savings,Southeast,shopping,Target,4375.82,USD,2023-11-11T22:16:00,In-store purchase at Target — seasonal wardrobe,False
TXN001892,Customer_0302,checking,Southwest,entertainment,Apple iTunes,1782.87,USD,2023-09-06T22:54:00,Apple iTunes monthly subscription auto-renewal,False
TXN001893,Customer_0450,savings,Midwest,rent,Sunset Apartments,1022.74,USD,2023-01-18T16:48:00,Security deposit — Sunset Apartments,False
TXN001894,Customer_0257,savings,Southeast,insurance,State Farm,1014.26,USD,2024-05-03T23:59:00,Monthly State Farm auto insurance premium,False
TXN001895,Customer_0440,savings,Northeast,rent,First Place Rentals,3468.56,USD,2023-09-13T05:06:00,Lease renewal fee at First Place Rentals,False
TXN001896,Customer_0441,savings,Northeast,rent,Sunset Apartments,280.11,USD,2024-05-05T10:19:00,Monthly rent payment to Sunset Apartments,False
TXN001897,Customer_0212,savings,Midwest,insurance,Progressive,1295.36,USD,2024-04-28T18:08:00,Monthly Progressive auto insurance premium,False
TXN001898,Customer_0291,savings,Midwest,travel,Delta Airlines,50.67,USD,2024-01-26T02:09:00,Flight to Chicago via Delta Airlines for annual conference,False
TXN001899,Customer_0378,savings,Northeast,utilities,Verizon,3704.21,USD,2023-05-20T03:13:00,Monthly Verizon internet and cable bill,False
TXN001900,Customer_0305,savings,Southeast,education,MIT OpenCourseWare,3890.11,USD,2023-12-05T18:21:00,Textbook purchase at MIT OpenCourseWare for continuing ed,False
TXN001901,Customer_0041,credit,Southwest,education,Coursera,4229.94,USD,2023-08-12T02:16:00,Coursera annual learning subscription,False
TXN001902,Customer_0199,checking,Northeast,insurance,Progressive,1170.89,USD,2023-03-16T07:59:00,Monthly Progressive auto insurance premium,False
TXN001903,Customer_0425,savings,Southeast,healthcare,CVS Pharmacy,1338.32,USD,2023-05-19T01:54:00,Prescription refill at CVS Pharmacy,False
TXN001904,Customer_0336,checking,Northeast,entertainment,Steam,828.09,USD,2023-11-05T07:42:00,In-app purchase on Steam platform,False
TXN001905,Customer_0337,savings,Southwest,rent,Sunset Apartments,3337.82,USD,2023-01-29T01:35:00,Lease renewal fee at Sunset Apartments,False
TXN001906,Customer_0299,checking,Southeast,healthcare,Walgreens,3872.3,USD,2023-04-02T20:42:00,Lab work order from Walgreens,False
TXN001907,Customer_0020,savings,Southeast,education,MIT OpenCourseWare,2098.84,USD,2023-11-23T01:09:00,MIT OpenCourseWare course enrollment — data engineering,False
TXN001908,Customer_0484,savings,West,healthcare,CVS Pharmacy,733.13,USD,2024-02-05T10:11:00,Prescription refill at CVS Pharmacy,False
TXN001909,Customer_0079,credit,Southeast,healthcare,Walgreens,908.68,USD,2023-01-10T04:01:00,Prescription refill at Walgreens,False
TXN001910,Customer_0118,checking,Southeast,shopping,Zara,973.79,USD,2023-07-22T08:26:00,Online order from Zara — home office equipment,False
TXN001911,Customer_0187,checking,West,dining,Chipotle,4054.56,USD,2024-03-13T04:49:00,Morning coffee and pastry at Chipotle,False
TXN001912,Customer_0089,savings,Midwest,rent,Metro Realty,1124.81,USD,2023-08-04T01:05:00,Security deposit — Metro Realty,False
TXN001913,Customer_0418,savings,Southeast,travel,Marriott Hotels,2619.84,USD,2023-08-29T00:13:00,Car rental from Marriott Hotels for client site visit,False
TXN001914,Customer_0485,credit,Northeast,travel,Delta Airlines,2433.13,USD,2023-04-04T14:45:00,Flight to Chicago via Delta Airlines for annual conference,False
TXN001915,Customer_0225,credit,West,travel,Marriott Hotels,239.28,USD,2023-09-23T21:56:00,Hotel stay at Marriott Hotels during product summit,False
TXN001916,Customer_0423,savings,West,dining,Panera Bread,2864.1,USD,2023-04-19T19:50:00,Morning coffee and pastry at Panera Bread,False
TXN001917,Customer_0117,credit,West,travel,Uber,1741.5,USD,2023-06-07T21:30:00,Flight to Chicago via Uber for annual conference,False
TXN001918,Customer_0021,credit,Midwest,healthcare,Urgent Care Now,813.55,USD,2024-01-30T12:48:00,Prescription refill at Urgent Care Now,False
TXN001919,Customer_0249,checking,Southeast,entertainment,Apple iTunes,3329.04,USD,2024-04-07T18:49:00,Movie tickets at Apple iTunes — family outing,False
TXN001920,Customer_0062,credit,West,travel,Delta Airlines,384.99,USD,2024-06-09T01:15:00,Flight to Chicago via Delta Airlines for annual conference,False
TXN001921,Customer_0457,checking,West,insurance,Allstate,2765.79,USD,2023-02-20T15:18:00,Life insurance premium payment to Allstate,False
TXN001922,Customer_0318,credit,Midwest,utilities,Verizon,1589.59,USD,2023-12-30T05:38:00,Monthly Verizon internet and cable bill,False
TXN001923,Customer_0253,savings,Midwest,dining,Panera Bread,781.12,USD,2023-09-13T07:35:00,"Lunch with the team at Panera Bread, celebrated Q3 results",False
TXN001924,Customer_0058,savings,Southeast,travel,Delta Airlines,3857.91,USD,2024-01-21T21:20:00,Hotel stay at Delta Airlines during product summit,False
TXN001925,Customer_0466,checking,Northeast,entertainment,Apple iTunes,1724.34,USD,2023-07-20T06:18:00,Movie tickets at Apple iTunes — family outing,False
TXN001926,Customer_0261,credit,Southwest,education,Coursera,2262.4,USD,2023-12-05T00:17:00,Textbook purchase at Coursera for continuing ed,False
TXN001927,Customer_0260,credit,Midwest,travel,Delta Airlines,2764.25,USD,2023-03-15T19:49:00,Hotel stay at Delta Airlines during product summit,False
TXN001928,Customer_0094,savings,West,utilities,National Grid,1161.92,USD,2023-08-03T05:56:00,National Grid electricity bill for the apartment,False
TXN001929,Customer_0255,savings,Midwest,healthcare,Blue Cross Premium,1209.69,USD,2023-06-24T05:58:00,Prescription refill at Blue Cross Premium,False
TXN001930,Customer_0278,checking,Southeast,travel,Delta Airlines,367.09,USD,2023-05-18T00:41:00,Hotel stay at Delta Airlines during product summit,False
TXN001931,Customer_0474,savings,Southeast,travel,Marriott Hotels,1289.84,USD,2023-02-13T04:37:00,Car rental from Marriott Hotels for client site visit,False
TXN001932,Customer_0369,checking,West,rent,Sunset Apartments,1964.33,USD,2023-06-26T19:46:00,Monthly rent payment to Sunset Apartments,False
TXN001933,Customer_0133,credit,Southwest,travel,Delta Airlines,1699.54,USD,2023-01-28T20:42:00,Hotel stay at Delta Airlines during product summit,False
TXN001934,Customer_0276,checking,Northeast,dining,Starbucks,3258.71,USD,2023-10-07T18:34:00,"Lunch with the team at Starbucks, celebrated Q3 results",False
TXN001935,Customer_0436,checking,Northeast,utilities,Comcast Xfinity,3686.05,USD,2023-06-27T02:23:00,Monthly Comcast Xfinity internet and cable bill,False
TXN001936,Customer_0223,credit,West,insurance,Geico,1679.34,USD,2024-05-26T12:19:00,Life insurance premium payment to Geico,False
TXN001937,Customer_0276,checking,West,dining,Olive Garden,2391.12,USD,2023-11-13T09:48:00,"Lunch with the team at Olive Garden, celebrated Q3 results",False
TXN001938,Customer_0469,savings,West,groceries,Whole Foods,803.59,USD,2024-06-21T15:15:00,Quick stop at Whole Foods for produce and dairy,False
TXN001939,Customer_0145,savings,Midwest,insurance,Progressive,4319.13,USD,2023-05-02T19:27:00,Life insurance premium payment to Progressive,False
TXN001940,Customer_0367,savings,Southeast,utilities,ConEdison,815.42,USD,2023-07-03T02:12:00,ConEdison wireless plan — family plan renewal,False
TXN001941,Customer_0273,checking,Northeast,entertainment,Netflix,1283.03,USD,2023-10-16T23:31:00,Netflix monthly subscription auto-renewal,False
TXN001942,Customer_0079,savings,Southwest,rent,Apartment LLC,2122.41,USD,2023-10-12T18:44:00,Monthly rent payment to Apartment LLC,False
TXN001943,Customer_0011,checking,Southeast,travel,Hertz,900.24,USD,2024-03-18T13:26:00,Car rental from Hertz for client site visit,True
TXN001944,Customer_0383,checking,Southwest,travel,Delta Airlines,29.19,USD,2023-12-11T06:34:00,Flight to Chicago via Delta Airlines for annual conference,False
TXN001945,Customer_0092,savings,Southeast,dining,Chipotle,2844.98,USD,2024-06-26T07:35:00,"Client dinner at Chipotle, discussed Q4 roadmap",False
TXN001946,Customer_0415,credit,Southeast,healthcare,Urgent Care Now,732.47,USD,2023-03-05T01:28:00,Lab work order from Urgent Care Now,False
TXN001947,Customer_0440,checking,Southeast,shopping,Target,3404.51,USD,2023-07-31T16:39:00,In-store purchase at Target — seasonal wardrobe,False
TXN001948,Customer_0259,savings,Northeast,utilities,Comcast Xfinity,1836.75,USD,2024-02-17T05:25:00,Comcast Xfinity electricity bill for the apartment,False
TXN001949,Customer_0001,checking,Southeast,utilities,National Grid,1374.64,USD,2023-06-08T21:32:00,National Grid wireless plan — family plan renewal,False
TXN001950,Customer_0277,credit,Southeast,utilities,Comcast Xfinity,2741.44,USD,2023-12-24T05:29:00,Comcast Xfinity wireless plan — family plan renewal,False
TXN001951,Customer_0377,credit,Northeast,dining,Olive Garden,1467.52,USD,2024-02-20T15:31:00,"Client dinner at Olive Garden, discussed Q4 roadmap",False
TXN001952,Customer_0086,checking,Southwest,groceries,Kroger,3256.47,USD,2024-06-19T03:54:00,"Monthly bulk purchase at Kroger, household supplies",False
TXN001953,Customer_0228,savings,Northeast,entertainment,Spotify,2797.16,USD,2024-04-16T16:44:00,Spotify monthly subscription auto-renewal,False
TXN001954,Customer_0278,credit,Midwest,rent,Sunset Apartments,3840.26,USD,2023-12-25T21:31:00,Lease renewal fee at Sunset Apartments,False
TXN001955,Customer_0489,savings,Southwest,groceries,Trader Joe's,1761.6,USD,2024-01-29T05:39:00,"Monthly bulk purchase at Trader Joe's, household supplies",False
TXN001956,Customer_0316,credit,Southwest,rent,Apartment LLC,1459.91,USD,2023-06-16T10:20:00,Monthly rent payment to Apartment LLC,False
TXN001957,Customer_0378,savings,Southeast,entertainment,Steam,2865.9,USD,2023-01-24T14:17:00,Movie tickets at Steam — family outing,False
TXN001958,Customer_0156,checking,West,travel,Hertz,1906.62,USD,2024-02-10T15:01:00,Hotel stay at Hertz during product summit,False
TXN001959,Customer_0131,credit,Midwest,insurance,USAA,1384.94,USD,2023-10-19T12:17:00,USAA renters insurance quarterly payment,False
TXN001960,Customer_0058,savings,West,insurance,State Farm,3609.91,USD,2023-09-06T09:53:00,Life insurance premium payment to State Farm,False
TXN001961,Customer_0274,checking,West,healthcare,Walgreens,3300.18,USD,2023-10-27T18:34:00,Annual physical copay at Walgreens,True
TXN001962,Customer_0328,credit,West,entertainment,AMC Theaters,3566.55,USD,2023-01-11T10:10:00,AMC Theaters monthly subscription auto-renewal,False
TXN001963,Customer_0204,savings,Midwest,groceries,Trader Joe's,632.24,USD,2023-03-04T00:53:00,Quick stop at Trader Joe's for produce and dairy,False
TXN001964,Customer_0114,checking,Southwest,entertainment,Apple iTunes,1616.77,USD,2023-07-14T21:51:00,In-app purchase on Apple iTunes platform,False
TXN001965,Customer_0317,credit,West,education,MIT OpenCourseWare,3667.54,USD,2023-09-26T23:06:00,MIT OpenCourseWare annual learning subscription,False
TXN001966,Customer_0404,savings,Northeast,shopping,Target,676.45,USD,2023-02-18T00:13:00,Online order from Target — home office equipment,False
TXN001967,Customer_0446,credit,Midwest,healthcare,Blue Cross Premium,1817.82,USD,2023-07-28T00:58:00,Lab work order from Blue Cross Premium,False
TXN001968,Customer_0290,checking,West,healthcare,Blue Cross Premium,441.43,USD,2023-10-29T13:28:00,Annual physical copay at Blue Cross Premium,False
TXN001969,Customer_0272,savings,Southeast,insurance,Allstate,4105.64,USD,2024-02-29T20:51:00,Life insurance premium payment to Allstate,False
TXN001970,Customer_0025,checking,Midwest,dining,Starbucks,1678.76,USD,2023-10-30T09:16:00,"Client dinner at Starbucks, discussed Q4 roadmap",False
TXN001971,Customer_0489,savings,Southwest,rent,Apartment LLC,2180.35,USD,2024-02-15T11:10:00,Security deposit — Apartment LLC,False
TXN001972,Customer_0166,savings,Southwest,groceries,Kroger,3544.35,USD,2024-03-22T15:08:00,"Weekly grocery run at Kroger, stocked up on essentials",False
TXN001973,Customer_0312,checking,Midwest,shopping,Target,4225.54,USD,2023-08-30T06:59:00,Online order from Target — home office equipment,False
TXN001974,Customer_0462,savings,Midwest,entertainment,Steam,1167.5,USD,2023-10-23T21:50:00,Steam monthly subscription auto-renewal,False
TXN001975,Customer_0435,checking,Southwest,rent,Urban Living Co,1969.64,USD,2023-08-19T10:00:00,Lease renewal fee at Urban Living Co,False
TXN001976,Customer_0053,checking,Southwest,dining,Starbucks,1501.91,USD,2023-02-27T00:47:00,"Client dinner at Starbucks, discussed Q4 roadmap",False
TXN001977,Customer_0368,savings,Southeast,travel,Marriott Hotels,4187.68,USD,2023-05-27T20:29:00,Flight to Chicago via Marriott Hotels for annual conference,False
TXN001978,Customer_0317,savings,Southwest,shopping,Best Buy,2893.21,USD,2023-11-25T22:43:00,Flash sale purchase at Best Buy,False
TXN001979,Customer_0349,savings,Southeast,healthcare,Walgreens,2632.13,USD,2023-11-17T03:25:00,Prescription refill at Walgreens,False
TXN001980,Customer_0035,checking,Midwest,insurance,Progressive,1660.25,USD,2023-02-23T16:54:00,Progressive renters insurance quarterly payment,False
TXN001981,Customer_0158,savings,West,healthcare,LabCorp,421.89,USD,2023-08-24T11:40:00,Lab work order from LabCorp,False
TXN001982,Customer_0437,credit,Midwest,travel,Uber,3932.93,USD,2023-04-25T14:07:00,Hotel stay at Uber during product summit,False
TXN001983,Customer_0462,credit,Southeast,entertainment,Apple iTunes,901.48,USD,2023-02-07T10:14:00,In-app purchase on Apple iTunes platform,False
TXN001984,Customer_0216,checking,Northeast,insurance,Geico,882.58,USD,2023-07-25T07:52:00,Monthly Geico auto insurance premium,False
TXN001985,Customer_0260,credit,Southeast,rent,Urban Living Co,4213.84,USD,2023-03-11T11:50:00,Security deposit — Urban Living Co,False
TXN001986,Customer_0223,checking,Midwest,insurance,Allstate,48.34,USD,2023-03-06T10:11:00,Monthly Allstate auto insurance premium,False
TXN001987,Customer_0168,credit,Southeast,entertainment,Steam,3743.64,USD,2024-05-09T16:03:00,In-app purchase on Steam platform,False
TXN001988,Customer_0150,savings,West,rent,Apartment LLC,1914.73,USD,2024-05-23T02:47:00,Security deposit — Apartment LLC,False
TXN001989,Customer_0034,savings,Southeast,shopping,Target,3641.78,USD,2023-08-03T12:08:00,Flash sale purchase at Target,False
TXN001990,Customer_0498,savings,Northeast,rent,Metro Realty,2832.83,USD,2023-01-30T22:02:00,Security deposit — Metro Realty,False
TXN001991,Customer_0009,credit,Southeast,insurance,USAA,1534.58,USD,2023-12-15T05:06:00,Life insurance premium payment to USAA,False
TXN001992,Customer_0148,checking,Midwest,insurance,USAA,2987.75,USD,2024-02-04T08:47:00,USAA renters insurance quarterly payment,False
TXN001993,Customer_0344,credit,West,insurance,Progressive,3381.12,USD,2024-01-15T14:10:00,Life insurance premium payment to Progressive,False
TXN001994,Customer_0387,credit,Southeast,healthcare,Blue Cross Premium,2859.82,USD,2024-06-14T23:07:00,Annual physical copay at Blue Cross Premium,False
TXN001995,Customer_0237,credit,Southwest,groceries,Trader Joe's,326.2,USD,2023-03-17T04:19:00,"Weekly grocery run at Trader Joe's, stocked up on essentials",False
TXN001996,Customer_0475,savings,Southwest,utilities,Verizon,4044.72,USD,2024-06-25T09:58:00,Verizon electricity bill for the apartment,False
TXN001997,Customer_0255,checking,Southwest,healthcare,CVS Pharmacy,3577.65,USD,2024-02-05T16:06:00,Annual physical copay at CVS Pharmacy,False
TXN001998,Customer_0223,credit,Northeast,utilities,AT&T,2379.09,USD,2023-03-25T18:15:00,Monthly AT&T internet and cable bill,False
TXN001999,Customer_0296,checking,Northeast,education,Barnes & Noble,1241.58,USD,2023-06-20T03:28:00,Barnes & Noble course enrollment — data engineering,False
TXN002000,Customer_0474,savings,Southwest,groceries,Walmart Grocery,669.39,USD,2023-08-01T07:52:00,Quick stop at Walmart Grocery for produce and dairy,False
TXN002001,Customer_0387,credit,West,dining,The Cheesecake Factory,2273.14,USD,2023-01-13T21:20:00,Morning coffee and pastry at The Cheesecake Factory,False
TXN002002,Customer_0124,credit,Northeast,shopping,Amazon,3351.14,USD,2023-01-11T07:54:00,Flash sale purchase at Amazon,False
TXN002003,Customer_0179,checking,Southeast,rent,Sunset Apartments,609.13,USD,2024-03-12T01:36:00,Security deposit — Sunset Apartments,False
TXN002004,Customer_0368,checking,Northeast,insurance,Progressive,3590.22,USD,2023-10-18T10:03:00,Life insurance premium payment to Progressive,False
TXN002005,Customer_0464,savings,Southwest,entertainment,Spotify,2077.37,USD,2024-05-23T06:24:00,Movie tickets at Spotify — family outing,False
TXN002006,Customer_0369,credit,West,travel,Airbnb,980.56,USD,2023-09-09T06:22:00,Flight to Chicago via Airbnb for annual conference,False
TXN002007,Customer_0165,savings,Northeast,rent,Apartment LLC,36.98,USD,2024-01-11T20:18:00,Lease renewal fee at Apartment LLC,False
TXN002008,Customer_0193,checking,Southwest,utilities,AT&T,1507.73,USD,2024-05-14T18:11:00,AT&T wireless plan — family plan renewal,False
TXN002009,Customer_0348,credit,Northeast,dining,Chipotle,1309.35,USD,2023-05-18T16:58:00,"Client dinner at Chipotle, discussed Q4 roadmap",False
TXN002010,Customer_0305,savings,West,education,Udemy,131.64,USD,2024-02-24T00:21:00,Textbook purchase at Udemy for continuing ed,False
TXN002011,Customer_0132,checking,West,entertainment,Spotify,374.52,USD,2023-03-20T01:57:00,Movie tickets at Spotify — family outing,False
TXN002012,Customer_0447,credit,Midwest,education,MIT OpenCourseWare,4012.94,USD,2024-02-24T08:02:00,MIT OpenCourseWare annual learning subscription,False
TXN002013,Customer_0070,savings,Southeast,dining,Chipotle,3013.41,USD,2023-01-09T08:09:00,"Lunch with the team at Chipotle, celebrated Q3 results",False
TXN002014,Customer_0053,savings,Midwest,utilities,National Grid,4201.65,USD,2023-10-05T14:07:00,Monthly National Grid internet and cable bill,False
TXN002015,Customer_0012,credit,West,rent,Urban Living Co,1429.86,USD,2023-02-15T13:31:00,Lease renewal fee at Urban Living Co,False
TXN002016,Customer_0391,savings,Southwest,rent,Apartment LLC,785.78,USD,2024-06-05T14:48:00,Lease renewal fee at Apartment LLC,False
TXN002017,Customer_0426,savings,Southwest,healthcare,LabCorp,3851.28,USD,2024-04-09T04:54:00,Prescription refill at LabCorp,False
TXN002018,Customer_0413,credit,Southwest,education,MIT OpenCourseWare,100.62,USD,2023-05-03T03:48:00,MIT OpenCourseWare course enrollment — data engineering,False
TXN002019,Customer_0258,credit,Northeast,entertainment,Netflix,1376.28,USD,2024-06-03T15:13:00,Netflix monthly subscription auto-renewal,False
TXN002020,Customer_0208,savings,West,education,MIT OpenCourseWare,1004.89,USD,2024-04-05T00:53:00,MIT OpenCourseWare annual learning subscription,False
TXN002021,Customer_0483,savings,Southeast,utilities,AT&T,60.99,USD,2024-06-08T20:55:00,AT&T wireless plan — family plan renewal,False
TXN002022,Customer_0136,checking,Northeast,groceries,Trader Joe's,579.08,USD,2023-09-26T02:41:00,"Monthly bulk purchase at Trader Joe's, household supplies",False
TXN002023,Customer_0231,savings,Southeast,utilities,AT&T,161.65,USD,2023-01-08T08:48:00,AT&T wireless plan — family plan renewal,False
TXN002024,Customer_0430,credit,Midwest,groceries,Whole Foods,3107.19,USD,2023-04-13T18:13:00,"Monthly bulk purchase at Whole Foods, household supplies",False
TXN002025,Customer_0316,savings,Northeast,healthcare,Walgreens,-243.95,USD,2023-05-28T04:48:00,Lab work order from Walgreens,False
TXN002026,Customer_0078,credit,West,education,Coursera,3287.2,USD,2023-09-19T18:26:00,Coursera annual learning subscription,False
TXN002027,Customer_0407,checking,Southeast,travel,Uber,4463.39,USD,2023-10-24T00:16:00,Flight to Chicago via Uber for annual conference,False
TXN002028,Customer_0319,checking,Northeast,utilities,Comcast Xfinity,453.06,USD,2023-07-17T09:24:00,Comcast Xfinity electricity bill for the apartment,False
TXN002029,Customer_0230,credit,Southeast,dining,Panera Bread,-275.35,USD,2023-02-27T04:49:00,"Lunch with the team at Panera Bread, celebrated Q3 results",False
TXN002030,Customer_0370,checking,Northeast,rent,Metro Realty,1762.2,USD,2024-01-05T06:26:00,Monthly rent payment to Metro Realty,False
TXN002031,Customer_0161,checking,Northeast,rent,Apartment LLC,1528.64,USD,2023-04-09T15:15:00,Monthly rent payment to Apartment LLC,False
TXN002032,Customer_0237,checking,Southeast,rent,Apartment LLC,3594.39,USD,2023-02-05T20:28:00,Monthly rent payment to Apartment LLC,False
TXN002033,Customer_0022,credit,Southwest,dining,Chipotle,2434.71,USD,2024-04-28T02:41:00,"Lunch with the team at Chipotle, celebrated Q3 results",False
TXN002034,Customer_0162,credit,Midwest,travel,Marriott Hotels,117.16,USD,2024-02-22T03:31:00,Flight to Chicago via Marriott Hotels for annual conference,False
TXN002035,Customer_0126,savings,Northeast,travel,Hertz,-132.13,USD,2023-05-29T07:48:00,Flight to Chicago via Hertz for annual conference,False
TXN002036,Customer_0008,checking,Midwest,travel,Marriott Hotels,653.29,USD,2023-07-05T06:58:00,Hotel stay at Marriott Hotels during product summit,False
TXN002037,Customer_0009,credit,Midwest,dining,Starbucks,4112.81,USD,2023-11-09T23:52:00,Morning coffee and pastry at Starbucks,False
TXN002038,Customer_0094,savings,Midwest,education,Udemy,2778.52,USD,2023-11-20T03:14:00,Textbook purchase at Udemy for continuing ed,False
TXN002039,Customer_0154,credit,Southwest,education,Chegg,2933.7,USD,2023-01-25T21:08:00,Chegg course enrollment — data engineering,False
TXN002040,Customer_0019,checking,Northeast,healthcare,LabCorp,2432.52,USD,2023-04-19T18:42:00,Lab work order from LabCorp,False
TXN002041,Customer_0451,savings,Midwest,insurance,USAA,772.43,USD,2024-02-28T08:30:00,Monthly USAA auto insurance premium,False
TXN002042,Customer_0031,checking,Southwest,insurance,Allstate,966.45,USD,2024-06-22T08:19:00,Monthly Allstate auto insurance premium,False
TXN002043,Customer_0286,checking,Southwest,groceries,Aldi,1042.09,USD,2023-04-23T18:02:00,"Monthly bulk purchase at Aldi, household supplies",False
TXN002044,Customer_0026,savings,Southwest,rent,First Place Rentals,390.46,USD,2024-06-25T06:25:00,Monthly rent payment to First Place Rentals,False
TXN002045,Customer_0138,credit,West,travel,Marriott Hotels,4408.52,USD,2023-10-04T14:02:00,Hotel stay at Marriott Hotels during product summit,False
TXN002046,Customer_0141,savings,Southeast,dining,Starbucks,4344.76,USD,2023-06-01T22:54:00,Morning coffee and pastry at Starbucks,True
TXN002047,Customer_0481,credit,Southeast,dining,Starbucks,3346.94,USD,2023-01-15T11:57:00,"Lunch with the team at Starbucks, celebrated Q3 results",False
TXN002048,Customer_0128,savings,West,utilities,Comcast Xfinity,-261.9,USD,2024-04-09T07:37:00,Monthly Comcast Xfinity internet and cable bill,False
TXN002049,Customer_0291,checking,Northeast,groceries,Whole Foods,2347.31,USD,2023-09-16T03:25:00,"Monthly bulk purchase at Whole Foods, household supplies",False
TXN002050,Customer_0322,checking,Southeast,groceries,Aldi,1733.25,USD,2023-05-23T21:31:00,"Weekly grocery run at Aldi, stocked up on essentials",False
TXN002051,Customer_0373,savings,Southwest,education,Barnes & Noble,2396.04,USD,2023-02-15T12:00:00,Barnes & Noble annual learning subscription,False
TXN002052,Customer_0483,credit,West,healthcare,LabCorp,4450.52,USD,2024-05-06T08:24:00,Lab work order from LabCorp,False
TXN002053,Customer_0264,savings,Southeast,groceries,Whole Foods,3672.63,USD,2023-09-13T13:07:00,"Monthly bulk purchase at Whole Foods, household supplies",False
TXN002054,Customer_0044,savings,Northeast,utilities,National Grid,4183.41,USD,2024-01-14T22:16:00,Monthly National Grid internet and cable bill,False
TXN002055,Customer_0413,credit,Northeast,travel,Hertz,-319.78,USD,2023-03-12T11:13:00,Hotel stay at Hertz during product summit,False
TXN002056,Customer_0193,credit,Southwest,utilities,ConEdison,1852.97,USD,2023-09-14T09:37:00,ConEdison electricity bill for the apartment,False
TXN002057,Customer_0049,checking,Southwest,entertainment,Steam,1990.07,USD,2023-05-22T08:56:00,In-app purchase on Steam platform,False
TXN002058,Customer_0353,credit,Southeast,groceries,Trader Joe's,3466.11,USD,2023-05-22T20:14:00,"Monthly bulk purchase at Trader Joe's, household supplies",False
TXN002059,Customer_0073,checking,Southwest,rent,Metro Realty,676.07,USD,2023-12-21T16:56:00,Monthly rent payment to Metro Realty,False
TXN002060,Customer_0184,credit,Southeast,entertainment,AMC Theaters,2106.72,USD,2024-02-26T09:10:00,AMC Theaters monthly subscription auto-renewal,False
TXN002061,Customer_0082,credit,Northeast,utilities,ConEdison,83.2,USD,2023-05-23T17:44:00,ConEdison electricity bill for the apartment,False
TXN002062,Customer_0091,credit,Midwest,insurance,Geico,1886.93,USD,2023-12-21T18:01:00,Life insurance premium payment to Geico,False
TXN002063,Customer_0113,checking,Midwest,shopping,Amazon,278.44,USD,2024-03-12T13:01:00,Online order from Amazon — home office equipment,False
TXN002064,Customer_0016,checking,Southeast,travel,Hertz,2353.06,USD,2023-07-25T04:36:00,Flight to Chicago via Hertz for annual conference,False
TXN002065,Customer_0485,credit,Midwest,shopping,Amazon,-452.7,USD,2023-01-12T15:47:00,In-store purchase at Amazon — seasonal wardrobe,False
TXN002066,Customer_0160,savings,Northeast,healthcare,Walgreens,4110.94,USD,2023-11-09T20:11:00,Lab work order from Walgreens,False
TXN002067,Customer_0423,checking,Northeast,education,Chegg,3835.33,USD,2023-04-01T10:15:00,Chegg course enrollment — data engineering,True
TXN002068,Customer_0133,checking,Midwest,education,Udemy,1394.53,USD,2024-03-07T02:31:00,Udemy annual learning subscription,False
TXN002069,Customer_0384,credit,Southeast,insurance,State Farm,4231.2,USD,2024-04-14T21:11:00,Monthly State Farm auto insurance premium,False
TXN002070,Customer_0199,savings,West,groceries,Aldi,3813.63,USD,2023-06-06T04:17:00,Quick stop at Aldi for produce and dairy,False
TXN002071,Customer_0439,savings,Southwest,rent,Sunset Apartments,3836.09,USD,2023-10-28T15:29:00,Security deposit — Sunset Apartments,False
TXN002072,Customer_0019,savings,Northeast,travel,Hertz,2877.81,USD,2024-06-06T09:32:00,Flight to Chicago via Hertz for annual conference,False
TXN002073,Customer_0416,checking,Midwest,entertainment,Spotify,1062.64,USD,2023-02-24T09:46:00,Spotify monthly subscription auto-renewal,False
TXN002074,Customer_0173,credit,West,shopping,Zara,4263.9,USD,2023-09-16T19:47:00,Online order from Zara — home office equipment,False
TXN002075,Customer_0497,savings,Midwest,travel,Uber,2588.87,USD,2023-10-17T20:52:00,Hotel stay at Uber during product summit,False
TXN002076,Customer_0101,credit,Southwest,dining,Chipotle,3197.61,USD,2023-03-24T16:09:00,Morning coffee and pastry at Chipotle,False
TXN002077,Customer_0301,savings,Southwest,groceries,Kroger,1383.72,USD,2024-05-29T05:46:00,"Weekly grocery run at Kroger, stocked up on essentials",False
TXN002078,Customer_0208,savings,Midwest,insurance,Progressive,3607.16,USD,2023-01-19T11:54:00,Life insurance premium payment to Progressive,False
TXN002079,Customer_0190,savings,Southeast,dining,Chipotle,414.53,USD,2023-10-13T02:51:00,"Lunch with the team at Chipotle, celebrated Q3 results",False
TXN002080,Customer_0487,credit,West,utilities,AT&T,-307.59,USD,2023-01-05T07:31:00,Monthly AT&T internet and cable bill,False
TXN002081,Customer_0032,credit,Southeast,insurance,Allstate,4443.61,USD,2023-04-18T19:28:00,Monthly Allstate auto insurance premium,False
TXN002082,Customer_0142,checking,Northeast,rent,First Place Rentals,-49.29,USD,2023-08-03T09:58:00,Lease renewal fee at First Place Rentals,False
TXN002083,Customer_0051,credit,West,dining,Starbucks,3377.2,USD,2024-02-29T01:49:00,"Lunch with the team at Starbucks, celebrated Q3 results",False
TXN002084,Customer_0385,checking,Southwest,shopping,Target,3078.42,USD,2023-09-22T03:37:00,In-store purchase at Target — seasonal wardrobe,False
TXN002085,Customer_0322,checking,Northeast,education,Barnes & Noble,3903.67,USD,2023-07-30T14:21:00,Textbook purchase at Barnes & Noble for continuing ed,False
TXN002086,Customer_0086,credit,Southwest,insurance,State Farm,541.61,USD,2024-03-30T16:47:00,Life insurance premium payment to State Farm,True
TXN002087,Customer_0240,checking,West,travel,Airbnb,3423.24,USD,2023-04-19T13:01:00,Car rental from Airbnb for client site visit,False
TXN002088,Customer_0067,checking,Southwest,insurance,Geico,2117.57,USD,2024-01-29T08:30:00,Life insurance premium payment to Geico,False
TXN002089,Customer_0021,savings,West,dining,Olive Garden,2185.82,USD,2023-04-19T00:11:00,"Lunch with the team at Olive Garden, celebrated Q3 results",False
TXN002090,Customer_0402,savings,West,insurance,Geico,3253.96,USD,2024-05-27T01:00:00,Life insurance premium payment to Geico,False
TXN002091,Customer_0449,savings,Southeast,entertainment,AMC Theaters,3593.82,USD,2023-06-16T03:25:00,AMC Theaters monthly subscription auto-renewal,False
TXN002092,Customer_0434,savings,Midwest,shopping,Zara,3436.57,USD,2024-02-12T21:30:00,Flash sale purchase at Zara,True
TXN002093,Customer_0126,credit,Midwest,education,MIT OpenCourseWare,1969.0,USD,2023-05-26T02:20:00,MIT OpenCourseWare course enrollment — data engineering,False
TXN002094,Customer_0003,savings,Northeast,dining,Panera Bread,3706.41,USD,2023-08-11T06:23:00,"Client dinner at Panera Bread, discussed Q4 roadmap",False
TXN002095,Customer_0384,credit,Northeast,insurance,Progressive,1272.9,USD,2023-08-16T18:08:00,Monthly Progressive auto insurance premium,False
TXN002096,Customer_0379,savings,Southwest,entertainment,Apple iTunes,-456.87,USD,2023-03-18T00:20:00,Apple iTunes monthly subscription auto-renewal,False
TXN002097,Customer_0244,credit,Midwest,groceries,Trader Joe's,1660.51,USD,2024-02-02T22:18:00,"Weekly grocery run at Trader Joe's, stocked up on essentials",False
TXN002098,Customer_0169,checking,Midwest,utilities,Comcast Xfinity,3905.47,USD,2023-04-03T02:00:00,Comcast Xfinity wireless plan — family plan renewal,False
TXN002099,Customer_0080,savings,Southwest,dining,The Cheesecake Factory,1895.65,USD,2024-03-10T03:20:00,"Client dinner at The Cheesecake Factory, discussed Q4 roadmap",False
TXN002100,Customer_0057,checking,Southwest,insurance,Progressive,3351.35,USD,2023-03-20T14:58:00,Progressive renters insurance quarterly payment,False
TXN002101,Customer_0255,credit,Northeast,dining,Starbucks,2667.28,USD,2023-12-16T11:16:00,"Lunch with the team at Starbucks, celebrated Q3 results",False
TXN002102,Customer_0010,checking,Midwest,groceries,Aldi,727.69,USD,2023-10-27T13:48:00,Quick stop at Aldi for produce and dairy,False
TXN002103,Customer_0019,savings,Northeast,healthcare,LabCorp,3480.37,USD,2024-03-28T03:01:00,Annual physical copay at LabCorp,False
TXN002104,Customer_0135,credit,West,groceries,Aldi,555.65,USD,2024-06-28T20:48:00,Quick stop at Aldi for produce and dairy,False
TXN002105,Customer_0117,credit,Northeast,groceries,Trader Joe's,2192.61,USD,2023-07-10T14:18:00,"Weekly grocery run at Trader Joe's, stocked up on essentials",False
TXN002106,Customer_0197,checking,Southeast,entertainment,Apple iTunes,3177.02,USD,2023-06-26T10:16:00,In-app purchase on Apple iTunes platform,False
TXN002107,Customer_0096,credit,Southwest,shopping,Zara,4415.79,USD,2023-11-04T01:28:00,In-store purchase at Zara — seasonal wardrobe,False
TXN002108,Customer_0350,checking,Southeast,entertainment,Spotify,2006.71,USD,2024-05-04T02:55:00,Spotify monthly subscription auto-renewal,False
TXN002109,Customer_0206,savings,West,utilities,ConEdison,3271.2,USD,2023-05-22T11:38:00,Monthly ConEdison internet and cable bill,False
TXN002110,Customer_0027,savings,Northeast,insurance,Allstate,2270.25,USD,2023-09-27T16:58:00,Life insurance premium payment to Allstate,False
TXN002111,Customer_0190,checking,Midwest,shopping,Zara,-170.63,USD,2023-01-07T11:50:00,Flash sale purchase at Zara,True
TXN002112,Customer_0381,checking,Midwest,insurance,USAA,2136.82,USD,2024-04-05T13:16:00,Monthly USAA auto insurance premium,False
TXN002113,Customer_0231,checking,West,healthcare,Walgreens,2954.79,USD,2024-05-27T19:56:00,Lab work order from Walgreens,False
TXN002114,Customer_0301,credit,Northeast,healthcare,LabCorp,718.74,USD,2023-09-05T16:16:00,Annual physical copay at LabCorp,False
TXN002115,Customer_0067,savings,Southeast,travel,Airbnb,3872.11,USD,2023-07-04T01:45:00,Flight to Chicago via Airbnb for annual conference,False
TXN002116,Customer_0238,savings,West,travel,Airbnb,483.34,USD,2024-03-12T19:07:00,Flight to Chicago via Airbnb for annual conference,False
TXN002117,Customer_0316,credit,Midwest,dining,Panera Bread,262.14,USD,2023-04-27T09:17:00,"Lunch with the team at Panera Bread, celebrated Q3 results",False
TXN002118,Customer_0482,checking,West,shopping,Zara,1050.94,USD,2023-01-09T06:37:00,Flash sale purchase at Zara,False
TXN002119,Customer_0493,credit,Southwest,travel,Marriott Hotels,4043.71,USD,2023-01-15T03:56:00,Flight to Chicago via Marriott Hotels for annual conference,False
TXN002120,Customer_0280,checking,Northeast,shopping,Best Buy,3730.57,USD,2024-04-06T14:56:00,In-store purchase at Best Buy — seasonal wardrobe,False
TXN002121,Customer_0455,checking,Midwest,groceries,Trader Joe's,1803.28,USD,2023-01-12T01:18:00,"Weekly grocery run at Trader Joe's, stocked up on essentials",False
TXN002122,Customer_0470,savings,West,utilities,Comcast Xfinity,3758.91,USD,2023-08-18T03:55:00,Comcast Xfinity electricity bill for the apartment,False
TXN002123,Customer_0124,credit,Northeast,travel,Hertz,3522.43,USD,2023-08-16T18:02:00,Hotel stay at Hertz during product summit,False
TXN002124,Customer_0374,credit,Southwest,healthcare,LabCorp,707.45,USD,2023-11-29T03:44:00,Prescription refill at LabCorp,False
TXN002125,Customer_0389,savings,Southeast,rent,Urban Living Co,2081.77,USD,2023-03-31T05:57:00,Monthly rent payment to Urban Living Co,False
TXN002126,Customer_0396,credit,West,shopping,Target,2936.72,USD,2023-03-02T04:53:00,In-store purchase at Target — seasonal wardrobe,False
TXN002127,Customer_0233,checking,Southwest,shopping,IKEA,2908.24,USD,2023-11-08T11:13:00,In-store purchase at IKEA — seasonal wardrobe,False
TXN002128,Customer_0232,credit,Northeast,entertainment,Apple iTunes,2821.58,USD,2024-06-01T17:27:00,Movie tickets at Apple iTunes — family outing,False
TXN002129,Customer_0212,checking,Southeast,groceries,Kroger,2230.75,USD,2023-02-15T17:00:00,"Monthly bulk purchase at Kroger, household supplies",False
TXN002130,Customer_0396,checking,Midwest,dining,Olive Garden,2679.62,USD,2023-11-03T07:39:00,"Lunch with the team at Olive Garden, celebrated Q3 results",False
TXN002131,Customer_0089,checking,Midwest,entertainment,Apple iTunes,4112.84,USD,2023-07-17T07:13:00,Movie tickets at Apple iTunes — family outing,False
TXN002132,Customer_0192,credit,Midwest,travel,Marriott Hotels,307.22,USD,2023-12-19T01:07:00,Hotel stay at Marriott Hotels during product summit,False
TXN002133,Customer_0460,checking,Southeast,utilities,ConEdison,1481.88,USD,2024-02-19T18:32:00,ConEdison electricity bill for the apartment,False
TXN002134,Customer_0387,checking,Southeast,insurance,Progressive,3526.24,USD,2023-06-16T09:54:00,Life insurance premium payment to Progressive,False
TXN002135,Customer_0014,savings,Southwest,travel,Hertz,599.52,USD,2023-08-25T03:08:00,Hotel stay at Hertz during product summit,False
TXN002136,Customer_0228,savings,Southwest,entertainment,AMC Theaters,731.81,USD,2024-02-07T10:58:00,AMC Theaters monthly subscription auto-renewal,False
TXN002137,Customer_0125,savings,West,rent,First Place Rentals,4281.45,USD,2023-07-22T02:30:00,Monthly rent payment to First Place Rentals,False
TXN002138,Customer_0197,checking,Southwest,rent,Metro Realty,724.44,USD,2023-10-02T20:05:00,Security deposit — Metro Realty,False
TXN002139,Customer_0068,checking,West,education,MIT OpenCourseWare,4437.0,USD,2024-04-02T02:44:00,MIT OpenCourseWare annual learning subscription,False
TXN002140,Customer_0217,savings,West,education,MIT OpenCourseWare,3252.85,USD,2023-11-23T04:42:00,MIT OpenCourseWare course enrollment — data engineering,False
TXN002141,Customer_0360,checking,Southwest,shopping,Best Buy,467.47,USD,2024-03-11T03:28:00,In-store purchase at Best Buy — seasonal wardrobe,False
TXN002142,Customer_0380,credit,Midwest,utilities,AT&T,2572.01,USD,2023-11-19T04:17:00,Monthly AT&T internet and cable bill,False
TXN002143,Customer_0170,savings,Northeast,travel,Delta Airlines,1595.48,USD,2023-11-22T03:17:00,Flight to Chicago via Delta Airlines for annual conference,False
TXN002144,Customer_0342,checking,Southwest,travel,Delta Airlines,2881.11,USD,2024-03-28T15:58:00,Car rental from Delta Airlines for client site visit,False
TXN002145,Customer_0355,credit,Midwest,travel,Uber,2726.56,USD,2023-05-15T04:05:00,Hotel stay at Uber during product summit,False
TXN002146,Customer_0478,credit,Northeast,utilities,ConEdison,3591.54,USD,2023-07-04T23:59:00,ConEdison wireless plan — family plan renewal,False
TXN002147,Customer_0325,savings,Southwest,entertainment,Apple iTunes,2219.41,USD,2023-07-23T06:56:00,In-app purchase on Apple iTunes platform,False
TXN002148,Customer_0049,savings,Southwest,travel,Hertz,4437.87,USD,2023-02-28T05:21:00,Car rental from Hertz for client site visit,False
TXN002149,Customer_0171,credit,Southwest,insurance,Progressive,1240.84,USD,2024-01-03T23:33:00,Progressive renters insurance quarterly payment,False
TXN002150,Customer_0245,checking,West,insurance,State Farm,3149.12,USD,2023-06-26T00:47:00,State Farm renters insurance quarterly payment,False
TXN002151,Customer_0186,savings,Southeast,shopping,IKEA,2964.79,USD,2023-11-23T23:23:00,Online order from IKEA — home office equipment,False
TXN002152,Customer_0446,savings,Northeast,rent,Sunset Apartments,2501.74,USD,2023-04-19T17:11:00,Monthly rent payment to Sunset Apartments,False
TXN002153,Customer_0097,credit,Midwest,shopping,Target,2015.26,USD,2023-07-04T20:00:00,In-store purchase at Target — seasonal wardrobe,False
TXN002154,Customer_0292,credit,Southeast,travel,Marriott Hotels,4149.65,USD,2023-01-12T00:38:00,Flight to Chicago via Marriott Hotels for annual conference,False
TXN002155,Customer_0069,savings,West,shopping,IKEA,3742.48,USD,2023-01-01T08:58:00,Online order from IKEA — home office equipment,False
TXN002156,Customer_0035,savings,Midwest,healthcare,CVS Pharmacy,1629.07,USD,2023-02-10T00:45:00,Lab work order from CVS Pharmacy,False
TXN002157,Customer_0126,savings,Southeast,dining,Chipotle,3422.36,USD,2023-07-01T04:10:00,Morning coffee and pastry at Chipotle,False
TXN002158,Customer_0437,checking,Northeast,education,Coursera,4273.62,USD,2024-03-05T00:59:00,Coursera course enrollment — data engineering,False
TXN002159,Customer_0205,checking,West,education,Chegg,172.54,USD,2023-02-26T15:27:00,Chegg annual learning subscription,False
TXN002160,Customer_0182,checking,Northeast,shopping,Best Buy,3190.66,USD,2023-11-30T07:29:00,Online order from Best Buy — home office equipment,False
TXN002161,Customer_0076,checking,Northeast,entertainment,Steam,2003.89,USD,2023-07-30T06:50:00,Steam monthly subscription auto-renewal,False
TXN002162,Customer_0223,savings,Southeast,groceries,Aldi,1277.6,USD,2023-07-24T22:06:00,Quick stop at Aldi for produce and dairy,False
TXN002163,Customer_0092,savings,West,entertainment,AMC Theaters,4119.69,USD,2024-02-02T16:23:00,AMC Theaters monthly subscription auto-renewal,False
TXN002164,Customer_0129,credit,Midwest,shopping,Amazon,3864.65,USD,2023-07-04T19:02:00,In-store purchase at Amazon — seasonal wardrobe,False
TXN002165,Customer_0262,credit,West,shopping,Amazon,1478.43,USD,2023-01-21T02:53:00,In-store purchase at Amazon — seasonal wardrobe,False
TXN002166,Customer_0094,checking,Southeast,rent,First Place Rentals,853.59,USD,2023-10-21T17:14:00,Lease renewal fee at First Place Rentals,False
TXN002167,Customer_0138,savings,West,entertainment,AMC Theaters,3459.78,USD,2023-12-10T06:32:00,AMC Theaters monthly subscription auto-renewal,False
TXN002168,Customer_0085,savings,Midwest,rent,Metro Realty,2568.38,USD,2024-01-14T23:14:00,Security deposit — Metro Realty,False
TXN002169,Customer_0240,checking,Southeast,travel,Airbnb,2557.35,USD,2024-06-12T13:46:00,Car rental from Airbnb for client site visit,False
TXN002170,Customer_0448,savings,Midwest,dining,Chipotle,2682.31,USD,2024-05-08T23:17:00,"Lunch with the team at Chipotle, celebrated Q3 results",False
TXN002171,Customer_0009,checking,Southwest,shopping,Best Buy,1449.19,USD,2023-08-14T15:34:00,Online order from Best Buy — home office equipment,False
TXN002172,Customer_0211,credit,Northeast,shopping,Amazon,2201.84,USD,2023-10-28T07:29:00,In-store purchase at Amazon — seasonal wardrobe,False
TXN002173,Customer_0043,credit,West,insurance,Progressive,-365.23,USD,2023-12-26T13:16:00,Progressive renters insurance quarterly payment,False
TXN002174,Customer_0207,credit,Northeast,education,Udemy,3946.39,USD,2024-01-12T21:19:00,Udemy annual learning subscription,False
TXN002175,Customer_0293,checking,Northeast,dining,Olive Garden,3675.06,USD,2023-06-02T14:30:00,"Client dinner at Olive Garden, discussed Q4 roadmap",False
TXN002176,Customer_0172,checking,West,travel,Hertz,54.86,USD,2024-01-30T00:18:00,Flight to Chicago via Hertz for annual conference,False
TXN002177,Customer_0117,credit,Southeast,healthcare,Blue Cross Premium,154.53,USD,2024-03-30T08:58:00,Annual physical copay at Blue Cross Premium,False
TXN002178,Customer_0226,credit,Southeast,insurance,State Farm,126.59,USD,2023-01-23T12:30:00,Monthly State Farm auto insurance premium,False
TXN002179,Customer_0211,savings,Southwest,dining,Olive Garden,827.75,USD,2023-10-15T02:39:00,"Lunch with the team at Olive Garden, celebrated Q3 results",True
TXN002180,Customer_0112,credit,Midwest,insurance,Allstate,2913.46,USD,2023-02-17T12:30:00,Life insurance premium payment to Allstate,False
TXN002181,Customer_0357,credit,Southwest,rent,Sunset Apartments,1374.54,USD,2024-05-30T15:25:00,Monthly rent payment to Sunset Apartments,True
TXN002182,Customer_0293,checking,Southeast,healthcare,LabCorp,3798.07,USD,2023-05-01T22:29:00,Prescription refill at LabCorp,False
TXN002183,Customer_0206,credit,West,insurance,Allstate,3442.97,USD,2023-01-31T13:25:00,Life insurance premium payment to Allstate,False
TXN002184,Customer_0493,credit,Northeast,groceries,Whole Foods,3434.71,USD,2024-04-30T06:51:00,Quick stop at Whole Foods for produce and dairy,False
TXN002185,Customer_0418,credit,Southeast,travel,Hertz,365.01,USD,2024-05-17T03:35:00,Car rental from Hertz for client site visit,False
TXN002186,Customer_0469,checking,Southwest,healthcare,Walgreens,2089.11,USD,2024-03-09T09:39:00,Prescription refill at Walgreens,False
TXN002187,Customer_0357,credit,Southwest,shopping,Zara,714.02,USD,2023-08-29T02:43:00,In-store purchase at Zara — seasonal wardrobe,False
TXN002188,Customer_0010,checking,Midwest,healthcare,LabCorp,4453.1,USD,2024-01-03T18:39:00,Lab work order from LabCorp,False
TXN002189,Customer_0175,credit,West,education,Coursera,2696.67,USD,2023-07-14T00:23:00,Textbook purchase at Coursera for continuing ed,False
TXN002190,Customer_0288,credit,Midwest,rent,First Place Rentals,4313.86,USD,2023-09-09T01:44:00,Monthly rent payment to First Place Rentals,False
TXN002191,Customer_0258,checking,West,dining,Panera Bread,2426.8,USD,2024-01-21T20:17:00,Morning coffee and pastry at Panera Bread,False
TXN002192,Customer_0389,checking,Northeast,dining,The Cheesecake Factory,2377.03,USD,2024-01-24T20:54:00,Morning coffee and pastry at The Cheesecake Factory,False
TXN002193,Customer_0103,savings,Northeast,rent,Urban Living Co,2301.95,USD,2023-04-28T15:03:00,Lease renewal fee at Urban Living Co,False
TXN002194,Customer_0025,checking,Northeast,travel,Airbnb,1346.06,USD,2024-06-09T20:34:00,Car rental from Airbnb for client site visit,False
TXN002195,Customer_0308,savings,Southwest,dining,Panera Bread,1812.49,USD,2023-06-28T20:55:00,"Lunch with the team at Panera Bread, celebrated Q3 results",False
TXN002196,Customer_0235,checking,Southwest,entertainment,Apple iTunes,-426.08,USD,2024-06-03T21:37:00,In-app purchase on Apple iTunes platform,False
TXN002197,Customer_0046,checking,West,rent,Urban Living Co,2912.57,USD,2023-01-03T13:59:00,Lease renewal fee at Urban Living Co,False
TXN002198,Customer_0242,savings,West,dining,Olive Garden,3864.32,USD,2023-05-16T00:35:00,"Client dinner at Olive Garden, discussed Q4 roadmap",False
TXN002199,Customer_0326,checking,West,travel,Delta Airlines,2813.93,USD,2023-07-19T21:57:00,Flight to Chicago via Delta Airlines for annual conference,False
TXN002200,Customer_0323,credit,Southeast,entertainment,AMC Theaters,1470.66,USD,2023-09-17T10:33:00,AMC Theaters monthly subscription auto-renewal,False
TXN002201,Customer_0152,credit,Southeast,education,Coursera,808.0,USD,2023-11-02T05:42:00,Coursera course enrollment — data engineering,False
TXN002202,Customer_0475,checking,Southeast,utilities,National Grid,88.46,USD,2024-04-14T11:15:00,National Grid wireless plan — family plan renewal,True
TXN002203,Customer_0475,credit,Northeast,insurance,Progressive,2033.81,USD,2023-09-13T19:24:00,Life insurance premium payment to Progressive,False
TXN002204,Customer_0193,savings,Southeast,education,Coursera,4132.72,USD,2023-11-12T01:22:00,Coursera course enrollment — data engineering,False
TXN002205,Customer_0418,savings,Midwest,shopping,Best Buy,3393.78,USD,2023-10-13T21:01:00,Flash sale purchase at Best Buy,False
TXN002206,Customer_0448,credit,Southwest,shopping,Best Buy,2462.8,USD,2024-04-07T15:15:00,Flash sale purchase at Best Buy,False
TXN002207,Customer_0066,checking,West,entertainment,Steam,689.45,USD,2023-02-09T12:25:00,In-app purchase on Steam platform,False
TXN002208,Customer_0067,savings,Southwest,rent,First Place Rentals,1837.85,USD,2023-11-14T18:52:00,Lease renewal fee at First Place Rentals,False
TXN002209,Customer_0310,credit,West,travel,Marriott Hotels,231.99,USD,2023-07-08T05:26:00,Car rental from Marriott Hotels for client site visit,False
TXN002210,Customer_0233,credit,Southwest,travel,Delta Airlines,1879.2,USD,2024-02-22T05:12:00,Hotel stay at Delta Airlines during product summit,False
TXN002211,Customer_0337,checking,Southwest,shopping,Zara,4089.52,USD,2023-09-11T06:20:00,Flash sale purchase at Zara,False
TXN002212,Customer_0231,credit,Southeast,education,Chegg,2318.88,USD,2024-01-17T13:00:00,Chegg annual learning subscription,False
TXN002213,Customer_0444,savings,Southwest,utilities,ConEdison,781.14,USD,2023-09-10T03:20:00,ConEdison wireless plan — family plan renewal,False
TXN002214,Customer_0207,checking,Northeast,insurance,State Farm,385.45,USD,2023-01-05T02:18:00,Life insurance premium payment to State Farm,False
TXN002215,Customer_0484,checking,Midwest,education,Chegg,3781.14,USD,2023-08-21T01:55:00,Chegg course enrollment — data engineering,False
TXN002216,Customer_0295,savings,Midwest,rent,Apartment LLC,-260.71,USD,2023-06-05T20:53:00,Monthly rent payment to Apartment LLC,False
TXN002217,Customer_0168,credit,West,travel,Delta Airlines,2759.97,USD,2023-11-01T05:47:00,Car rental from Delta Airlines for client site visit,False
TXN002218,Customer_0333,checking,Northeast,travel,Uber,1486.13,USD,2024-06-15T05:14:00,Flight to Chicago via Uber for annual conference,False
TXN002219,Customer_0220,credit,Northeast,utilities,AT&T,4196.53,USD,2023-09-25T17:57:00,AT&T wireless plan — family plan renewal,False
TXN002220,Customer_0018,credit,Midwest,travel,Hertz,4145.87,USD,2024-02-16T17:08:00,Car rental from Hertz for client site visit,False
TXN002221,Customer_0002,savings,Southwest,dining,Panera Bread,1643.41,USD,2024-02-23T13:06:00,Morning coffee and pastry at Panera Bread,False
TXN002222,Customer_0392,credit,Midwest,shopping,Zara,4401.88,USD,2023-01-07T09:15:00,In-store purchase at Zara — seasonal wardrobe,False
TXN002223,Customer_0116,checking,Southeast,entertainment,Steam,546.72,USD,2024-05-08T21:39:00,In-app purchase on Steam platform,False
TXN002224,Customer_0101,credit,Southeast,shopping,Amazon,237.97,USD,2023-03-17T15:22:00,Online order from Amazon — home office equipment,False
TXN002225,Customer_0024,checking,Midwest,shopping,Amazon,3429.27,USD,2023-03-14T18:12:00,Flash sale purchase at Amazon,False
TXN002226,Customer_0095,savings,Midwest,utilities,Comcast Xfinity,186.21,USD,2023-10-09T14:18:00,Comcast Xfinity electricity bill for the apartment,False
TXN002227,Customer_0491,credit,West,groceries,Walmart Grocery,1943.48,USD,2023-05-12T07:20:00,Quick stop at Walmart Grocery for produce and dairy,False
TXN002228,Customer_0312,checking,West,groceries,Kroger,1449.48,USD,2023-02-04T22:35:00,Quick stop at Kroger for produce and dairy,False
TXN002229,Customer_0086,credit,Southwest,healthcare,CVS Pharmacy,3129.37,USD,2023-12-22T02:17:00,Annual physical copay at CVS Pharmacy,False
TXN002230,Customer_0407,savings,Southwest,utilities,ConEdison,2724.56,USD,2023-01-02T11:22:00,Monthly ConEdison internet and cable bill,False
TXN002231,Customer_0139,credit,Southwest,dining,Chipotle,4028.91,USD,2024-02-06T21:23:00,"Client dinner at Chipotle, discussed Q4 roadmap",False
TXN002232,Customer_0002,checking,Midwest,dining,Panera Bread,2911.52,USD,2023-01-12T18:15:00,"Lunch with the team at Panera Bread, celebrated Q3 results",False
TXN002233,Customer_0142,checking,Southeast,groceries,Walmart Grocery,4018.08,USD,2023-06-03T05:05:00,Quick stop at Walmart Grocery for produce and dairy,False
TXN002234,Customer_0393,credit,Northeast,groceries,Trader Joe's,1724.87,USD,2023-09-02T16:23:00,"Monthly bulk purchase at Trader Joe's, household supplies",False
TXN002235,Customer_0498,credit,Northeast,insurance,USAA,3081.79,USD,2024-03-31T17:34:00,USAA renters insurance quarterly payment,True
TXN002236,Customer_0498,savings,Midwest,shopping,Best Buy,2738.32,USD,2024-03-23T22:38:00,Online order from Best Buy — home office equipment,False
TXN002237,Customer_0029,checking,Southwest,utilities,Comcast Xfinity,3245.14,USD,2024-04-24T09:16:00,Comcast Xfinity electricity bill for the apartment,False
TXN002238,Customer_0250,checking,Southwest,insurance,USAA,3430.58,USD,2024-05-09T01:38:00,Monthly USAA auto insurance premium,False
TXN002239,Customer_0371,credit,Midwest,dining,Olive Garden,2770.03,USD,2023-08-16T02:05:00,Morning coffee and pastry at Olive Garden,False
TXN002240,Customer_0142,credit,Midwest,travel,Airbnb,455.67,USD,2023-02-18T10:10:00,Hotel stay at Airbnb during product summit,False
TXN002241,Customer_0207,checking,Midwest,utilities,Comcast Xfinity,541.28,USD,2024-04-10T21:43:00,Comcast Xfinity wireless plan — family plan renewal,False
TXN002242,Customer_0348,checking,West,travel,Delta Airlines,1020.38,USD,2024-05-03T08:23:00,Hotel stay at Delta Airlines during product summit,False
TXN002243,Customer_0443,credit,Southeast,entertainment,Steam,3143.52,USD,2023-07-21T02:28:00,Movie tickets at Steam — family outing,False
TXN002244,Customer_0174,credit,Southeast,entertainment,Steam,335.06,USD,2023-10-06T13:56:00,Movie tickets at Steam — family outing,False
TXN002245,Customer_0168,credit,Southwest,shopping,IKEA,3928.14,USD,2024-01-20T00:23:00,Online order from IKEA — home office equipment,False
TXN002246,Customer_0155,checking,Southeast,groceries,Trader Joe's,1732.73,USD,2024-01-18T15:52:00,"Monthly bulk purchase at Trader Joe's, household supplies",False
TXN002247,Customer_0025,savings,Northeast,education,Coursera,4081.29,USD,2024-02-07T07:02:00,Coursera course enrollment — data engineering,False
TXN002248,Customer_0272,credit,Northeast,utilities,National Grid,1672.49,USD,2024-03-15T08:53:00,Monthly National Grid internet and cable bill,True
TXN002249,Customer_0023,credit,Northeast,insurance,USAA,54.22,USD,2023-06-18T01:51:00,Monthly USAA auto insurance premium,False
TXN002250,Customer_0174,checking,Southeast,groceries,Trader Joe's,612.97,USD,2024-04-16T11:36:00,Quick stop at Trader Joe's for produce and dairy,False
TXN002251,Customer_0423,checking,West,rent,Metro Realty,3859.32,USD,2023-02-12T01:39:00,Monthly rent payment to Metro Realty,False
TXN002252,Customer_0470,savings,Midwest,shopping,Amazon,3884.37,USD,2023-11-26T08:51:00,Online order from Amazon — home office equipment,False
TXN002253,Customer_0493,credit,Midwest,rent,Urban Living Co,1439.01,USD,2023-10-20T10:14:00,Monthly rent payment to Urban Living Co,False
TXN002254,Customer_0281,credit,West,dining,Olive Garden,2839.64,USD,2023-12-23T20:22:00,"Lunch with the team at Olive Garden, celebrated Q3 results",False
TXN002255,Customer_0444,checking,Southwest,entertainment,AMC Theaters,1794.63,USD,2024-01-15T04:07:00,In-app purchase on AMC Theaters platform,False
TXN002256,Customer_0121,savings,Northeast,education,Coursera,3148.85,USD,2024-03-06T04:19:00,Textbook purchase at Coursera for continuing ed,False
TXN002257,Customer_0079,savings,West,groceries,Kroger,1337.02,USD,2023-01-17T04:12:00,"Weekly grocery run at Kroger, stocked up on essentials",False
TXN002258,Customer_0489,checking,Northeast,dining,The Cheesecake Factory,1646.42,USD,2023-03-11T14:14:00,Morning coffee and pastry at The Cheesecake Factory,False
TXN002259,Customer_0028,savings,Southwest,dining,Panera Bread,3641.29,USD,2024-03-26T18:03:00,"Client dinner at Panera Bread, discussed Q4 roadmap",False
TXN002260,Customer_0168,savings,West,travel,Uber,342.36,USD,2023-09-29T01:45:00,Hotel stay at Uber during product summit,False
TXN002261,Customer_0356,savings,Southwest,entertainment,AMC Theaters,441.35,USD,2023-02-25T10:46:00,AMC Theaters monthly subscription auto-renewal,False
TXN002262,Customer_0273,savings,West,rent,Apartment LLC,4196.16,USD,2023-11-04T22:25:00,Lease renewal fee at Apartment LLC,False
TXN002263,Customer_0100,savings,Southwest,shopping,Best Buy,3983.86,USD,2024-05-21T08:40:00,In-store purchase at Best Buy — seasonal wardrobe,False
TXN002264,Customer_0240,checking,Southeast,education,Chegg,4297.03,USD,2023-09-06T23:44:00,Chegg annual learning subscription,False
TXN002265,Customer_0413,credit,Northeast,education,Coursera,1197.79,USD,2023-07-10T05:01:00,Coursera annual learning subscription,False
TXN002266,Customer_0074,credit,Southwest,shopping,IKEA,980.48,USD,2024-05-05T06:50:00,Online order from IKEA — home office equipment,False
TXN002267,Customer_0472,checking,Midwest,utilities,Verizon,-434.95,USD,2023-09-03T05:52:00,Verizon electricity bill for the apartment,False
TXN002268,Customer_0133,checking,West,education,Chegg,3868.3,USD,2024-04-29T07:39:00,Chegg annual learning subscription,False
TXN002269,Customer_0073,checking,Southeast,travel,Marriott Hotels,2409.45,USD,2023-09-02T21:11:00,Car rental from Marriott Hotels for client site visit,True
TXN002270,Customer_0316,checking,Southeast,dining,The Cheesecake Factory,4462.13,USD,2023-06-29T16:17:00,Morning coffee and pastry at The Cheesecake Factory,False
TXN002271,Customer_0269,checking,Southwest,utilities,ConEdison,2970.99,USD,2023-01-10T21:30:00,ConEdison electricity bill for the apartment,False
TXN002272,Customer_0065,savings,Northeast,healthcare,CVS Pharmacy,3793.12,USD,2024-03-29T10:27:00,Annual physical copay at CVS Pharmacy,False
TXN002273,Customer_0064,checking,Northeast,rent,First Place Rentals,911.82,USD,2024-02-07T09:15:00,Monthly rent payment to First Place Rentals,False
TXN002274,Customer_0078,checking,West,travel,Marriott Hotels,4468.06,USD,2024-04-05T14:29:00,Hotel stay at Marriott Hotels during product summit,False
TXN002275,Customer_0489,savings,West,dining,Panera Bread,2280.51,USD,2023-11-02T23:30:00,Morning coffee and pastry at Panera Bread,True
TXN002276,Customer_0018,savings,Southwest,education,Coursera,-192.33,USD,2023-11-17T05:39:00,Coursera course enrollment — data engineering,False
TXN002277,Customer_0020,credit,West,entertainment,Spotify,1298.05,USD,2023-11-01T23:03:00,Movie tickets at Spotify — family outing,False
TXN002278,Customer_0243,savings,Southwest,education,MIT OpenCourseWare,3040.91,USD,2023-06-21T13:29:00,MIT OpenCourseWare course enrollment — data engineering,False
TXN002279,Customer_0082,checking,Northeast,healthcare,Urgent Care Now,3789.15,USD,2023-09-08T22:25:00,Prescription refill at Urgent Care Now,False
TXN002280,Customer_0207,savings,West,insurance,Progressive,3812.04,USD,2023-03-14T09:36:00,Life insurance premium payment to Progressive,False
TXN002281,Customer_0268,checking,Southwest,healthcare,Urgent Care Now,2907.37,USD,2024-05-11T23:36:00,Annual physical copay at Urgent Care Now,False
TXN002282,Customer_0260,savings,Northeast,entertainment,Apple iTunes,1163.31,USD,2023-11-19T10:00:00,Apple iTunes monthly subscription auto-renewal,False
TXN002283,Customer_0224,savings,Southeast,rent,Urban Living Co,3706.84,USD,2023-05-11T04:47:00,Monthly rent payment to Urban Living Co,False
TXN002284,Customer_0368,credit,Southwest,rent,Metro Realty,460.92,USD,2024-06-30T20:04:00,Security deposit — Metro Realty,False
TXN002285,Customer_0117,savings,Northeast,dining,The Cheesecake Factory,1300.98,USD,2023-01-05T22:04:00,Morning coffee and pastry at The Cheesecake Factory,False
TXN002286,Customer_0084,checking,Southeast,education,Chegg,3147.06,USD,2024-06-27T22:58:00,Chegg annual learning subscription,False
TXN002287,Customer_0083,savings,West,education,MIT OpenCourseWare,3721.07,USD,2024-04-17T23:32:00,MIT OpenCourseWare course enrollment — data engineering,False
TXN002288,Customer_0066,checking,West,dining,Olive Garden,2370.97,USD,2024-06-22T20:34:00,Morning coffee and pastry at Olive Garden,False
TXN002289,Customer_0035,savings,Southwest,groceries,Walmart Grocery,2462.22,USD,2023-02-20T12:44:00,"Monthly bulk purchase at Walmart Grocery, household supplies",False
TXN002290,Customer_0240,credit,Southwest,utilities,ConEdison,2892.74,USD,2023-10-05T12:01:00,ConEdison wireless plan — family plan renewal,False
TXN002291,Customer_0291,savings,Southeast,healthcare,Urgent Care Now,3091.71,USD,2023-09-05T00:54:00,Annual physical copay at Urgent Care Now,False
TXN002292,Customer_0430,credit,Northeast,education,Udemy,1780.4,USD,2023-05-25T13:05:00,Udemy course enrollment — data engineering,False
TXN002293,Customer_0164,credit,West,travel,Delta Airlines,1887.03,USD,2024-06-02T13:17:00,Flight to Chicago via Delta Airlines for annual conference,False
TXN002294,Customer_0455,savings,Midwest,insurance,Allstate,1478.36,USD,2023-04-13T05:16:00,Allstate renters insurance quarterly payment,False
TXN002295,Customer_0173,credit,West,entertainment,Netflix,240.1,USD,2024-06-27T04:18:00,Netflix monthly subscription auto-renewal,False
TXN002296,Customer_0055,checking,Southeast,healthcare,CVS Pharmacy,1724.85,USD,2023-09-20T09:16:00,Annual physical copay at CVS Pharmacy,False
TXN002297,Customer_0074,checking,Southeast,insurance,USAA,2128.03,USD,2024-06-25T13:58:00,Life insurance premium payment to USAA,False
TXN002298,Customer_0421,savings,Northeast,shopping,Amazon,3491.01,USD,2023-03-07T14:01:00,Flash sale purchase at Amazon,False
TXN002299,Customer_0480,savings,Southeast,shopping,Target,3969.13,USD,2023-08-06T16:41:00,Online order from Target — home office equipment,False
TXN002300,Customer_0274,checking,Northeast,travel,Delta Airlines,-307.67,USD,2023-10-12T23:04:00,Car rental from Delta Airlines for client site visit,False
TXN002301,Customer_0422,credit,West,rent,Apartment LLC,3466.86,USD,2024-05-11T18:56:00,Lease renewal fee at Apartment LLC,False
TXN002302,Customer_0186,savings,Southwest,entertainment,AMC Theaters,2500.8,USD,2023-10-04T16:00:00,AMC Theaters monthly subscription auto-renewal,False
TXN002303,Customer_0385,credit,West,groceries,Kroger,1595.95,USD,2023-11-03T16:00:00,"Weekly grocery run at Kroger, stocked up on essentials",False
TXN002304,Customer_0425,credit,Southwest,education,Udemy,-171.71,USD,2023-02-16T04:42:00,Udemy annual learning subscription,False
TXN002305,Customer_0334,checking,Southeast,groceries,Trader Joe's,2778.38,USD,2023-04-03T11:58:00,"Monthly bulk purchase at Trader Joe's, household supplies",False
TXN002306,Customer_0009,savings,Southeast,travel,Uber,1265.25,USD,2023-11-16T04:02:00,Car rental from Uber for client site visit,False
TXN002307,Customer_0224,savings,Midwest,rent,Sunset Apartments,2071.96,USD,2024-01-10T03:42:00,Lease renewal fee at Sunset Apartments,False
TXN002308,Customer_0268,credit,Southeast,insurance,Allstate,1206.54,USD,2023-07-26T00:32:00,Life insurance premium payment to Allstate,False
TXN002309,Customer_0203,credit,Southwest,travel,Hertz,3541.25,USD,2023-10-11T03:36:00,Hotel stay at Hertz during product summit,False
TXN002310,Customer_0378,credit,Midwest,utilities,Comcast Xfinity,4369.98,USD,2024-01-21T22:39:00,Monthly Comcast Xfinity internet and cable bill,False
TXN002311,Customer_0265,checking,Northeast,travel,Airbnb,3774.7,USD,2024-03-30T06:44:00,Hotel stay at Airbnb during product summit,True
TXN002312,Customer_0469,credit,Northeast,shopping,Target,965.3,USD,2024-01-16T02:51:00,Flash sale purchase at Target,False
TXN002313,Customer_0076,savings,Midwest,dining,Panera Bread,2255.43,USD,2023-12-15T18:19:00,Morning coffee and pastry at Panera Bread,False
TXN002314,Customer_0121,checking,West,insurance,USAA,4201.37,USD,2023-05-28T07:41:00,Monthly USAA auto insurance premium,False
TXN002315,Customer_0088,checking,West,education,Barnes & Noble,-79.99,USD,2023-02-27T01:45:00,Barnes & Noble annual learning subscription,False
TXN002316,Customer_0322,credit,West,shopping,Best Buy,3928.78,USD,2023-02-26T21:56:00,In-store purchase at Best Buy — seasonal wardrobe,False
TXN002317,Customer_0322,savings,West,education,Chegg,1456.71,USD,2024-05-23T10:20:00,Chegg annual learning subscription,False
TXN002318,Customer_0432,savings,Southeast,insurance,Geico,2435.84,USD,2024-04-18T16:04:00,Life insurance premium payment to Geico,False
TXN002319,Customer_0155,savings,Southwest,dining,The Cheesecake Factory,2713.36,USD,2024-02-04T05:25:00,"Client dinner at The Cheesecake Factory, discussed Q4 roadmap",False
TXN002320,Customer_0106,credit,Northeast,utilities,Verizon,2479.47,USD,2023-06-09T00:43:00,Verizon electricity bill for the apartment,False
TXN002321,Customer_0093,checking,Southwest,dining,Starbucks,2673.58,USD,2023-01-29T20:54:00,"Lunch with the team at Starbucks, celebrated Q3 results",False
TXN002322,Customer_0332,credit,Southwest,dining,Olive Garden,453.46,USD,2024-02-01T20:50:00,Morning coffee and pastry at Olive Garden,False
TXN002323,Customer_0469,savings,West,insurance,State Farm,2921.61,USD,2023-02-07T03:03:00,Monthly State Farm auto insurance premium,False
TXN002324,Customer_0074,savings,Southwest,travel,Marriott Hotels,3508.11,USD,2023-08-25T07:17:00,Hotel stay at Marriott Hotels during product summit,False
TXN002325,Customer_0472,checking,Southeast,insurance,Allstate,1370.53,USD,2023-11-20T01:26:00,Life insurance premium payment to Allstate,False
TXN002326,Customer_0374,checking,Southeast,education,Barnes & Noble,1864.88,USD,2023-12-13T11:44:00,Barnes & Noble annual learning subscription,False
TXN002327,Customer_0431,credit,Southeast,education,Chegg,3330.11,USD,2023-04-13T10:21:00,Chegg course enrollment — data engineering,False
TXN002328,Customer_0048,credit,West,groceries,Walmart Grocery,-67.85,USD,2023-08-16T16:17:00,Quick stop at Walmart Grocery for produce and dairy,False
TXN002329,Customer_0276,checking,Northeast,entertainment,AMC Theaters,1403.75,USD,2023-03-20T09:04:00,AMC Theaters monthly subscription auto-renewal,False
TXN002330,Customer_0079,checking,Midwest,education,Coursera,4139.26,USD,2023-02-20T06:25:00,Coursera annual learning subscription,False
TXN002331,Customer_0479,credit,Southwest,education,Coursera,2826.89,USD,2023-03-18T23:02:00,Textbook purchase at Coursera for continuing ed,False
TXN002332,Customer_0119,credit,Midwest,education,Chegg,-441.83,USD,2023-10-01T11:27:00,Chegg annual learning subscription,False
TXN002333,Customer_0469,checking,West,entertainment,Steam,2587.4,USD,2024-03-13T09:52:00,In-app purchase on Steam platform,True
TXN002334,Customer_0389,savings,Southwest,shopping,Target,2761.14,USD,2023-08-02T03:22:00,Online order from Target — home office equipment,False
TXN002335,Customer_0466,credit,Southeast,education,MIT OpenCourseWare,3180.35,USD,2024-03-25T07:06:00,Textbook purchase at MIT OpenCourseWare for continuing ed,False
TXN002336,Customer_0046,savings,Southwest,insurance,State Farm,174.67,USD,2024-01-13T22:42:00,Life insurance premium payment to State Farm,False
TXN002337,Customer_0438,credit,Midwest,travel,Marriott Hotels,791.85,USD,2023-03-12T17:22:00,Flight to Chicago via Marriott Hotels for annual conference,False
TXN002338,Customer_0013,savings,Southeast,entertainment,Apple iTunes,2625.94,USD,2023-11-04T09:50:00,Apple iTunes monthly subscription auto-renewal,False
TXN002339,Customer_0381,credit,Southwest,education,MIT OpenCourseWare,799.2,USD,2024-01-01T17:18:00,Textbook purchase at MIT OpenCourseWare for continuing ed,False
TXN002340,Customer_0059,savings,Northeast,education,MIT OpenCourseWare,4193.85,USD,2024-03-28T00:21:00,MIT OpenCourseWare annual learning subscription,True
TXN002341,Customer_0290,credit,Northeast,travel,Marriott Hotels,2313.72,USD,2023-10-21T03:14:00,Flight to Chicago via Marriott Hotels for annual conference,False
TXN002342,Customer_0030,credit,Southwest,entertainment,AMC Theaters,2160.41,USD,2023-09-19T17:13:00,Movie tickets at AMC Theaters — family outing,False
TXN002343,Customer_0415,credit,Southeast,education,MIT OpenCourseWare,3313.07,USD,2024-02-19T09:42:00,MIT OpenCourseWare course enrollment — data engineering,False
TXN002344,Customer_0437,credit,Midwest,utilities,Comcast Xfinity,3654.53,USD,2023-01-31T18:46:00,Monthly Comcast Xfinity internet and cable bill,False
TXN002345,Customer_0194,savings,West,shopping,Target,2512.45,USD,2023-05-07T19:47:00,Online order from Target — home office equipment,False
TXN002346,Customer_0383,savings,Southeast,shopping,IKEA,-498.7,USD,2023-10-12T05:51:00,In-store purchase at IKEA — seasonal wardrobe,False
TXN002347,Customer_0113,savings,Southwest,groceries,Trader Joe's,605.71,USD,2023-02-10T02:57:00,"Weekly grocery run at Trader Joe's, stocked up on essentials",False
TXN002348,Customer_0184,credit,Northeast,education,Chegg,997.08,USD,2023-04-07T15:55:00,Chegg annual learning subscription,False
TXN002349,Customer_0207,checking,Midwest,dining,The Cheesecake Factory,2862.31,USD,2023-10-28T00:39:00,"Lunch with the team at The Cheesecake Factory, celebrated Q3 results",False
TXN002350,Customer_0465,savings,West,utilities,ConEdison,2063.36,USD,2023-11-11T04:55:00,Monthly ConEdison internet and cable bill,False
TXN002351,Customer_0066,savings,Southeast,groceries,Whole Foods,1729.87,USD,2023-03-10T18:37:00,"Monthly bulk purchase at Whole Foods, household supplies",False
TXN002352,Customer_0389,checking,Southeast,healthcare,Blue Cross Premium,2853.51,USD,2024-05-12T21:28:00,Lab work order from Blue Cross Premium,False
TXN002353,Customer_0496,credit,Midwest,entertainment,Netflix,-464.01,USD,2023-01-03T05:47:00,In-app purchase on Netflix platform,False
TXN002354,Customer_0480,savings,Midwest,healthcare,CVS Pharmacy,3250.42,USD,2023-09-19T17:25:00,Lab work order from CVS Pharmacy,False
TXN002355,Customer_0124,checking,Northeast,travel,Hertz,-237.07,USD,2023-09-16T11:17:00,Car rental from Hertz for client site visit,False
TXN002356,Customer_0102,checking,Midwest,dining,The Cheesecake Factory,2172.5,USD,2023-04-06T03:16:00,Morning coffee and pastry at The Cheesecake Factory,False
TXN002357,Customer_0163,checking,Northeast,rent,Sunset Apartments,2329.18,USD,2023-05-18T22:00:00,Lease renewal fee at Sunset Apartments,False
TXN002358,Customer_0223,savings,Northeast,rent,Metro Realty,1101.15,USD,2024-06-10T06:03:00,Security deposit — Metro Realty,False
TXN002359,Customer_0275,savings,Southeast,healthcare,Urgent Care Now,273.69,USD,2023-03-29T09:13:00,Prescription refill at Urgent Care Now,False
TXN002360,Customer_0274,savings,Southeast,healthcare,CVS Pharmacy,1129.52,USD,2023-04-17T00:31:00,Prescription refill at CVS Pharmacy,False
TXN002361,Customer_0208,credit,Southwest,dining,Olive Garden,442.44,USD,2023-11-24T13:19:00,"Client dinner at Olive Garden, discussed Q4 roadmap",False
TXN002362,Customer_0002,checking,West,education,Coursera,2892.21,USD,2023-07-22T07:59:00,Textbook purchase at Coursera for continuing ed,False
TXN002363,Customer_0007,savings,Northeast,dining,The Cheesecake Factory,810.53,USD,2023-02-24T05:12:00,"Client dinner at The Cheesecake Factory, discussed Q4 roadmap",False
TXN002364,Customer_0172,credit,Northeast,insurance,Allstate,4395.75,USD,2023-12-01T04:10:00,Allstate renters insurance quarterly payment,False
TXN002365,Customer_0019,checking,Midwest,dining,Chipotle,-207.38,USD,2023-03-19T08:20:00,"Client dinner at Chipotle, discussed Q4 roadmap",False
TXN002366,Customer_0218,checking,Southeast,rent,Urban Living Co,434.04,USD,2024-06-15T04:08:00,Monthly rent payment to Urban Living Co,False
TXN002367,Customer_0445,credit,Southeast,travel,Uber,146.62,USD,2023-07-08T21:11:00,Flight to Chicago via Uber for annual conference,False
TXN002368,Customer_0379,credit,Northeast,shopping,Target,128.75,USD,2023-03-19T03:48:00,Flash sale purchase at Target,False
TXN002369,Customer_0117,credit,Southeast,insurance,Progressive,1010.2,USD,2024-01-08T05:33:00,Monthly Progressive auto insurance premium,False
TXN002370,Customer_0172,savings,Midwest,dining,Starbucks,1098.44,USD,2023-12-08T04:13:00,"Lunch with the team at Starbucks, celebrated Q3 results",False
TXN002371,Customer_0227,savings,Northeast,insurance,Allstate,3477.46,USD,2023-06-27T08:37:00,Allstate renters insurance quarterly payment,False
TXN002372,Customer_0487,savings,Southeast,shopping,Target,-406.07,USD,2024-03-23T14:40:00,In-store purchase at Target — seasonal wardrobe,False
TXN002373,Customer_0185,checking,Southwest,utilities,ConEdison,2579.95,USD,2024-04-28T07:22:00,ConEdison wireless plan — family plan renewal,False
TXN002374,Customer_0492,savings,Midwest,dining,The Cheesecake Factory,803.15,USD,2023-12-07T18:54:00,Morning coffee and pastry at The Cheesecake Factory,False
TXN002375,Customer_0328,credit,Northeast,education,Chegg,1666.95,USD,2024-03-02T13:19:00,Chegg course enrollment — data engineering,False
TXN002376,Customer_0358,savings,Southeast,education,MIT OpenCourseWare,1125.22,USD,2023-10-23T14:49:00,MIT OpenCourseWare course enrollment — data engineering,False
TXN002377,Customer_0174,checking,Southwest,entertainment,Steam,3239.96,USD,2024-02-22T04:48:00,In-app purchase on Steam platform,False
TXN002378,Customer_0104,credit,West,rent,First Place Rentals,3366.98,USD,2024-05-20T18:09:00,Security deposit — First Place Rentals,False
TXN002379,Customer_0331,credit,West,healthcare,Blue Cross Premium,709.16,USD,2023-07-21T23:40:00,Prescription refill at Blue Cross Premium,False
TXN002380,Customer_0211,credit,Midwest,utilities,ConEdison,960.2,USD,2024-05-27T23:27:00,ConEdison electricity bill for the apartment,False
TXN002381,Customer_0276,checking,Midwest,rent,Apartment LLC,3532.64,USD,2024-04-26T18:40:00,Security deposit — Apartment LLC,False
TXN002382,Customer_0441,checking,Southwest,rent,First Place Rentals,351.85,USD,2023-03-27T03:25:00,Lease renewal fee at First Place Rentals,False
TXN002383,Customer_0413,checking,West,insurance,State Farm,-16.45,USD,2023-05-14T12:03:00,Life insurance premium payment to State Farm,False
TXN002384,Customer_0418,savings,Southwest,travel,Delta Airlines,1236.04,USD,2023-01-20T17:57:00,Flight to Chicago via Delta Airlines for annual conference,False
TXN002385,Customer_0147,savings,Southeast,entertainment,Apple iTunes,534.62,USD,2023-11-01T14:25:00,Apple iTunes monthly subscription auto-renewal,False
TXN002386,Customer_0085,savings,Midwest,entertainment,Spotify,2603.8,USD,2023-12-19T12:13:00,Movie tickets at Spotify — family outing,False
TXN002387,Customer_0300,credit,Midwest,utilities,Verizon,2072.74,USD,2023-01-12T06:25:00,Monthly Verizon internet and cable bill,False
TXN002388,Customer_0093,credit,West,entertainment,Apple iTunes,364.26,USD,2024-01-28T22:18:00,Movie tickets at Apple iTunes — family outing,False
TXN002389,Customer_0211,credit,Southwest,dining,Olive Garden,2034.48,USD,2023-08-18T06:21:00,"Client dinner at Olive Garden, discussed Q4 roadmap",False
TXN002390,Customer_0180,credit,Northeast,dining,Chipotle,4301.92,USD,2023-04-27T12:49:00,"Lunch with the team at Chipotle, celebrated Q3 results",False
TXN002391,Customer_0100,checking,Southeast,rent,First Place Rentals,-378.4,USD,2023-10-06T08:13:00,Security deposit — First Place Rentals,False
TXN002392,Customer_0141,credit,Northeast,shopping,IKEA,3601.48,USD,2023-10-16T01:52:00,Flash sale purchase at IKEA,False
TXN002393,Customer_0223,savings,Southwest,entertainment,Netflix,284.03,USD,2023-08-10T01:04:00,Movie tickets at Netflix — family outing,False
TXN002394,Customer_0297,credit,Southwest,insurance,Geico,1805.05,USD,2023-03-27T00:03:00,Monthly Geico auto insurance premium,False
TXN002395,Customer_0214,savings,Northeast,travel,Delta Airlines,2385.72,USD,2024-02-18T17:02:00,Flight to Chicago via Delta Airlines for annual conference,False
TXN002396,Customer_0063,checking,Midwest,dining,Olive Garden,182.8,USD,2024-05-28T23:59:00,Morning coffee and pastry at Olive Garden,False
TXN002397,Customer_0102,checking,West,insurance,Progressive,4483.88,USD,2023-03-04T22:30:00,Monthly Progressive auto insurance premium,False
TXN002398,Customer_0196,checking,Northeast,dining,Panera Bread,453.1,USD,2023-11-28T15:06:00,Morning coffee and pastry at Panera Bread,False
TXN002399,Customer_0362,checking,Southwest,dining,Panera Bread,918.74,USD,2023-11-13T00:08:00,"Lunch with the team at Panera Bread, celebrated Q3 results",False
TXN002400,Customer_0412,credit,Northeast,education,Coursera,4368.07,USD,2023-10-24T02:07:00,Coursera course enrollment — data engineering,False
TXN002401,Customer_0249,credit,Northeast,insurance,Allstate,1349.34,USD,2023-08-07T13:30:00,Life insurance premium payment to Allstate,False
TXN002402,Customer_0310,checking,Southeast,healthcare,Blue Cross Premium,1329.07,USD,2023-03-23T01:58:00,Annual physical copay at Blue Cross Premium,False
TXN002403,Customer_0401,credit,Midwest,entertainment,Apple iTunes,2961.01,USD,2023-06-23T07:41:00,Apple iTunes monthly subscription auto-renewal,False
TXN002404,Customer_0472,savings,Southeast,healthcare,LabCorp,347.23,USD,2023-12-06T01:26:00,Prescription refill at LabCorp,False
TXN002405,Customer_0417,savings,Midwest,shopping,Target,303.6,USD,2023-06-21T10:11:00,In-store purchase at Target — seasonal wardrobe,False
TXN002406,Customer_0145,savings,Northeast,education,MIT OpenCourseWare,14.06,USD,2024-04-22T18:34:00,MIT OpenCourseWare course enrollment — data engineering,False
TXN002407,Customer_0219,savings,Southwest,rent,Metro Realty,2368.07,USD,2023-10-17T16:36:00,Lease renewal fee at Metro Realty,False
TXN002408,Customer_0322,credit,Midwest,rent,Urban Living Co,142.66,USD,2024-03-19T14:22:00,Monthly rent payment to Urban Living Co,False
TXN002409,Customer_0454,checking,Southeast,shopping,Target,1641.46,USD,2024-04-04T20:46:00,In-store purchase at Target — seasonal wardrobe,False
TXN002410,Customer_0208,savings,Northeast,travel,Airbnb,604.04,USD,2023-09-23T12:55:00,Hotel stay at Airbnb during product summit,True
TXN002411,Customer_0472,savings,Northeast,groceries,Whole Foods,1326.8,USD,2023-08-16T00:52:00,"Weekly grocery run at Whole Foods, stocked up on essentials",False
TXN002412,Customer_0228,checking,Northeast,shopping,Target,187.16,USD,2023-01-04T20:52:00,In-store purchase at Target — seasonal wardrobe,False
TXN002413,Customer_0412,checking,West,insurance,USAA,3027.06,USD,2023-05-19T17:09:00,Monthly USAA auto insurance premium,True
TXN002414,Customer_0180,credit,Southeast,shopping,Target,2259.25,USD,2023-05-24T07:09:00,Online order from Target — home office equipment,False
TXN002415,Customer_0168,checking,Southwest,travel,Marriott Hotels,-142.47,USD,2023-07-17T11:38:00,Car rental from Marriott Hotels for client site visit,False
TXN002416,Customer_0138,savings,Southwest,entertainment,Netflix,-376.9,USD,2023-04-29T07:23:00,Netflix monthly subscription auto-renewal,False
TXN002417,Customer_0397,savings,Southeast,dining,Chipotle,-427.23,USD,2023-11-23T14:59:00,"Lunch with the team at Chipotle, celebrated Q3 results",False
TXN002418,Customer_0149,checking,Midwest,insurance,USAA,-465.09,USD,2024-05-16T17:02:00,Monthly USAA auto insurance premium,False
TXN002419,Customer_0009,checking,Northeast,education,Barnes & Noble,136.3,USD,2023-11-04T03:39:00,Barnes & Noble course enrollment — data engineering,False
TXN002420,Customer_0389,checking,Southwest,healthcare,Walgreens,352.02,USD,2023-04-08T20:16:00,Annual physical copay at Walgreens,False
TXN002421,Customer_0066,credit,Northeast,insurance,Allstate,1298.83,USD,2023-06-29T02:41:00,Allstate renters insurance quarterly payment,False
TXN002422,Customer_0177,savings,Southwest,insurance,USAA,106.46,USD,2023-01-26T21:14:00,Monthly USAA auto insurance premium,False
TXN002423,Customer_0339,credit,West,rent,Apartment LLC,660.86,USD,2023-09-14T07:52:00,Lease renewal fee at Apartment LLC,False
TXN002424,Customer_0166,savings,West,rent,First Place Rentals,1438.62,USD,2024-01-17T18:36:00,Monthly rent payment to First Place Rentals,False
TXN002425,Customer_0001,savings,Southwest,groceries,Aldi,843.64,USD,2024-03-16T18:40:00,Quick stop at Aldi for produce and dairy,False
TXN002426,Customer_0220,checking,West,entertainment,AMC Theaters,2341.6,USD,2023-03-10T23:03:00,AMC Theaters monthly subscription auto-renewal,False
TXN002427,Customer_0191,savings,Northeast,shopping,IKEA,1054.71,USD,2023-03-26T12:20:00,Online order from IKEA — home office equipment,False
TXN002428,Customer_0154,credit,Southwest,shopping,Amazon,1885.05,USD,2023-03-01T04:22:00,Online order from Amazon — home office equipment,False
TXN002429,Customer_0316,credit,Southeast,groceries,Aldi,879.06,USD,2024-02-12T09:17:00,Quick stop at Aldi for produce and dairy,False
TXN002430,Customer_0273,savings,Southeast,education,Udemy,3613.17,USD,2023-09-04T23:09:00,Textbook purchase at Udemy for continuing ed,False
TXN002431,Customer_0141,checking,West,travel,Marriott Hotels,2307.72,USD,2023-05-10T09:07:00,Hotel stay at Marriott Hotels during product summit,False
TXN002432,Customer_0174,savings,West,healthcare,Walgreens,2703.58,USD,2023-10-16T18:59:00,Annual physical copay at Walgreens,True
TXN002433,Customer_0189,savings,Northeast,travel,Airbnb,-142.39,USD,2023-09-02T06:14:00,Car rental from Airbnb for client site visit,False
TXN002434,Customer_0477,checking,Northeast,rent,Metro Realty,2701.03,USD,2023-11-26T20:34:00,Lease renewal fee at Metro Realty,False
TXN002435,Customer_0467,checking,Southwest,travel,Hertz,1022.49,USD,2024-03-21T12:11:00,Hotel stay at Hertz during product summit,False
TXN002436,Customer_0152,checking,Southwest,rent,First Place Rentals,1994.59,USD,2023-05-23T04:01:00,Monthly rent payment to First Place Rentals,False
TXN002437,Customer_0062,savings,Southeast,shopping,IKEA,4174.61,USD,2023-06-30T12:24:00,Flash sale purchase at IKEA,False
TXN002438,Customer_0182,checking,Southeast,education,Coursera,999.7,USD,2023-05-05T07:37:00,Textbook purchase at Coursera for continuing ed,False
TXN002439,Customer_0004,checking,Southeast,groceries,Walmart Grocery,3512.16,USD,2023-02-16T13:06:00,"Monthly bulk purchase at Walmart Grocery, household supplies",False
TXN002440,Customer_0192,credit,Southeast,groceries,Whole Foods,1080.92,USD,2024-05-16T19:31:00,"Monthly bulk purchase at Whole Foods, household supplies",False
TXN002441,Customer_0298,credit,Midwest,groceries,Whole Foods,2909.34,USD,2024-03-16T03:24:00,"Weekly grocery run at Whole Foods, stocked up on essentials",False
TXN002442,Customer_0253,checking,Southwest,healthcare,Blue Cross Premium,3232.15,USD,2024-01-13T11:38:00,Lab work order from Blue Cross Premium,False
TXN002443,Customer_0001,savings,Midwest,education,Barnes & Noble,3654.47,USD,2023-08-11T04:47:00,Barnes & Noble annual learning subscription,False
TXN002444,Customer_0039,savings,Midwest,shopping,IKEA,4122.64,USD,2024-01-21T09:28:00,In-store purchase at IKEA — seasonal wardrobe,False
TXN002445,Customer_0152,savings,Southeast,utilities,National Grid,3521.76,USD,2023-04-17T02:42:00,Monthly National Grid internet and cable bill,False
TXN002446,Customer_0177,checking,West,education,Chegg,3203.19,USD,2024-03-04T02:08:00,Textbook purchase at Chegg for continuing ed,True
TXN002447,Customer_0165,savings,Southwest,rent,Urban Living Co,394.0,USD,2023-02-26T13:42:00,Lease renewal fee at Urban Living Co,False
TXN002448,Customer_0059,savings,West,rent,Apartment LLC,598.54,USD,2024-03-28T00:24:00,Monthly rent payment to Apartment LLC,False
TXN002449,Customer_0102,credit,West,education,Chegg,1512.17,USD,2023-05-07T17:22:00,Chegg course enrollment — data engineering,False
TXN002450,Customer_0146,credit,Southwest,dining,Starbucks,3685.22,USD,2024-01-12T13:14:00,"Client dinner at Starbucks, discussed Q4 roadmap",False
TXN002451,Customer_0099,checking,Northeast,dining,Chipotle,3806.88,USD,2023-01-30T23:15:00,"Client dinner at Chipotle, discussed Q4 roadmap",False
TXN002452,Customer_0357,checking,Southeast,healthcare,Walgreens,3386.77,USD,2023-03-16T06:09:00,Lab work order from Walgreens,False
TXN002453,Customer_0195,credit,Southeast,healthcare,Urgent Care Now,2820.53,USD,2023-05-10T15:48:00,Lab work order from Urgent Care Now,False
TXN002454,Customer_0350,savings,West,entertainment,Netflix,2967.7,USD,2023-12-17T18:04:00,In-app purchase on Netflix platform,False
TXN002455,Customer_0399,savings,Northeast,healthcare,Walgreens,631.88,USD,2024-02-02T11:10:00,Lab work order from Walgreens,False
TXN002456,Customer_0449,checking,Midwest,shopping,Best Buy,1942.72,USD,2023-03-07T04:31:00,Online order from Best Buy — home office equipment,False
TXN002457,Customer_0128,savings,Midwest,entertainment,AMC Theaters,996.63,USD,2024-02-06T10:59:00,In-app purchase on AMC Theaters platform,False
TXN002458,Customer_0151,credit,West,rent,Sunset Apartments,1174.5,USD,2023-06-13T05:17:00,Security deposit — Sunset Apartments,False
TXN002459,Customer_0158,savings,Southeast,rent,Metro Realty,1657.4,USD,2023-11-19T00:26:00,Lease renewal fee at Metro Realty,False
TXN002460,Customer_0440,checking,Southeast,rent,Sunset Apartments,1726.93,USD,2023-02-25T13:49:00,Security deposit — Sunset Apartments,False
TXN002461,Customer_0119,credit,Midwest,education,Chegg,2217.39,USD,2023-01-23T19:28:00,Chegg annual learning subscription,False
TXN002462,Customer_0038,checking,Southwest,utilities,ConEdison,3948.62,USD,2023-04-23T09:27:00,ConEdison wireless plan — family plan renewal,False
TXN002463,Customer_0458,savings,West,healthcare,CVS Pharmacy,667.31,USD,2023-01-07T09:58:00,Prescription refill at CVS Pharmacy,False
TXN002464,Customer_0060,credit,Midwest,education,Barnes & Noble,3861.57,USD,2023-02-23T14:01:00,Textbook purchase at Barnes & Noble for continuing ed,False
TXN002465,Customer_0349,checking,Southeast,rent,First Place Rentals,425.76,USD,2023-07-17T14:41:00,Monthly rent payment to First Place Rentals,False
TXN002466,Customer_0033,credit,West,travel,Delta Airlines,3145.73,USD,2024-05-14T12:49:00,Car rental from Delta Airlines for client site visit,False
TXN002467,Customer_0072,credit,West,groceries,Kroger,1834.45,USD,2023-07-25T00:07:00,"Weekly grocery run at Kroger, stocked up on essentials",False
TXN002468,Customer_0457,credit,Southwest,travel,Marriott Hotels,3698.57,USD,2023-10-27T16:58:00,Flight to Chicago via Marriott Hotels for annual conference,False
TXN002469,Customer_0109,savings,West,shopping,Best Buy,919.91,USD,2024-01-26T00:50:00,Flash sale purchase at Best Buy,False
TXN002470,Customer_0044,credit,Southeast,insurance,USAA,2246.95,USD,2024-01-26T00:54:00,USAA renters insurance quarterly payment,False
TXN002471,Customer_0307,checking,Northeast,entertainment,Apple iTunes,4008.48,USD,2024-01-15T13:17:00,In-app purchase on Apple iTunes platform,False
TXN002472,Customer_0391,checking,Southwest,groceries,Whole Foods,659.34,USD,2023-08-09T11:03:00,"Weekly grocery run at Whole Foods, stocked up on essentials",False
TXN002473,Customer_0057,savings,Midwest,groceries,Whole Foods,4045.65,USD,2024-06-27T22:44:00,"Weekly grocery run at Whole Foods, stocked up on essentials",False
TXN002474,Customer_0261,credit,Northeast,groceries,Aldi,979.23,USD,2023-10-20T08:40:00,"Weekly grocery run at Aldi, stocked up on essentials",False
TXN002475,Customer_0198,credit,Midwest,entertainment,Netflix,1092.75,USD,2023-03-19T21:13:00,In-app purchase on Netflix platform,False
TXN002476,Customer_0331,checking,West,utilities,Verizon,2947.11,USD,2023-11-14T14:20:00,Verizon wireless plan — family plan renewal,False
TXN002477,Customer_0265,savings,West,groceries,Trader Joe's,-461.48,USD,2023-10-16T14:07:00,"Weekly grocery run at Trader Joe's, stocked up on essentials",False
TXN002478,Customer_0312,checking,Southeast,education,Barnes & Noble,167.23,USD,2024-04-18T21:06:00,Textbook purchase at Barnes & Noble for continuing ed,False
TXN002479,Customer_0248,credit,Northeast,rent,First Place Rentals,2516.6,USD,2024-03-22T02:06:00,Lease renewal fee at First Place Rentals,False
TXN002480,Customer_0292,credit,West,shopping,IKEA,4400.06,USD,2024-01-30T14:22:00,Flash sale purchase at IKEA,False
TXN002481,Customer_0244,checking,Midwest,insurance,State Farm,900.43,USD,2023-01-29T10:34:00,Life insurance premium payment to State Farm,False
TXN002482,Customer_0179,savings,Midwest,utilities,ConEdison,2898.09,USD,2024-03-26T22:09:00,ConEdison electricity bill for the apartment,False
TXN002483,Customer_0304,credit,Southeast,utilities,ConEdison,4443.31,USD,2023-10-17T05:24:00,Monthly ConEdison internet and cable bill,False
TXN002484,Customer_0172,credit,Northeast,travel,Delta Airlines,4074.87,USD,2023-03-10T21:21:00,Hotel stay at Delta Airlines during product summit,False
TXN002485,Customer_0107,checking,Southeast,entertainment,Steam,2468.5,USD,2023-01-07T04:50:00,In-app purchase on Steam platform,False
TXN002486,Customer_0221,credit,Southwest,utilities,Comcast Xfinity,808.57,USD,2023-08-16T08:20:00,Comcast Xfinity electricity bill for the apartment,False
TXN002487,Customer_0190,savings,West,healthcare,CVS Pharmacy,1443.11,USD,2023-04-20T07:00:00,Prescription refill at CVS Pharmacy,False
TXN002488,Customer_0242,checking,Northeast,education,Udemy,2410.59,USD,2024-04-12T07:35:00,Udemy course enrollment — data engineering,False
TXN002489,Customer_0487,checking,Northeast,travel,Airbnb,2113.8,USD,2024-05-28T09:08:00,Hotel stay at Airbnb during product summit,False
TXN002490,Customer_0032,checking,West,education,Barnes & Noble,896.9,USD,2023-03-26T04:04:00,Textbook purchase at Barnes & Noble for continuing ed,False
TXN002491,Customer_0251,checking,Northeast,travel,Uber,874.61,USD,2023-12-24T23:42:00,Flight to Chicago via Uber for annual conference,False
TXN002492,Customer_0402,credit,West,education,Chegg,3409.47,USD,2023-05-04T21:37:00,Chegg course enrollment — data engineering,False
TXN002493,Customer_0180,savings,West,education,Coursera,1644.62,USD,2024-04-11T13:18:00,Textbook purchase at Coursera for continuing ed,False
TXN002494,Customer_0399,savings,Northeast,rent,Sunset Apartments,3846.85,USD,2023-01-18T19:45:00,Lease renewal fee at Sunset Apartments,False
TXN002495,Customer_0365,savings,Southeast,travel,Uber,4438.93,USD,2024-04-14T19:12:00,Flight to Chicago via Uber for annual conference,False
TXN002496,Customer_0125,credit,Northeast,travel,Marriott Hotels,2609.65,USD,2024-04-14T00:23:00,Flight to Chicago via Marriott Hotels for annual conference,False
TXN002497,Customer_0253,credit,Southwest,education,Udemy,230.06,USD,2023-04-28T02:58:00,Textbook purchase at Udemy for continuing ed,False
TXN002498,Customer_0466,checking,West,groceries,Whole Foods,316.25,USD,2023-01-10T00:32:00,"Weekly grocery run at Whole Foods, stocked up on essentials",False
TXN002499,Customer_0134,savings,Midwest,shopping,Best Buy,2575.33,USD,2024-04-11T17:58:00,Flash sale purchase at Best Buy,False
TXN002500,Customer_0184,savings,Northeast,utilities,ConEdison,2286.66,USD,2023-07-11T03:18:00,ConEdison electricity bill for the apartment,False
TXN002501,Customer_0497,credit,Southwest,education,Barnes & Noble,3682.82,USD,2024-02-28T20:24:00,Barnes & Noble course enrollment — data engineering,False
TXN002502,Customer_0487,savings,Southeast,utilities,Comcast Xfinity,3945.3,USD,2024-02-22T13:23:00,Monthly Comcast Xfinity internet and cable bill,False
TXN002503,Customer_0440,credit,Southeast,insurance,State Farm,1770.84,USD,2024-05-25T21:08:00,State Farm renters insurance quarterly payment,False
TXN002504,Customer_0073,checking,Southwest,groceries,Whole Foods,3963.21,USD,2024-02-05T21:03:00,"Monthly bulk purchase at Whole Foods, household supplies",False
TXN002505,Customer_0144,checking,Southeast,shopping,Amazon,-384.02,USD,2024-05-22T03:25:00,In-store purchase at Amazon — seasonal wardrobe,False
TXN002506,Customer_0121,savings,West,utilities,AT&T,3133.85,USD,2023-08-11T12:38:00,AT&T wireless plan — family plan renewal,False
TXN002507,Customer_0027,credit,Southwest,utilities,AT&T,-23.67,USD,2023-08-29T02:35:00,Monthly AT&T internet and cable bill,False
TXN002508,Customer_0023,checking,Southwest,dining,Chipotle,3841.97,USD,2023-08-25T10:44:00,"Client dinner at Chipotle, discussed Q4 roadmap",False
TXN002509,Customer_0093,credit,Northeast,dining,The Cheesecake Factory,3964.11,USD,2023-08-24T01:59:00,Morning coffee and pastry at The Cheesecake Factory,False
TXN002510,Customer_0214,savings,Southeast,utilities,National Grid,1914.02,USD,2024-06-30T20:01:00,National Grid electricity bill for the apartment,False
TXN002511,Customer_0035,savings,Southwest,dining,Starbucks,3036.33,USD,2023-11-07T14:57:00,"Lunch with the team at Starbucks, celebrated Q3 results",False
TXN002512,Customer_0113,checking,Northeast,entertainment,Steam,3923.81,USD,2023-02-07T11:43:00,Steam monthly subscription auto-renewal,False
TXN002513,Customer_0477,checking,Southwest,utilities,Comcast Xfinity,3879.77,USD,2024-04-03T19:32:00,Monthly Comcast Xfinity internet and cable bill,False
TXN002514,Customer_0158,checking,West,travel,Delta Airlines,2632.46,USD,2023-08-27T15:26:00,Car rental from Delta Airlines for client site visit,False
TXN002515,Customer_0219,savings,Northeast,healthcare,CVS Pharmacy,471.79,USD,2024-06-05T15:30:00,Lab work order from CVS Pharmacy,False
TXN002516,Customer_0475,checking,West,travel,Hertz,3648.16,USD,2024-06-22T21:42:00,Car rental from Hertz for client site visit,False
TXN002517,Customer_0089,credit,Southeast,dining,Panera Bread,730.79,USD,2023-07-08T13:27:00,Morning coffee and pastry at Panera Bread,False
TXN002518,Customer_0230,credit,West,insurance,USAA,2566.59,USD,2023-03-29T12:52:00,Monthly USAA auto insurance premium,False
TXN002519,Customer_0276,credit,Northeast,travel,Hertz,2712.01,USD,2024-04-19T09:37:00,Car rental from Hertz for client site visit,False
TXN002520,Customer_0319,savings,West,healthcare,Urgent Care Now,482.25,USD,2024-04-21T04:27:00,Lab work order from Urgent Care Now,False
TXN002521,Customer_0097,credit,Midwest,rent,Sunset Apartments,1337.25,USD,2024-06-28T00:20:00,Security deposit — Sunset Apartments,True
TXN002522,Customer_0485,savings,Midwest,dining,The Cheesecake Factory,3480.56,USD,2024-05-09T17:37:00,"Lunch with the team at The Cheesecake Factory, celebrated Q3 results",False
TXN002523,Customer_0445,savings,Midwest,dining,Starbucks,4307.91,USD,2023-04-06T17:34:00,Morning coffee and pastry at Starbucks,False
TXN002524,Customer_0397,checking,Northeast,dining,The Cheesecake Factory,-327.49,USD,2023-07-08T08:17:00,Morning coffee and pastry at The Cheesecake Factory,False
TXN002525,Customer_0179,credit,West,travel,Hertz,2527.5,USD,2023-02-20T20:14:00,Hotel stay at Hertz during product summit,False
TXN002526,Customer_0450,checking,Midwest,travel,Hertz,85.99,USD,2023-01-14T02:41:00,Flight to Chicago via Hertz for annual conference,False
TXN002527,Customer_0012,savings,Southwest,groceries,Kroger,773.26,USD,2023-12-19T04:11:00,Quick stop at Kroger for produce and dairy,False
TXN002528,Customer_0288,checking,West,utilities,National Grid,952.64,USD,2023-06-22T01:00:00,National Grid wireless plan — family plan renewal,False
TXN002529,Customer_0403,checking,West,education,Udemy,4232.19,USD,2024-03-09T04:16:00,Udemy course enrollment — data engineering,False
TXN002530,Customer_0377,credit,Midwest,rent,Sunset Apartments,1080.29,USD,2023-01-26T22:51:00,Security deposit — Sunset Apartments,False
TXN002531,Customer_0306,savings,West,dining,The Cheesecake Factory,1762.67,USD,2024-05-22T08:03:00,"Client dinner at The Cheesecake Factory, discussed Q4 roadmap",False
TXN002532,Customer_0482,savings,Southeast,insurance,Allstate,1631.68,USD,2023-09-18T10:46:00,Monthly Allstate auto insurance premium,False
TXN002533,Customer_0215,savings,Southwest,shopping,IKEA,4388.45,USD,2023-07-23T21:47:00,Flash sale purchase at IKEA,False
TXN002534,Customer_0339,savings,Southwest,insurance,State Farm,2529.23,USD,2024-03-15T20:10:00,State Farm renters insurance quarterly payment,False
TXN002535,Customer_0266,savings,Southeast,education,Udemy,4403.98,USD,2023-06-07T00:55:00,Textbook purchase at Udemy for continuing ed,False
TXN002536,Customer_0312,savings,Southeast,education,Chegg,-256.41,USD,2023-06-12T20:26:00,Textbook purchase at Chegg for continuing ed,False
TXN002537,Customer_0154,checking,West,rent,First Place Rentals,2957.71,USD,2023-12-12T17:02:00,Monthly rent payment to First Place Rentals,False
TXN002538,Customer_0306,checking,Southwest,entertainment,AMC Theaters,1628.5,USD,2023-10-03T12:29:00,AMC Theaters monthly subscription auto-renewal,False
TXN002539,Customer_0389,credit,Southeast,groceries,Whole Foods,890.85,USD,2023-02-16T22:29:00,Quick stop at Whole Foods for produce and dairy,False
TXN002540,Customer_0473,savings,Northeast,education,Udemy,1419.72,USD,2023-09-05T17:59:00,Udemy annual learning subscription,True
TXN002541,Customer_0182,checking,Southeast,shopping,Target,2518.13,USD,2023-01-05T09:21:00,In-store purchase at Target — seasonal wardrobe,True
TXN002542,Customer_0453,checking,Southeast,travel,Hertz,1405.88,USD,2024-04-20T19:16:00,Flight to Chicago via Hertz for annual conference,False
TXN002543,Customer_0170,checking,Northeast,utilities,Comcast Xfinity,2793.88,USD,2023-04-13T03:09:00,Comcast Xfinity electricity bill for the apartment,False
TXN002544,Customer_0206,savings,Southeast,healthcare,Urgent Care Now,1240.1,USD,2024-04-16T08:09:00,Prescription refill at Urgent Care Now,False
TXN002545,Customer_0269,savings,West,shopping,Target,1551.04,USD,2023-08-17T16:12:00,Flash sale purchase at Target,False
TXN002546,Customer_0324,savings,Northeast,healthcare,LabCorp,1543.29,USD,2023-03-24T18:14:00,Annual physical copay at LabCorp,False
TXN002547,Customer_0425,savings,Midwest,dining,Panera Bread,4058.94,USD,2023-08-14T22:29:00,Morning coffee and pastry at Panera Bread,False
TXN002548,Customer_0213,savings,Southeast,shopping,Target,843.21,USD,2023-09-11T14:16:00,In-store purchase at Target — seasonal wardrobe,False
TXN002549,Customer_0494,savings,Southeast,travel,Delta Airlines,1431.99,USD,2024-03-11T08:56:00,Car rental from Delta Airlines for client site visit,False
TXN002550,Customer_0500,credit,West,shopping,Amazon,1162.64,USD,2024-02-06T05:00:00,Flash sale purchase at Amazon,False
TXN002551,Customer_0221,checking,Northeast,groceries,Kroger,1057.02,USD,2023-08-29T19:38:00,"Monthly bulk purchase at Kroger, household supplies",False
TXN002552,Customer_0365,savings,Southwest,dining,Panera Bread,-171.12,USD,2023-05-27T04:58:00,Morning coffee and pastry at Panera Bread,False
TXN002553,Customer_0089,checking,Midwest,shopping,IKEA,3046.76,USD,2023-08-23T16:58:00,Online order from IKEA — home office equipment,False
TXN002554,Customer_0337,savings,Southeast,groceries,Walmart Grocery,1551.98,USD,2023-02-28T04:23:00,"Monthly bulk purchase at Walmart Grocery, household supplies",False
TXN002555,Customer_0075,credit,Southeast,utilities,National Grid,1651.37,USD,2023-09-01T03:15:00,National Grid electricity bill for the apartment,False
TXN002556,Customer_0311,credit,Northeast,education,MIT OpenCourseWare,1989.83,USD,2023-04-23T22:21:00,Textbook purchase at MIT OpenCourseWare for continuing ed,False
TXN002557,Customer_0267,credit,Southeast,groceries,Walmart Grocery,1168.13,USD,2023-11-03T07:27:00,"Monthly bulk purchase at Walmart Grocery, household supplies",False
TXN002558,Customer_0439,checking,Southwest,healthcare,Walgreens,3990.26,USD,2024-05-10T15:07:00,Prescription refill at Walgreens,False
TXN002559,Customer_0059,credit,West,dining,The Cheesecake Factory,1838.96,USD,2023-05-10T12:57:00,"Lunch with the team at The Cheesecake Factory, celebrated Q3 results",False
TXN002560,Customer_0058,savings,Southeast,healthcare,CVS Pharmacy,965.26,USD,2023-03-27T23:03:00,Annual physical copay at CVS Pharmacy,False
TXN002561,Customer_0282,checking,West,education,Udemy,704.51,USD,2023-03-19T10:28:00,Udemy annual learning subscription,False
TXN002562,Customer_0264,credit,West,education,Chegg,-72.77,USD,2024-05-14T00:28:00,Textbook purchase at Chegg for continuing ed,False
TXN002563,Customer_0192,checking,Northeast,healthcare,Urgent Care Now,2786.28,USD,2023-09-18T08:20:00,Lab work order from Urgent Care Now,False
TXN002564,Customer_0414,credit,Southeast,travel,Delta Airlines,3493.63,USD,2024-05-21T17:39:00,Flight to Chicago via Delta Airlines for annual conference,False
TXN002565,Customer_0258,savings,West,utilities,ConEdison,-299.25,USD,2024-02-11T01:15:00,ConEdison wireless plan — family plan renewal,False
TXN002566,Customer_0106,savings,West,groceries,Walmart Grocery,2722.62,USD,2024-04-15T21:22:00,"Weekly grocery run at Walmart Grocery, stocked up on essentials",False
TXN002567,Customer_0218,credit,Southwest,dining,Olive Garden,3257.59,USD,2023-04-09T01:04:00,Morning coffee and pastry at Olive Garden,False
TXN002568,Customer_0052,checking,Southeast,insurance,State Farm,-376.42,USD,2023-10-15T12:03:00,State Farm renters insurance quarterly payment,False
TXN002569,Customer_0337,credit,Southeast,entertainment,Spotify,18.13,USD,2024-01-06T07:11:00,Spotify monthly subscription auto-renewal,False
TXN002570,Customer_0345,savings,Southwest,insurance,State Farm,3291.76,USD,2023-05-05T23:49:00,Life insurance premium payment to State Farm,False
TXN002571,Customer_0342,credit,Northeast,utilities,National Grid,1072.83,USD,2024-05-05T07:47:00,Monthly National Grid internet and cable bill,False
TXN002572,Customer_0332,savings,West,groceries,Kroger,2298.71,USD,2024-05-08T05:02:00,"Monthly bulk purchase at Kroger, household supplies",False
TXN002573,Customer_0400,checking,West,healthcare,Walgreens,1160.12,USD,2023-01-10T14:07:00,Prescription refill at Walgreens,False
TXN002574,Customer_0273,credit,Midwest,entertainment,Apple iTunes,-328.83,USD,2023-04-17T05:13:00,In-app purchase on Apple iTunes platform,False
TXN002575,Customer_0300,checking,Southwest,insurance,Progressive,3442.54,USD,2023-09-29T20:19:00,Monthly Progressive auto insurance premium,False
TXN002576,Customer_0177,savings,West,healthcare,Blue Cross Premium,2129.39,USD,2023-04-28T19:11:00,Lab work order from Blue Cross Premium,False
TXN002577,Customer_0416,checking,Southwest,education,Coursera,1979.16,USD,2024-05-27T13:48:00,Coursera course enrollment — data engineering,False
TXN002578,Customer_0380,savings,West,shopping,Target,1597.92,USD,2024-03-27T17:14:00,Flash sale purchase at Target,False
TXN002579,Customer_0279,credit,West,healthcare,LabCorp,937.59,USD,2023-10-21T01:10:00,Annual physical copay at LabCorp,False
TXN002580,Customer_0153,savings,West,utilities,ConEdison,1716.61,USD,2023-06-30T15:27:00,ConEdison wireless plan — family plan renewal,False
TXN002581,Customer_0413,savings,West,utilities,AT&T,4281.67,USD,2023-04-10T21:19:00,AT&T electricity bill for the apartment,False
TXN002582,Customer_0308,savings,Southwest,dining,The Cheesecake Factory,1333.37,USD,2024-03-07T06:56:00,"Lunch with the team at The Cheesecake Factory, celebrated Q3 results",False
TXN002583,Customer_0194,credit,Southwest,entertainment,Steam,3788.53,USD,2024-02-01T18:32:00,Steam monthly subscription auto-renewal,False
TXN002584,Customer_0119,checking,Northeast,groceries,Trader Joe's,2482.67,USD,2023-10-12T17:14:00,Quick stop at Trader Joe's for produce and dairy,False
TXN002585,Customer_0041,savings,Southwest,rent,Urban Living Co,3281.57,USD,2023-07-05T23:09:00,Security deposit — Urban Living Co,False
TXN002586,Customer_0030,savings,Midwest,rent,Apartment LLC,2899.1,USD,2023-08-17T08:04:00,Lease renewal fee at Apartment LLC,False
TXN002587,Customer_0297,checking,Northeast,entertainment,Netflix,3344.01,USD,2024-04-07T05:08:00,In-app purchase on Netflix platform,False
TXN002588,Customer_0229,credit,Southwest,entertainment,Steam,-270.55,USD,2024-02-15T20:03:00,Steam monthly subscription auto-renewal,False
TXN002589,Customer_0405,credit,Southwest,education,MIT OpenCourseWare,2019.66,USD,2023-09-16T18:30:00,MIT OpenCourseWare annual learning subscription,False
TXN002590,Customer_0445,checking,Northeast,rent,First Place Rentals,-84.81,USD,2024-05-17T03:07:00,Security deposit — First Place Rentals,False
TXN002591,Customer_0284,credit,Southwest,shopping,Best Buy,1604.98,USD,2023-04-15T00:27:00,In-store purchase at Best Buy — seasonal wardrobe,False
TXN002592,Customer_0209,checking,Northeast,utilities,ConEdison,3877.76,USD,2023-06-22T19:29:00,ConEdison electricity bill for the apartment,False
TXN002593,Customer_0386,savings,Northeast,healthcare,LabCorp,3681.8,USD,2024-03-04T19:19:00,Annual physical copay at LabCorp,False
TXN002594,Customer_0430,checking,Southwest,utilities,National Grid,2284.49,USD,2023-02-24T12:33:00,National Grid wireless plan — family plan renewal,False
TXN002595,Customer_0007,savings,Northeast,travel,Delta Airlines,3437.43,USD,2024-03-12T15:22:00,Flight to Chicago via Delta Airlines for annual conference,False
TXN002596,Customer_0100,savings,Northeast,travel,Delta Airlines,1002.01,USD,2023-09-05T02:30:00,Hotel stay at Delta Airlines during product summit,False
TXN002597,Customer_0024,savings,Southwest,insurance,Progressive,2604.89,USD,2023-02-27T07:30:00,Progressive renters insurance quarterly payment,False
TXN002598,Customer_0171,credit,Southeast,rent,Metro Realty,1334.86,USD,2023-12-16T22:26:00,Lease renewal fee at Metro Realty,False
TXN002599,Customer_0079,savings,Midwest,utilities,Verizon,2468.97,USD,2023-08-12T19:40:00,Verizon wireless plan — family plan renewal,False
TXN002600,Customer_0427,credit,Southeast,healthcare,LabCorp,1973.56,USD,2023-11-27T17:56:00,Prescription refill at LabCorp,False
TXN002601,Customer_0055,credit,Southeast,entertainment,Steam,4041.65,USD,2023-07-12T12:51:00,In-app purchase on Steam platform,False
TXN002602,Customer_0133,checking,Southeast,insurance,Allstate,2573.66,USD,2023-09-15T10:14:00,Monthly Allstate auto insurance premium,False
TXN002603,Customer_0241,credit,West,shopping,Target,-387.05,USD,2024-06-17T21:47:00,Online order from Target — home office equipment,False
TXN002604,Customer_0157,savings,Southwest,rent,Apartment LLC,2644.21,USD,2024-04-20T04:40:00,Lease renewal fee at Apartment LLC,False
TXN002605,Customer_0360,checking,West,groceries,Aldi,2752.7,USD,2024-05-10T20:49:00,"Monthly bulk purchase at Aldi, household supplies",False
TXN002606,Customer_0450,checking,Southeast,healthcare,CVS Pharmacy,1805.07,USD,2024-04-26T06:59:00,Annual physical copay at CVS Pharmacy,False
TXN002607,Customer_0116,credit,Midwest,groceries,Kroger,616.7,USD,2023-01-12T22:58:00,"Monthly bulk purchase at Kroger, household supplies",False
TXN002608,Customer_0139,checking,Southwest,travel,Marriott Hotels,772.46,USD,2024-06-21T23:14:00,Car rental from Marriott Hotels for client site visit,False
TXN002609,Customer_0121,savings,Midwest,groceries,Kroger,4106.07,USD,2023-11-12T00:06:00,"Monthly bulk purchase at Kroger, household supplies",False
TXN002610,Customer_0498,credit,Midwest,dining,The Cheesecake Factory,1211.71,USD,2023-06-09T21:42:00,"Client dinner at The Cheesecake Factory, discussed Q4 roadmap",False
TXN002611,Customer_0225,savings,Midwest,entertainment,Spotify,37.92,USD,2023-04-04T03:42:00,In-app purchase on Spotify platform,False
TXN002612,Customer_0314,credit,Midwest,shopping,Amazon,1877.3,USD,2023-04-16T09:31:00,In-store purchase at Amazon — seasonal wardrobe,False
TXN002613,Customer_0240,checking,Midwest,rent,First Place Rentals,3181.53,USD,2023-11-15T20:08:00,Lease renewal fee at First Place Rentals,False
TXN002614,Customer_0092,savings,Northeast,healthcare,CVS Pharmacy,-455.1,USD,2023-03-14T00:41:00,Lab work order from CVS Pharmacy,False
TXN002615,Customer_0304,checking,Northeast,shopping,Best Buy,1205.92,USD,2023-06-28T07:30:00,Flash sale purchase at Best Buy,False
TXN002616,Customer_0308,checking,Southeast,shopping,IKEA,2989.52,USD,2023-12-22T07:14:00,Flash sale purchase at IKEA,False
TXN002617,Customer_0422,credit,Southeast,dining,Olive Garden,422.43,USD,2023-01-17T19:50:00,"Client dinner at Olive Garden, discussed Q4 roadmap",False
TXN002618,Customer_0151,checking,West,entertainment,Spotify,2943.4,USD,2024-03-10T21:11:00,In-app purchase on Spotify platform,False
TXN002619,Customer_0346,credit,Southwest,utilities,ConEdison,864.96,USD,2023-08-24T07:16:00,ConEdison electricity bill for the apartment,False
TXN002620,Customer_0314,savings,Northeast,healthcare,CVS Pharmacy,2373.01,USD,2024-06-03T13:49:00,Lab work order from CVS Pharmacy,False
TXN002621,Customer_0197,credit,Southeast,entertainment,Spotify,1124.66,USD,2023-12-04T10:01:00,In-app purchase on Spotify platform,False
TXN002622,Customer_0499,credit,Southwest,utilities,ConEdison,2601.39,USD,2024-01-18T19:17:00,Monthly ConEdison internet and cable bill,False
TXN002623,Customer_0310,savings,Midwest,education,Coursera,2564.09,USD,2023-12-01T06:20:00,Coursera course enrollment — data engineering,False
TXN002624,Customer_0411,credit,Southwest,education,Chegg,206.38,USD,2023-07-26T00:02:00,Textbook purchase at Chegg for continuing ed,False
TXN002625,Customer_0234,checking,Midwest,rent,Metro Realty,618.0,USD,2023-10-19T23:46:00,Security deposit — Metro Realty,False
TXN002626,Customer_0302,credit,Southwest,shopping,IKEA,4333.11,USD,2023-09-22T14:01:00,Flash sale purchase at IKEA,False
TXN002627,Customer_0447,savings,Southwest,dining,Panera Bread,3840.82,USD,2023-02-22T02:54:00,Morning coffee and pastry at Panera Bread,False
TXN002628,Customer_0409,credit,Midwest,education,Coursera,123.29,USD,2024-04-03T03:21:00,Coursera course enrollment — data engineering,False
TXN002629,Customer_0278,credit,Southwest,healthcare,Blue Cross Premium,-172.66,USD,2024-03-08T00:43:00,Annual physical copay at Blue Cross Premium,False
TXN002630,Customer_0093,checking,Midwest,education,MIT OpenCourseWare,2535.57,USD,2023-08-01T11:39:00,Textbook purchase at MIT OpenCourseWare for continuing ed,False
TXN002631,Customer_0475,savings,Midwest,shopping,Zara,1477.86,USD,2023-01-18T20:21:00,Flash sale purchase at Zara,False
TXN002632,Customer_0070,credit,Midwest,shopping,Zara,2182.7,USD,2023-07-02T17:27:00,Online order from Zara — home office equipment,False
TXN002633,Customer_0064,savings,Northeast,insurance,USAA,4048.29,USD,2023-05-14T10:03:00,Monthly USAA auto insurance premium,False
TXN002634,Customer_0220,credit,Southeast,utilities,Verizon,3921.46,USD,2024-01-21T09:32:00,Verizon electricity bill for the apartment,False
TXN002635,Customer_0126,credit,West,dining,Panera Bread,2330.27,USD,2023-02-23T21:24:00,"Lunch with the team at Panera Bread, celebrated Q3 results",False
TXN002636,Customer_0012,checking,Southeast,insurance,Progressive,90.16,USD,2024-03-25T17:36:00,Monthly Progressive auto insurance premium,False
TXN002637,Customer_0472,credit,Midwest,healthcare,CVS Pharmacy,-150.5,USD,2023-05-31T22:31:00,Lab work order from CVS Pharmacy,False
TXN002638,Customer_0168,savings,Southeast,insurance,Allstate,224.23,USD,2023-02-22T06:47:00,Allstate renters insurance quarterly payment,False
TXN002639,Customer_0133,savings,Southwest,entertainment,AMC Theaters,1269.26,USD,2024-01-22T23:47:00,Movie tickets at AMC Theaters — family outing,False
TXN002640,Customer_0101,checking,Midwest,utilities,AT&T,328.37,USD,2024-03-26T21:26:00,AT&T wireless plan — family plan renewal,False
TXN002641,Customer_0155,savings,Midwest,groceries,Kroger,3772.7,USD,2024-04-17T14:56:00,"Weekly grocery run at Kroger, stocked up on essentials",False
TXN002642,Customer_0276,savings,Northeast,shopping,Target,1106.29,USD,2024-06-05T19:57:00,In-store purchase at Target — seasonal wardrobe,False
TXN002643,Customer_0396,savings,Southwest,rent,Sunset Apartments,1196.02,USD,2023-10-07T21:18:00,Security deposit — Sunset Apartments,False
TXN002644,Customer_0435,checking,West,entertainment,Apple iTunes,1507.6,USD,2024-04-15T08:56:00,Movie tickets at Apple iTunes — family outing,False
TXN002645,Customer_0244,savings,Northeast,groceries,Trader Joe's,1754.87,USD,2023-09-29T04:01:00,Quick stop at Trader Joe's for produce and dairy,False
TXN002646,Customer_0228,savings,Southeast,education,Chegg,1599.34,USD,2023-11-02T02:04:00,Textbook purchase at Chegg for continuing ed,False
TXN002647,Customer_0404,checking,Northeast,education,Udemy,-296.24,USD,2023-10-12T23:02:00,Udemy annual learning subscription,False
TXN002648,Customer_0382,savings,Midwest,healthcare,Blue Cross Premium,3268.25,USD,2023-12-18T07:33:00,Annual physical copay at Blue Cross Premium,False
TXN002649,Customer_0468,checking,Southeast,healthcare,Blue Cross Premium,1110.78,USD,2024-02-26T13:02:00,Annual physical copay at Blue Cross Premium,False
TXN002650,Customer_0293,credit,Northeast,groceries,Whole Foods,2101.54,USD,2023-03-13T01:47:00,Quick stop at Whole Foods for produce and dairy,False
TXN002651,Customer_0041,credit,Southwest,entertainment,Apple iTunes,1630.72,USD,2024-05-28T18:37:00,Movie tickets at Apple iTunes — family outing,False
TXN002652,Customer_0163,credit,Southeast,healthcare,CVS Pharmacy,2466.55,USD,2024-04-03T08:25:00,Prescription refill at CVS Pharmacy,False
TXN002653,Customer_0262,credit,West,entertainment,AMC Theaters,2021.8,USD,2024-06-07T15:42:00,In-app purchase on AMC Theaters platform,True
TXN002654,Customer_0401,savings,Southwest,education,Barnes & Noble,1802.53,USD,2023-05-31T22:39:00,Textbook purchase at Barnes & Noble for continuing ed,True
TXN002655,Customer_0301,savings,Northeast,healthcare,Walgreens,1821.5,USD,2024-06-23T20:39:00,Annual physical copay at Walgreens,False
TXN002656,Customer_0295,credit,Southeast,travel,Marriott Hotels,1045.85,USD,2024-05-23T13:58:00,Car rental from Marriott Hotels for client site visit,False
TXN002657,Customer_0320,credit,West,groceries,Walmart Grocery,3772.6,USD,2023-06-28T04:04:00,Quick stop at Walmart Grocery for produce and dairy,False
TXN002658,Customer_0193,checking,Midwest,healthcare,CVS Pharmacy,3941.14,USD,2024-05-11T09:28:00,Prescription refill at CVS Pharmacy,False
TXN002659,Customer_0376,credit,Southwest,utilities,Verizon,3771.85,USD,2023-12-14T05:16:00,Verizon wireless plan — family plan renewal,False
TXN002660,Customer_0145,checking,Northeast,entertainment,Spotify,849.96,USD,2023-06-20T23:14:00,Spotify monthly subscription auto-renewal,False
TXN002661,Customer_0383,credit,West,education,Udemy,4464.54,USD,2024-02-28T09:59:00,Textbook purchase at Udemy for continuing ed,False
TXN002662,Customer_0105,savings,Northeast,education,Chegg,434.33,USD,2024-06-01T21:12:00,Textbook purchase at Chegg for continuing ed,True
TXN002663,Customer_0497,savings,Midwest,healthcare,Urgent Care Now,884.2,USD,2023-03-22T11:13:00,Annual physical copay at Urgent Care Now,False
TXN002664,Customer_0251,credit,Southwest,insurance,USAA,2871.44,USD,2023-12-02T10:56:00,USAA renters insurance quarterly payment,False
TXN002665,Customer_0347,checking,Southeast,rent,Apartment LLC,2353.7,USD,2024-01-20T10:23:00,Lease renewal fee at Apartment LLC,False
TXN002666,Customer_0111,credit,Southeast,dining,Panera Bread,1556.5,USD,2023-04-10T18:14:00,"Client dinner at Panera Bread, discussed Q4 roadmap",False
TXN002667,Customer_0375,checking,Southeast,rent,Apartment LLC,4012.42,USD,2024-06-29T02:52:00,Lease renewal fee at Apartment LLC,False
TXN002668,Customer_0419,checking,Midwest,shopping,Target,576.47,USD,2023-06-10T03:44:00,In-store purchase at Target — seasonal wardrobe,False
TXN002669,Customer_0391,checking,Southwest,healthcare,Urgent Care Now,3351.81,USD,2023-04-15T05:04:00,Annual physical copay at Urgent Care Now,False
TXN002670,Customer_0152,credit,West,travel,Airbnb,1331.89,USD,2023-04-01T06:15:00,Flight to Chicago via Airbnb for annual conference,False
TXN002671,Customer_0165,checking,Northeast,healthcare,LabCorp,3821.14,USD,2023-07-14T01:51:00,Prescription refill at LabCorp,False
TXN002672,Customer_0052,checking,Southwest,groceries,Kroger,2400.04,USD,2024-02-22T11:39:00,Quick stop at Kroger for produce and dairy,False
TXN002673,Customer_0222,checking,Midwest,healthcare,LabCorp,1833.46,USD,2023-11-30T09:07:00,Annual physical copay at LabCorp,False
TXN002674,Customer_0315,credit,Midwest,travel,Hertz,446.77,USD,2023-12-16T04:03:00,Car rental from Hertz for client site visit,False
TXN002675,Customer_0470,credit,West,dining,Olive Garden,-485.99,USD,2024-01-25T22:39:00,Morning coffee and pastry at Olive Garden,False
TXN002676,Customer_0069,credit,Northeast,groceries,Aldi,600.2,USD,2024-02-19T17:09:00,"Monthly bulk purchase at Aldi, household supplies",False
TXN002677,Customer_0256,savings,West,insurance,State Farm,3093.13,USD,2023-06-24T20:50:00,Monthly State Farm auto insurance premium,False
TXN002678,Customer_0139,savings,Southwest,rent,First Place Rentals,-100.81,USD,2023-03-30T23:00:00,Security deposit — First Place Rentals,True
TXN002679,Customer_0473,credit,Midwest,rent,Urban Living Co,2980.91,USD,2024-05-19T04:48:00,Monthly rent payment to Urban Living Co,False
TXN002680,Customer_0024,credit,West,education,Coursera,909.56,USD,2023-10-01T17:21:00,Coursera annual learning subscription,False
TXN002681,Customer_0075,credit,Midwest,travel,Uber,2506.47,USD,2023-04-01T09:21:00,Flight to Chicago via Uber for annual conference,False
TXN002682,Customer_0412,credit,Northeast,groceries,Walmart Grocery,4481.34,USD,2023-05-31T20:33:00,"Monthly bulk purchase at Walmart Grocery, household supplies",False
TXN002683,Customer_0479,checking,Midwest,shopping,Amazon,2488.12,USD,2023-01-14T13:50:00,In-store purchase at Amazon — seasonal wardrobe,False
TXN002684,Customer_0355,credit,Midwest,entertainment,Steam,2032.94,USD,2023-02-12T22:37:00,In-app purchase on Steam platform,True
TXN002685,Customer_0201,credit,Midwest,dining,Olive Garden,2631.98,USD,2023-07-29T01:06:00,Morning coffee and pastry at Olive Garden,False
TXN002686,Customer_0287,savings,Southwest,healthcare,LabCorp,3624.64,USD,2024-06-04T16:28:00,Annual physical copay at LabCorp,False
TXN002687,Customer_0315,credit,Southeast,shopping,Best Buy,3139.17,USD,2023-03-17T06:24:00,In-store purchase at Best Buy — seasonal wardrobe,False
TXN002688,Customer_0432,credit,Northeast,groceries,Kroger,580.26,USD,2023-04-01T03:51:00,"Monthly bulk purchase at Kroger, household supplies",False
TXN002689,Customer_0426,credit,Midwest,utilities,Verizon,46.0,USD,2024-04-02T02:48:00,Verizon electricity bill for the apartment,False
TXN002690,Customer_0390,credit,Midwest,groceries,Trader Joe's,79.96,USD,2024-06-17T18:51:00,"Monthly bulk purchase at Trader Joe's, household supplies",False
TXN002691,Customer_0149,savings,Northeast,healthcare,Walgreens,762.36,USD,2023-05-05T08:29:00,Lab work order from Walgreens,False
TXN002692,Customer_0123,credit,Midwest,groceries,Walmart Grocery,1387.78,USD,2023-04-06T23:26:00,"Weekly grocery run at Walmart Grocery, stocked up on essentials",False
TXN002693,Customer_0374,savings,West,groceries,Aldi,3280.56,USD,2023-01-09T17:16:00,Quick stop at Aldi for produce and dairy,False
TXN002694,Customer_0428,savings,West,insurance,Allstate,2381.6,USD,2023-06-02T18:57:00,Life insurance premium payment to Allstate,False
TXN002695,Customer_0275,checking,Northeast,insurance,State Farm,2367.29,USD,2024-06-23T06:09:00,Monthly State Farm auto insurance premium,False
TXN002696,Customer_0219,credit,Midwest,utilities,AT&T,4042.76,USD,2024-03-08T15:58:00,AT&T electricity bill for the apartment,False
TXN002697,Customer_0166,credit,Southeast,education,Barnes & Noble,2750.6,USD,2024-05-06T08:46:00,Barnes & Noble course enrollment — data engineering,False
TXN002698,Customer_0183,credit,Southeast,healthcare,Urgent Care Now,1509.58,USD,2023-03-25T15:20:00,Annual physical copay at Urgent Care Now,False
TXN002699,Customer_0319,savings,Midwest,healthcare,Urgent Care Now,718.09,USD,2024-04-13T08:05:00,Lab work order from Urgent Care Now,False
TXN002700,Customer_0476,checking,West,dining,The Cheesecake Factory,1739.04,USD,2024-03-30T10:48:00,Morning coffee and pastry at The Cheesecake Factory,False
TXN002701,Customer_0115,savings,Southwest,dining,Olive Garden,2221.12,USD,2024-02-21T11:50:00,Morning coffee and pastry at Olive Garden,False
TXN002702,Customer_0226,credit,Southwest,healthcare,Blue Cross Premium,3990.81,USD,2024-03-13T07:59:00,Annual physical copay at Blue Cross Premium,False
TXN002703,Customer_0095,checking,Northeast,groceries,Aldi,1582.58,USD,2024-02-10T06:53:00,"Weekly grocery run at Aldi, stocked up on essentials",False
TXN002704,Customer_0473,savings,Southeast,healthcare,Urgent Care Now,2936.67,USD,2023-05-10T16:17:00,Annual physical copay at Urgent Care Now,False
TXN002705,Customer_0211,credit,Northeast,utilities,ConEdison,2702.91,USD,2024-06-16T08:27:00,ConEdison wireless plan — family plan renewal,False
TXN002706,Customer_0141,checking,Southeast,groceries,Whole Foods,3934.73,USD,2023-07-21T09:35:00,"Monthly bulk purchase at Whole Foods, household supplies",True
TXN002707,Customer_0452,credit,West,healthcare,Walgreens,3366.14,USD,2024-02-14T23:31:00,Annual physical copay at Walgreens,False
TXN002708,Customer_0177,checking,Southwest,healthcare,LabCorp,1230.18,USD,2023-06-07T12:02:00,Annual physical copay at LabCorp,False
TXN002709,Customer_0207,credit,Southeast,shopping,IKEA,4191.62,USD,2024-05-22T04:03:00,In-store purchase at IKEA — seasonal wardrobe,False
TXN002710,Customer_0294,checking,Northeast,utilities,National Grid,3837.28,USD,2023-06-06T22:33:00,National Grid wireless plan — family plan renewal,False
TXN002711,Customer_0079,credit,Midwest,healthcare,Blue Cross Premium,3326.29,USD,2023-02-13T05:05:00,Annual physical copay at Blue Cross Premium,False
TXN002712,Customer_0430,credit,Southeast,healthcare,LabCorp,3987.87,USD,2023-09-09T00:43:00,Lab work order from LabCorp,False
TXN002713,Customer_0198,checking,West,healthcare,LabCorp,628.73,USD,2023-09-24T06:38:00,Lab work order from LabCorp,False
TXN002714,Customer_0229,credit,Southwest,education,Barnes & Noble,1302.13,USD,2023-01-23T15:53:00,Textbook purchase at Barnes & Noble for continuing ed,False
TXN002715,Customer_0248,savings,Midwest,rent,First Place Rentals,2734.14,USD,2023-03-12T04:36:00,Monthly rent payment to First Place Rentals,False
TXN002716,Customer_0085,savings,Southeast,entertainment,AMC Theaters,3571.63,USD,2023-04-13T13:58:00,AMC Theaters monthly subscription auto-renewal,False
TXN002717,Customer_0265,credit,Midwest,insurance,State Farm,3418.21,USD,2024-05-02T08:28:00,Life insurance premium payment to State Farm,False
TXN002718,Customer_0167,savings,Southwest,healthcare,Blue Cross Premium,-14.28,USD,2023-09-27T20:50:00,Annual physical copay at Blue Cross Premium,False
TXN002719,Customer_0053,savings,West,entertainment,Spotify,2419.01,USD,2023-06-28T04:46:00,In-app purchase on Spotify platform,True
TXN002720,Customer_0487,credit,Southeast,rent,Metro Realty,-205.43,USD,2023-11-02T03:22:00,Lease renewal fee at Metro Realty,False
TXN002721,Customer_0064,savings,Midwest,rent,Sunset Apartments,-28.63,USD,2024-04-18T14:54:00,Security deposit — Sunset Apartments,False
TXN002722,Customer_0458,credit,Midwest,entertainment,Apple iTunes,1085.56,USD,2024-05-10T04:11:00,In-app purchase on Apple iTunes platform,False
TXN002723,Customer_0115,savings,Midwest,healthcare,Blue Cross Premium,1518.77,USD,2024-05-14T09:06:00,Lab work order from Blue Cross Premium,False
TXN002724,Customer_0078,checking,Southeast,healthcare,LabCorp,966.92,USD,2024-01-11T11:22:00,Annual physical copay at LabCorp,False
TXN002725,Customer_0250,savings,Southwest,rent,Metro Realty,3362.03,USD,2023-04-11T20:26:00,Security deposit — Metro Realty,False
TXN002726,Customer_0100,savings,Southeast,travel,Hertz,2828.17,USD,2023-09-02T06:47:00,Hotel stay at Hertz during product summit,False
TXN002727,Customer_0129,savings,Southwest,entertainment,Steam,1356.12,USD,2024-03-31T20:45:00,Steam monthly subscription auto-renewal,False
TXN002728,Customer_0356,checking,Midwest,education,Barnes & Noble,3243.04,USD,2023-05-08T17:22:00,Textbook purchase at Barnes & Noble for continuing ed,False
TXN002729,Customer_0481,savings,Midwest,rent,Metro Realty,2334.32,USD,2024-02-17T01:07:00,Monthly rent payment to Metro Realty,False
TXN002730,Customer_0179,credit,Northeast,utilities,Verizon,457.97,USD,2023-02-10T03:28:00,Verizon electricity bill for the apartment,False
TXN002731,Customer_0018,savings,Southwest,shopping,IKEA,3558.65,USD,2024-03-18T22:38:00,Flash sale purchase at IKEA,False
TXN002732,Customer_0361,checking,Northeast,insurance,Progressive,3061.17,USD,2024-01-09T18:51:00,Progressive renters insurance quarterly payment,False
TXN002733,Customer_0181,checking,West,insurance,USAA,2006.04,USD,2024-05-13T07:23:00,USAA renters insurance quarterly payment,False
TXN002734,Customer_0233,checking,Southeast,healthcare,Urgent Care Now,1836.8,USD,2024-06-30T17:13:00,Lab work order from Urgent Care Now,False
TXN002735,Customer_0386,checking,Southwest,dining,Starbucks,3604.8,USD,2023-01-08T02:17:00,"Lunch with the team at Starbucks, celebrated Q3 results",False
TXN002736,Customer_0500,credit,Southeast,rent,Sunset Apartments,746.53,USD,2024-03-18T12:54:00,Security deposit — Sunset Apartments,False
TXN002737,Customer_0212,savings,Northeast,utilities,ConEdison,3206.64,USD,2023-10-02T16:01:00,ConEdison electricity bill for the apartment,False
TXN002738,Customer_0187,credit,West,groceries,Whole Foods,3032.58,USD,2024-01-09T17:52:00,Quick stop at Whole Foods for produce and dairy,False
TXN002739,Customer_0486,credit,West,groceries,Aldi,4384.52,USD,2023-08-31T23:30:00,"Weekly grocery run at Aldi, stocked up on essentials",False
TXN002740,Customer_0268,savings,West,entertainment,Netflix,3989.17,USD,2023-04-17T02:51:00,Netflix monthly subscription auto-renewal,False
TXN002741,Customer_0086,savings,Southeast,travel,Marriott Hotels,344.64,USD,2024-01-22T02:59:00,Flight to Chicago via Marriott Hotels for annual conference,False
TXN002742,Customer_0171,credit,Midwest,education,Barnes & Noble,3628.1,USD,2024-02-08T10:28:00,Barnes & Noble annual learning subscription,False
TXN002743,Customer_0352,savings,Midwest,entertainment,Steam,3151.8,USD,2023-10-21T02:07:00,In-app purchase on Steam platform,False
TXN002744,Customer_0097,credit,Northeast,insurance,Progressive,966.16,USD,2023-12-13T04:03:00,Monthly Progressive auto insurance premium,False
TXN002745,Customer_0488,credit,West,insurance,Geico,2671.04,USD,2024-06-09T09:49:00,Life insurance premium payment to Geico,False
TXN002746,Customer_0085,checking,Northeast,entertainment,Steam,1174.47,USD,2023-09-25T21:33:00,Steam monthly subscription auto-renewal,False
TXN002747,Customer_0057,checking,West,utilities,ConEdison,4386.63,USD,2023-06-23T17:13:00,ConEdison electricity bill for the apartment,False
TXN002748,Customer_0203,savings,West,groceries,Trader Joe's,2289.17,USD,2024-05-09T01:46:00,"Weekly grocery run at Trader Joe's, stocked up on essentials",False
TXN002749,Customer_0398,savings,West,shopping,IKEA,492.29,USD,2023-05-28T23:38:00,In-store purchase at IKEA — seasonal wardrobe,False
TXN002750,Customer_0326,savings,Southeast,education,Chegg,2175.1,USD,2023-04-07T15:09:00,Chegg annual learning subscription,False
TXN002751,Customer_0257,savings,Southwest,insurance,USAA,-153.4,USD,2023-08-16T01:14:00,Life insurance premium payment to USAA,False
TXN002752,Customer_0132,credit,West,travel,Airbnb,2946.26,USD,2024-04-23T09:06:00,Hotel stay at Airbnb during product summit,False
TXN002753,Customer_0386,checking,Southwest,dining,Panera Bread,1456.44,USD,2023-01-21T12:50:00,"Lunch with the team at Panera Bread, celebrated Q3 results",False
TXN002754,Customer_0331,checking,Southeast,rent,Apartment LLC,3238.34,USD,2023-11-02T04:21:00,Lease renewal fee at Apartment LLC,False
TXN002755,Customer_0036,credit,Midwest,dining,Olive Garden,3073.63,USD,2023-04-13T06:25:00,"Client dinner at Olive Garden, discussed Q4 roadmap",False
TXN002756,Customer_0061,savings,Southeast,travel,Hertz,-142.25,USD,2023-03-10T19:15:00,Hotel stay at Hertz during product summit,False
TXN002757,Customer_0002,checking,Southeast,shopping,Target,4286.94,USD,2023-04-26T13:36:00,In-store purchase at Target — seasonal wardrobe,False
TXN002758,Customer_0142,credit,Northeast,groceries,Aldi,2297.65,USD,2023-05-25T19:14:00,"Monthly bulk purchase at Aldi, household supplies",False
TXN002759,Customer_0099,credit,Southwest,healthcare,Urgent Care Now,3403.24,USD,2023-03-26T00:26:00,Prescription refill at Urgent Care Now,False
TXN002760,Customer_0130,savings,Southwest,utilities,ConEdison,2162.68,USD,2023-08-11T22:45:00,Monthly ConEdison internet and cable bill,False
TXN002761,Customer_0046,checking,Southwest,groceries,Trader Joe's,-404.86,USD,2023-09-08T06:05:00,"Monthly bulk purchase at Trader Joe's, household supplies",False
TXN002762,Customer_0297,checking,Southeast,healthcare,Urgent Care Now,2625.17,USD,2023-12-14T19:29:00,Lab work order from Urgent Care Now,False
TXN002763,Customer_0177,savings,Southwest,education,Coursera,3148.17,USD,2024-04-07T01:57:00,Textbook purchase at Coursera for continuing ed,False
TXN002764,Customer_0003,savings,Northeast,dining,Starbucks,4095.79,USD,2024-02-06T08:34:00,"Client dinner at Starbucks, discussed Q4 roadmap",False
TXN002765,Customer_0287,savings,Northeast,insurance,USAA,943.71,USD,2024-04-09T12:29:00,USAA renters insurance quarterly payment,False
TXN002766,Customer_0167,credit,Southwest,shopping,Amazon,1748.04,USD,2024-04-10T21:40:00,Online order from Amazon — home office equipment,False
TXN002767,Customer_0023,checking,Southeast,utilities,AT&T,3432.7,USD,2023-07-01T08:37:00,AT&T wireless plan — family plan renewal,False
TXN002768,Customer_0445,savings,Northeast,education,MIT OpenCourseWare,4033.14,USD,2023-01-01T09:34:00,Textbook purchase at MIT OpenCourseWare for continuing ed,False
TXN002769,Customer_0225,credit,Southeast,insurance,Geico,1369.1,USD,2023-04-30T17:05:00,Life insurance premium payment to Geico,False
TXN002770,Customer_0027,savings,Southwest,shopping,Amazon,3803.84,USD,2024-01-04T18:45:00,In-store purchase at Amazon — seasonal wardrobe,False
TXN002771,Customer_0295,savings,West,education,Chegg,-476.91,USD,2023-11-11T14:23:00,Chegg course enrollment — data engineering,False
TXN002772,Customer_0405,savings,Southeast,healthcare,Blue Cross Premium,2078.7,USD,2023-06-20T12:43:00,Annual physical copay at Blue Cross Premium,False
TXN002773,Customer_0013,checking,Southwest,entertainment,Apple iTunes,1211.29,USD,2023-01-11T19:32:00,In-app purchase on Apple iTunes platform,False
TXN002774,Customer_0371,credit,Southwest,shopping,Zara,-219.77,USD,2023-07-06T20:45:00,In-store purchase at Zara — seasonal wardrobe,False
TXN002775,Customer_0281,savings,Northeast,dining,Starbucks,599.31,USD,2024-03-29T14:56:00,Morning coffee and pastry at Starbucks,False
TXN002776,Customer_0292,credit,West,rent,Metro Realty,188.76,USD,2023-05-28T12:14:00,Security deposit — Metro Realty,False
TXN002777,Customer_0036,credit,Northeast,rent,Urban Living Co,3636.5,USD,2023-02-26T14:48:00,Lease renewal fee at Urban Living Co,False
TXN002778,Customer_0096,credit,Northeast,healthcare,CVS Pharmacy,2494.77,USD,2024-02-21T17:57:00,Prescription refill at CVS Pharmacy,False
TXN002779,Customer_0483,checking,Northeast,travel,Uber,742.02,USD,2023-05-27T06:39:00,Flight to Chicago via Uber for annual conference,False
TXN002780,Customer_0417,credit,Northeast,utilities,ConEdison,1708.99,USD,2024-01-22T18:16:00,ConEdison electricity bill for the apartment,False
TXN002781,Customer_0175,savings,Southwest,groceries,Kroger,1550.34,USD,2024-02-06T10:49:00,"Monthly bulk purchase at Kroger, household supplies",False
TXN002782,Customer_0367,checking,Northeast,entertainment,Netflix,2278.79,USD,2024-01-27T08:16:00,Netflix monthly subscription auto-renewal,False
TXN002783,Customer_0175,checking,Northeast,insurance,Progressive,2395.03,USD,2023-04-30T18:40:00,Progressive renters insurance quarterly payment,False
TXN002784,Customer_0160,checking,Southwest,insurance,Geico,754.4,USD,2023-01-07T10:15:00,Geico renters insurance quarterly payment,False
TXN002785,Customer_0246,credit,West,shopping,Best Buy,1646.41,USD,2024-06-26T20:28:00,Online order from Best Buy — home office equipment,False
TXN002786,Customer_0067,checking,Northeast,groceries,Trader Joe's,1032.94,USD,2023-09-13T02:58:00,"Weekly grocery run at Trader Joe's, stocked up on essentials",False
TXN002787,Customer_0494,savings,Southeast,dining,Olive Garden,4066.53,USD,2023-05-15T17:51:00,Morning coffee and pastry at Olive Garden,False
TXN002788,Customer_0104,credit,Northeast,insurance,Allstate,4138.99,USD,2023-09-15T05:51:00,Monthly Allstate auto insurance premium,False
TXN002789,Customer_0469,credit,Southwest,healthcare,Blue Cross Premium,2595.37,USD,2024-02-06T09:19:00,Prescription refill at Blue Cross Premium,False
TXN002790,Customer_0260,checking,West,groceries,Trader Joe's,3422.29,USD,2023-01-05T00:20:00,"Weekly grocery run at Trader Joe's, stocked up on essentials",False
TXN002791,Customer_0041,checking,Northeast,groceries,Trader Joe's,2197.07,USD,2023-05-31T21:10:00,"Monthly bulk purchase at Trader Joe's, household supplies",False
TXN002792,Customer_0188,savings,Northeast,groceries,Whole Foods,3994.07,USD,2024-02-12T08:33:00,"Monthly bulk purchase at Whole Foods, household supplies",False
TXN002793,Customer_0213,checking,West,travel,Delta Airlines,3908.65,USD,2023-11-24T20:47:00,Flight to Chicago via Delta Airlines for annual conference,True
TXN002794,Customer_0230,savings,Midwest,dining,The Cheesecake Factory,1828.86,USD,2023-06-24T01:14:00,"Lunch with the team at The Cheesecake Factory, celebrated Q3 results",False
TXN002795,Customer_0150,credit,Southwest,shopping,Amazon,2407.82,USD,2023-07-13T06:00:00,In-store purchase at Amazon — seasonal wardrobe,False
TXN002796,Customer_0285,checking,West,healthcare,Urgent Care Now,642.21,USD,2023-01-11T13:03:00,Annual physical copay at Urgent Care Now,False
TXN002797,Customer_0069,savings,West,entertainment,AMC Theaters,4400.32,USD,2023-03-19T08:47:00,In-app purchase on AMC Theaters platform,False
TXN002798,Customer_0004,checking,Midwest,healthcare,Urgent Care Now,453.25,USD,2023-02-15T23:06:00,Lab work order from Urgent Care Now,False
TXN002799,Customer_0038,credit,Southeast,education,Barnes & Noble,-68.92,USD,2023-02-17T03:54:00,Textbook purchase at Barnes & Noble for continuing ed,False
TXN002800,Customer_0497,credit,West,insurance,Progressive,1076.05,USD,2023-01-04T08:36:00,Monthly Progressive auto insurance premium,False
TXN002801,Customer_0466,checking,Midwest,utilities,National Grid,1535.39,USD,2024-01-16T10:51:00,National Grid wireless plan — family plan renewal,False
TXN002802,Customer_0308,checking,Northeast,shopping,Target,2908.43,USD,2024-04-22T10:53:00,Flash sale purchase at Target,False
TXN002803,Customer_0416,savings,Southeast,entertainment,Netflix,4116.76,USD,2024-02-26T05:24:00,In-app purchase on Netflix platform,False
TXN002804,Customer_0036,checking,Midwest,rent,Apartment LLC,4165.91,USD,2024-04-26T23:28:00,Lease renewal fee at Apartment LLC,False
TXN002805,Customer_0153,checking,Midwest,shopping,IKEA,777.47,USD,2023-07-22T20:56:00,In-store purchase at IKEA — seasonal wardrobe,False
TXN002806,Customer_0499,savings,Midwest,entertainment,Apple iTunes,2337.42,USD,2024-05-02T03:21:00,In-app purchase on Apple iTunes platform,False
TXN002807,Customer_0428,checking,Southwest,entertainment,Spotify,3900.14,USD,2023-02-18T07:17:00,Movie tickets at Spotify — family outing,False
TXN002808,Customer_0215,checking,Northeast,groceries,Walmart Grocery,1322.09,USD,2023-02-21T18:18:00,"Weekly grocery run at Walmart Grocery, stocked up on essentials",True
TXN002809,Customer_0213,checking,Midwest,dining,Panera Bread,1597.74,USD,2023-06-21T12:24:00,Morning coffee and pastry at Panera Bread,False
TXN002810,Customer_0017,checking,West,travel,Marriott Hotels,1181.34,USD,2023-08-25T01:38:00,Hotel stay at Marriott Hotels during product summit,False
TXN002811,Customer_0124,checking,Northeast,entertainment,Netflix,3056.07,USD,2024-04-16T05:52:00,Netflix monthly subscription auto-renewal,False
TXN002812,Customer_0216,credit,Northeast,entertainment,Netflix,2213.58,USD,2023-01-12T20:04:00,In-app purchase on Netflix platform,False
TXN002813,Customer_0271,credit,Midwest,travel,Hertz,982.34,USD,2024-04-04T09:10:00,Flight to Chicago via Hertz for annual conference,False
TXN002814,Customer_0351,savings,West,insurance,State Farm,3430.07,USD,2024-05-03T02:22:00,Life insurance premium payment to State Farm,False
TXN002815,Customer_0084,credit,Midwest,rent,Apartment LLC,751.91,USD,2024-04-21T23:49:00,Monthly rent payment to Apartment LLC,False
TXN002816,Customer_0289,checking,Southwest,healthcare,CVS Pharmacy,3240.06,USD,2023-02-08T22:40:00,Prescription refill at CVS Pharmacy,False
TXN002817,Customer_0160,savings,Southeast,entertainment,Steam,308.65,USD,2024-04-07T16:31:00,In-app purchase on Steam platform,False
TXN002818,Customer_0091,credit,Southeast,healthcare,LabCorp,-460.93,USD,2023-05-08T12:39:00,Annual physical copay at LabCorp,False
TXN002819,Customer_0416,savings,Southwest,travel,Delta Airlines,1950.74,USD,2023-08-19T19:12:00,Car rental from Delta Airlines for client site visit,False
TXN002820,Customer_0438,checking,Southwest,utilities,Verizon,2645.73,USD,2023-07-07T22:22:00,Verizon electricity bill for the apartment,False
TXN002821,Customer_0128,credit,Northeast,education,Barnes & Noble,1004.83,USD,2023-08-15T07:01:00,Barnes & Noble annual learning subscription,False
TXN002822,Customer_0348,checking,Northeast,utilities,ConEdison,1122.24,USD,2023-07-05T07:27:00,ConEdison electricity bill for the apartment,False
TXN002823,Customer_0012,credit,Southwest,travel,Marriott Hotels,3412.9,USD,2024-01-19T06:45:00,Hotel stay at Marriott Hotels during product summit,False
TXN002824,Customer_0205,checking,Southeast,travel,Delta Airlines,-458.35,USD,2023-09-12T04:20:00,Flight to Chicago via Delta Airlines for annual conference,False
TXN002825,Customer_0167,credit,West,groceries,Kroger,408.54,USD,2023-02-25T18:17:00,"Monthly bulk purchase at Kroger, household supplies",False
TXN002826,Customer_0352,credit,Midwest,groceries,Walmart Grocery,689.65,USD,2023-12-16T12:19:00,"Weekly grocery run at Walmart Grocery, stocked up on essentials",False
TXN002827,Customer_0045,checking,Midwest,rent,First Place Rentals,1674.15,USD,2023-08-27T16:51:00,Monthly rent payment to First Place Rentals,False
TXN002828,Customer_0422,credit,Midwest,education,Barnes & Noble,2640.79,USD,2023-01-22T11:45:00,Barnes & Noble course enrollment — data engineering,False
TXN002829,Customer_0316,credit,West,entertainment,Apple iTunes,4192.54,USD,2023-04-23T10:44:00,In-app purchase on Apple iTunes platform,False
TXN002830,Customer_0201,savings,Southeast,healthcare,LabCorp,4272.53,USD,2023-06-27T16:40:00,Annual physical copay at LabCorp,False
TXN002831,Customer_0062,credit,West,entertainment,Steam,83.44,USD,2023-05-18T02:42:00,Steam monthly subscription auto-renewal,False
TXN002832,Customer_0005,checking,West,insurance,Progressive,1949.43,USD,2024-03-22T02:20:00,Life insurance premium payment to Progressive,False
TXN002833,Customer_0257,savings,West,travel,Delta Airlines,2733.97,USD,2024-04-01T14:56:00,Hotel stay at Delta Airlines during product summit,False
TXN002834,Customer_0022,credit,Southwest,utilities,Comcast Xfinity,-466.97,USD,2023-02-08T03:02:00,Comcast Xfinity wireless plan — family plan renewal,False
TXN002835,Customer_0077,savings,Southwest,entertainment,Steam,-112.19,USD,2024-06-21T16:35:00,Movie tickets at Steam — family outing,False
TXN002836,Customer_0201,credit,Northeast,rent,Urban Living Co,1268.31,USD,2024-01-31T07:35:00,Monthly rent payment to Urban Living Co,False
TXN002837,Customer_0046,credit,Midwest,shopping,Zara,3186.21,USD,2024-03-06T19:02:00,In-store purchase at Zara — seasonal wardrobe,False
TXN002838,Customer_0286,credit,Southeast,groceries,Aldi,1506.65,USD,2024-01-25T15:11:00,Quick stop at Aldi for produce and dairy,False
TXN002839,Customer_0001,credit,Southwest,groceries,Kroger,3216.84,USD,2023-04-25T21:42:00,"Weekly grocery run at Kroger, stocked up on essentials",False
TXN002840,Customer_0181,savings,Midwest,entertainment,Steam,2847.07,USD,2023-01-19T14:33:00,Steam monthly subscription auto-renewal,False
TXN002841,Customer_0228,credit,Southwest,groceries,Aldi,228.48,USD,2024-01-16T03:41:00,"Weekly grocery run at Aldi, stocked up on essentials",False
TXN002842,Customer_0041,savings,West,entertainment,Apple iTunes,923.87,USD,2024-05-07T08:36:00,Movie tickets at Apple iTunes — family outing,False
TXN002843,Customer_0191,checking,Southwest,shopping,IKEA,2320.38,USD,2023-12-12T15:57:00,Flash sale purchase at IKEA,False
TXN002844,Customer_0312,savings,West,shopping,Best Buy,1942.83,USD,2023-08-01T09:15:00,In-store purchase at Best Buy — seasonal wardrobe,False
TXN002845,Customer_0108,credit,Southeast,dining,Olive Garden,4122.89,USD,2023-01-17T23:02:00,"Lunch with the team at Olive Garden, celebrated Q3 results",False
TXN002846,Customer_0123,savings,West,insurance,Progressive,1494.09,USD,2024-05-08T07:01:00,Progressive renters insurance quarterly payment,False
TXN002847,Customer_0304,checking,West,dining,Panera Bread,3095.37,USD,2023-04-21T11:18:00,"Client dinner at Panera Bread, discussed Q4 roadmap",False
TXN002848,Customer_0071,savings,Midwest,travel,Delta Airlines,650.38,USD,2023-12-12T10:01:00,Flight to Chicago via Delta Airlines for annual conference,False
TXN002849,Customer_0382,credit,Northeast,healthcare,LabCorp,4466.52,USD,2023-08-02T18:54:00,Lab work order from LabCorp,False
TXN002850,Customer_0194,checking,West,education,Udemy,2297.46,USD,2023-08-08T00:12:00,Udemy annual learning subscription,False
TXN002851,Customer_0015,checking,Southwest,entertainment,Spotify,992.82,USD,2023-03-23T09:14:00,Movie tickets at Spotify — family outing,False
TXN002852,Customer_0252,credit,Midwest,rent,Metro Realty,4216.09,USD,2023-04-19T14:36:00,Lease renewal fee at Metro Realty,False
TXN002853,Customer_0263,credit,West,shopping,Best Buy,1862.84,USD,2023-07-19T11:06:00,In-store purchase at Best Buy — seasonal wardrobe,False
TXN002854,Customer_0168,credit,West,shopping,Target,1519.02,USD,2023-02-27T00:10:00,Online order from Target — home office equipment,False
TXN002855,Customer_0191,savings,West,groceries,Trader Joe's,4035.39,USD,2024-04-07T03:11:00,"Weekly grocery run at Trader Joe's, stocked up on essentials",False
TXN002856,Customer_0053,credit,Southeast,healthcare,Urgent Care Now,3315.92,USD,2024-06-03T00:21:00,Lab work order from Urgent Care Now,False
TXN002857,Customer_0436,checking,Southeast,shopping,IKEA,3194.82,USD,2023-05-11T15:33:00,Online order from IKEA — home office equipment,False
TXN002858,Customer_0196,checking,West,entertainment,Steam,2765.88,USD,2023-03-26T10:08:00,Movie tickets at Steam — family outing,False
TXN002859,Customer_0145,savings,Midwest,rent,Metro Realty,3647.36,USD,2023-06-09T00:09:00,Lease renewal fee at Metro Realty,False
TXN002860,Customer_0202,checking,Northeast,entertainment,Apple iTunes,1133.52,USD,2023-09-08T14:15:00,Apple iTunes monthly subscription auto-renewal,False
TXN002861,Customer_0428,checking,Southwest,entertainment,AMC Theaters,1022.51,USD,2023-02-02T22:09:00,AMC Theaters monthly subscription auto-renewal,False
TXN002862,Customer_0310,checking,Southwest,shopping,Zara,4140.79,USD,2024-02-23T00:24:00,Online order from Zara — home office equipment,False
TXN002863,Customer_0382,checking,Northeast,entertainment,Steam,3930.74,USD,2023-05-09T23:20:00,Steam monthly subscription auto-renewal,False
TXN002864,Customer_0210,credit,Southwest,shopping,Zara,3998.32,USD,2023-08-05T09:04:00,Online order from Zara — home office equipment,False
TXN002865,Customer_0036,credit,Northeast,utilities,ConEdison,1267.66,USD,2023-04-24T17:40:00,Monthly ConEdison internet and cable bill,False
TXN002866,Customer_0162,credit,Northeast,groceries,Walmart Grocery,3139.85,USD,2024-03-31T18:42:00,"Weekly grocery run at Walmart Grocery, stocked up on essentials",True
TXN002867,Customer_0294,credit,Midwest,entertainment,Steam,2262.96,USD,2023-02-18T12:29:00,Steam monthly subscription auto-renewal,False
TXN002868,Customer_0415,savings,West,insurance,Allstate,-56.76,USD,2023-10-06T10:30:00,Life insurance premium payment to Allstate,False
TXN002869,Customer_0138,checking,West,travel,Airbnb,2977.96,USD,2023-10-02T00:14:00,Hotel stay at Airbnb during product summit,False
TXN002870,Customer_0472,credit,West,education,MIT OpenCourseWare,2783.97,USD,2023-01-04T19:14:00,Textbook purchase at MIT OpenCourseWare for continuing ed,False
TXN002871,Customer_0148,checking,Southeast,dining,Starbucks,3366.33,USD,2024-02-19T09:04:00,"Client dinner at Starbucks, discussed Q4 roadmap",True
TXN002872,Customer_0231,savings,Southeast,shopping,Amazon,759.39,USD,2023-03-08T22:41:00,Online order from Amazon — home office equipment,False
TXN002873,Customer_0019,checking,Northeast,healthcare,Blue Cross Premium,1090.25,USD,2024-06-30T19:25:00,Annual physical copay at Blue Cross Premium,False
TXN002874,Customer_0020,savings,Midwest,entertainment,Steam,750.02,USD,2023-01-22T01:17:00,Steam monthly subscription auto-renewal,False
TXN002875,Customer_0194,credit,Southwest,insurance,Allstate,2699.51,USD,2024-06-15T18:17:00,Allstate renters insurance quarterly payment,False
TXN002876,Customer_0208,checking,Northeast,insurance,Geico,59.47,USD,2023-02-24T14:51:00,Geico renters insurance quarterly payment,False
TXN002877,Customer_0114,credit,West,dining,Panera Bread,4273.83,USD,2023-11-17T18:58:00,"Client dinner at Panera Bread, discussed Q4 roadmap",False
TXN002878,Customer_0477,checking,West,utilities,Comcast Xfinity,2001.46,USD,2023-04-20T18:45:00,Monthly Comcast Xfinity internet and cable bill,False
TXN002879,Customer_0048,savings,Midwest,groceries,Whole Foods,2774.31,USD,2023-10-28T02:51:00,Quick stop at Whole Foods for produce and dairy,False
TXN002880,Customer_0341,credit,Southwest,rent,Sunset Apartments,1260.53,USD,2023-11-07T21:36:00,Security deposit — Sunset Apartments,False
TXN002881,Customer_0246,credit,Northeast,healthcare,LabCorp,1033.51,USD,2023-08-05T23:14:00,Prescription refill at LabCorp,False
TXN002882,Customer_0299,checking,West,groceries,Whole Foods,2779.26,USD,2024-02-18T11:13:00,Quick stop at Whole Foods for produce and dairy,False
TXN002883,Customer_0054,savings,Southeast,dining,Olive Garden,2915.94,USD,2023-11-07T13:44:00,"Client dinner at Olive Garden, discussed Q4 roadmap",False
TXN002884,Customer_0471,checking,Southwest,entertainment,Apple iTunes,3230.87,USD,2023-12-24T16:24:00,In-app purchase on Apple iTunes platform,False
TXN002885,Customer_0199,credit,West,utilities,Verizon,3896.58,USD,2023-04-05T08:44:00,Monthly Verizon internet and cable bill,False
TXN002886,Customer_0392,savings,Southwest,utilities,ConEdison,907.41,USD,2024-02-04T14:59:00,ConEdison wireless plan — family plan renewal,False
TXN002887,Customer_0447,checking,Midwest,groceries,Walmart Grocery,2518.67,USD,2024-04-18T19:08:00,Quick stop at Walmart Grocery for produce and dairy,False
TXN002888,Customer_0416,credit,Southwest,dining,Panera Bread,1528.81,USD,2023-07-12T11:48:00,"Lunch with the team at Panera Bread, celebrated Q3 results",False
TXN002889,Customer_0306,savings,Northeast,entertainment,Steam,3689.15,USD,2023-04-15T09:42:00,Steam monthly subscription auto-renewal,False
TXN002890,Customer_0307,credit,Southeast,healthcare,LabCorp,27.04,USD,2023-09-14T21:08:00,Annual physical copay at LabCorp,False
TXN002891,Customer_0495,checking,Midwest,dining,Olive Garden,1791.91,USD,2023-11-26T04:38:00,"Client dinner at Olive Garden, discussed Q4 roadmap",False
TXN002892,Customer_0028,checking,Northeast,groceries,Walmart Grocery,2797.02,USD,2023-03-24T03:42:00,"Weekly grocery run at Walmart Grocery, stocked up on essentials",False
TXN002893,Customer_0434,credit,West,groceries,Whole Foods,1911.48,USD,2023-07-17T17:16:00,Quick stop at Whole Foods for produce and dairy,False
TXN002894,Customer_0119,checking,Northeast,rent,First Place Rentals,631.22,USD,2024-06-08T04:41:00,Monthly rent payment to First Place Rentals,False
TXN002895,Customer_0320,checking,Southwest,insurance,Progressive,4371.95,USD,2024-02-19T15:08:00,Life insurance premium payment to Progressive,False
TXN002896,Customer_0064,savings,West,utilities,AT&T,1190.31,USD,2023-09-08T20:26:00,Monthly AT&T internet and cable bill,False
TXN002897,Customer_0065,checking,Southwest,healthcare,LabCorp,1888.36,USD,2023-05-20T04:01:00,Lab work order from LabCorp,False
TXN002898,Customer_0063,savings,West,dining,Olive Garden,4428.3,USD,2023-03-06T20:40:00,Morning coffee and pastry at Olive Garden,False
TXN002899,Customer_0060,credit,West,utilities,AT&T,857.18,USD,2023-09-02T13:32:00,Monthly AT&T internet and cable bill,False
TXN002900,Customer_0141,checking,Southeast,rent,First Place Rentals,1865.15,USD,2023-05-31T07:50:00,Monthly rent payment to First Place Rentals,False
TXN002901,Customer_0176,checking,Southwest,dining,Olive Garden,1030.38,USD,2023-06-02T20:51:00,Morning coffee and pastry at Olive Garden,False
TXN002902,Customer_0237,credit,Midwest,education,Coursera,1715.5,USD,2023-11-25T05:59:00,Coursera course enrollment — data engineering,False
TXN002903,Customer_0351,credit,Midwest,travel,Hertz,3428.44,USD,2023-09-12T23:40:00,Hotel stay at Hertz during product summit,False
TXN002904,Customer_0060,checking,Midwest,insurance,Allstate,512.78,USD,2023-08-16T07:02:00,Life insurance premium payment to Allstate,False
TXN002905,Customer_0256,savings,Northeast,groceries,Aldi,2341.22,USD,2023-12-08T10:44:00,"Monthly bulk purchase at Aldi, household supplies",False
TXN002906,Customer_0272,savings,Southwest,groceries,Kroger,4000.06,USD,2023-02-23T05:59:00,"Monthly bulk purchase at Kroger, household supplies",False
TXN002907,Customer_0200,checking,West,dining,Starbucks,3211.01,USD,2023-06-22T03:26:00,"Lunch with the team at Starbucks, celebrated Q3 results",False
TXN002908,Customer_0166,credit,Midwest,shopping,IKEA,106.08,USD,2023-03-16T17:50:00,Flash sale purchase at IKEA,True
TXN002909,Customer_0488,savings,West,rent,Metro Realty,2962.23,USD,2023-08-21T23:29:00,Security deposit — Metro Realty,False
TXN002910,Customer_0437,credit,Midwest,rent,Urban Living Co,3738.45,USD,2023-12-21T02:36:00,Lease renewal fee at Urban Living Co,False
TXN002911,Customer_0038,checking,West,travel,Uber,2034.22,USD,2023-08-10T12:59:00,Car rental from Uber for client site visit,False
TXN002912,Customer_0491,credit,West,utilities,Verizon,672.14,USD,2024-03-17T03:06:00,Verizon electricity bill for the apartment,False
TXN002913,Customer_0016,checking,Southwest,insurance,Progressive,3826.48,USD,2023-02-13T11:25:00,Life insurance premium payment to Progressive,False
TXN002914,Customer_0322,savings,Southwest,groceries,Aldi,661.96,USD,2023-05-23T16:29:00,"Monthly bulk purchase at Aldi, household supplies",False
TXN002915,Customer_0268,credit,Southeast,travel,Delta Airlines,3996.45,USD,2023-03-27T05:40:00,Flight to Chicago via Delta Airlines for annual conference,False
TXN002916,Customer_0002,savings,Southeast,shopping,Best Buy,2453.73,USD,2023-01-07T02:39:00,In-store purchase at Best Buy — seasonal wardrobe,False
TXN002917,Customer_0425,credit,Northeast,groceries,Aldi,624.08,USD,2024-03-23T21:45:00,Quick stop at Aldi for produce and dairy,False
TXN002918,Customer_0081,credit,Midwest,rent,Sunset Apartments,2833.39,USD,2023-12-28T10:05:00,Monthly rent payment to Sunset Apartments,False
TXN002919,Customer_0156,credit,Southwest,groceries,Whole Foods,-61.84,USD,2023-09-20T22:08:00,Quick stop at Whole Foods for produce and dairy,False
TXN002920,Customer_0006,savings,Southeast,travel,Marriott Hotels,219.22,USD,2023-05-13T07:20:00,Car rental from Marriott Hotels for client site visit,False
TXN002921,Customer_0140,credit,Southeast,insurance,State Farm,3175.73,USD,2023-10-09T06:29:00,Monthly State Farm auto insurance premium,False
TXN002922,Customer_0073,credit,Northeast,utilities,Verizon,4412.85,USD,2023-04-25T13:45:00,Monthly Verizon internet and cable bill,False
TXN002923,Customer_0242,credit,Midwest,dining,Panera Bread,2756.91,USD,2023-01-10T07:13:00,"Client dinner at Panera Bread, discussed Q4 roadmap",False
TXN002924,Customer_0010,savings,Northeast,entertainment,AMC Theaters,4094.92,USD,2024-03-22T12:16:00,In-app purchase on AMC Theaters platform,False
TXN002925,Customer_0377,savings,Southwest,groceries,Whole Foods,2461.95,USD,2023-01-29T03:21:00,"Monthly bulk purchase at Whole Foods, household supplies",False
TXN002926,Customer_0212,credit,Southeast,dining,Panera Bread,1350.46,USD,2024-06-12T00:37:00,"Client dinner at Panera Bread, discussed Q4 roadmap",False
TXN002927,Customer_0335,credit,West,dining,Chipotle,32.29,USD,2024-03-01T03:46:00,"Client dinner at Chipotle, discussed Q4 roadmap",False
TXN002928,Customer_0191,checking,Southeast,utilities,AT&T,3764.88,USD,2023-06-16T04:42:00,AT&T electricity bill for the apartment,False
TXN002929,Customer_0234,credit,West,insurance,Geico,2266.95,USD,2023-11-08T07:22:00,Geico renters insurance quarterly payment,False
TXN002930,Customer_0175,credit,Southeast,groceries,Walmart Grocery,4477.79,USD,2024-01-08T01:49:00,Quick stop at Walmart Grocery for produce and dairy,False
TXN002931,Customer_0352,savings,Southeast,dining,The Cheesecake Factory,3677.74,USD,2024-04-19T14:45:00,"Lunch with the team at The Cheesecake Factory, celebrated Q3 results",False
TXN002932,Customer_0228,savings,Southwest,insurance,State Farm,186.49,USD,2023-01-20T07:01:00,State Farm renters insurance quarterly payment,False
TXN002933,Customer_0242,checking,Southwest,healthcare,Urgent Care Now,36.43,USD,2024-03-18T02:51:00,Lab work order from Urgent Care Now,False
TXN002934,Customer_0189,credit,Midwest,entertainment,Spotify,2743.14,USD,2023-10-30T21:46:00,Spotify monthly subscription auto-renewal,False
TXN002935,Customer_0209,savings,Midwest,travel,Delta Airlines,3315.35,USD,2024-03-31T15:38:00,Hotel stay at Delta Airlines during product summit,False
TXN002936,Customer_0304,credit,Southeast,dining,Chipotle,851.71,USD,2023-01-19T22:19:00,Morning coffee and pastry at Chipotle,False
TXN002937,Customer_0393,credit,Northeast,education,Chegg,1992.47,USD,2023-03-31T12:00:00,Chegg course enrollment — data engineering,False
TXN002938,Customer_0409,checking,Midwest,healthcare,Urgent Care Now,2094.07,USD,2023-06-21T05:07:00,Lab work order from Urgent Care Now,False
TXN002939,Customer_0032,checking,Southwest,utilities,National Grid,2349.99,USD,2023-07-20T08:29:00,National Grid wireless plan — family plan renewal,False
TXN002940,Customer_0265,credit,Southwest,dining,Starbucks,2286.6,USD,2023-08-21T00:43:00,Morning coffee and pastry at Starbucks,False
TXN002941,Customer_0383,checking,Southwest,education,MIT OpenCourseWare,4061.75,USD,2024-05-05T18:56:00,Textbook purchase at MIT OpenCourseWare for continuing ed,False
TXN002942,Customer_0169,credit,West,rent,Urban Living Co,477.57,USD,2023-02-19T07:13:00,Security deposit — Urban Living Co,False
TXN002943,Customer_0075,credit,Midwest,education,Barnes & Noble,3046.43,USD,2024-06-08T12:32:00,Barnes & Noble annual learning subscription,False
TXN002944,Customer_0357,checking,Northeast,insurance,Progressive,4361.35,USD,2023-01-09T20:00:00,Monthly Progressive auto insurance premium,False
TXN002945,Customer_0436,credit,Midwest,education,Barnes & Noble,2771.57,USD,2023-10-11T10:29:00,Textbook purchase at Barnes & Noble for continuing ed,False
TXN002946,Customer_0232,savings,Southwest,entertainment,AMC Theaters,500.89,USD,2023-06-24T23:27:00,In-app purchase on AMC Theaters platform,False
TXN002947,Customer_0426,savings,Southwest,healthcare,LabCorp,1049.01,USD,2023-04-22T22:25:00,Lab work order from LabCorp,False
TXN002948,Customer_0108,credit,Southwest,entertainment,Spotify,2610.93,USD,2023-12-04T20:40:00,In-app purchase on Spotify platform,False
TXN002949,Customer_0294,savings,Midwest,rent,Apartment LLC,3656.63,USD,2024-06-02T10:28:00,Security deposit — Apartment LLC,False
TXN002950,Customer_0283,checking,West,utilities,National Grid,1877.8,USD,2024-05-03T16:19:00,National Grid electricity bill for the apartment,False
TXN002951,Customer_0356,checking,Northeast,utilities,ConEdison,180.05,USD,2024-03-29T20:42:00,ConEdison wireless plan — family plan renewal,False
TXN002952,Customer_0327,checking,Midwest,education,Chegg,427.17,USD,2023-01-27T20:40:00,Textbook purchase at Chegg for continuing ed,True
TXN002953,Customer_0098,checking,Southwest,insurance,USAA,1748.63,USD,2023-11-26T09:00:00,Monthly USAA auto insurance premium,False
TXN002954,Customer_0489,credit,Midwest,utilities,National Grid,2647.47,USD,2023-02-14T23:11:00,National Grid wireless plan — family plan renewal,False
TXN002955,Customer_0161,credit,Midwest,travel,Airbnb,884.08,USD,2023-05-02T09:39:00,Hotel stay at Airbnb during product summit,False
TXN002956,Customer_0066,checking,Midwest,entertainment,Apple iTunes,246.07,USD,2024-05-08T15:04:00,Movie tickets at Apple iTunes — family outing,False
TXN002957,Customer_0161,savings,Midwest,rent,Metro Realty,2635.29,USD,2024-04-07T01:58:00,Monthly rent payment to Metro Realty,False
TXN002958,Customer_0100,savings,Midwest,groceries,Whole Foods,515.39,USD,2023-09-29T11:36:00,Quick stop at Whole Foods for produce and dairy,False
TXN002959,Customer_0289,checking,Southwest,education,Chegg,3448.04,USD,2023-04-06T20:09:00,Chegg course enrollment — data engineering,False
TXN002960,Customer_0053,checking,Southeast,groceries,Kroger,138.34,USD,2023-06-03T17:41:00,Quick stop at Kroger for produce and dairy,False
TXN002961,Customer_0356,savings,Southeast,groceries,Walmart Grocery,1335.7,USD,2023-01-05T08:23:00,Quick stop at Walmart Grocery for produce and dairy,False
TXN002962,Customer_0109,credit,Midwest,healthcare,Urgent Care Now,234.49,USD,2024-03-14T00:31:00,Annual physical copay at Urgent Care Now,False
TXN002963,Customer_0119,credit,Southeast,insurance,USAA,1405.7,USD,2024-05-14T13:54:00,Life insurance premium payment to USAA,False
TXN002964,Customer_0019,checking,Southwest,rent,First Place Rentals,1186.52,USD,2023-07-02T22:47:00,Monthly rent payment to First Place Rentals,False
TXN002965,Customer_0428,checking,West,shopping,Zara,3245.32,USD,2023-01-18T05:43:00,In-store purchase at Zara — seasonal wardrobe,False
TXN002966,Customer_0012,savings,Northeast,groceries,Aldi,1688.49,USD,2024-04-13T19:02:00,Quick stop at Aldi for produce and dairy,False
TXN002967,Customer_0056,checking,Northeast,education,Coursera,306.77,USD,2023-02-27T06:37:00,Coursera annual learning subscription,False
TXN002968,Customer_0244,checking,Northeast,entertainment,AMC Theaters,154.07,USD,2024-01-27T05:46:00,Movie tickets at AMC Theaters — family outing,False
TXN002969,Customer_0326,checking,Southwest,utilities,Comcast Xfinity,3681.45,USD,2023-06-11T18:58:00,Comcast Xfinity wireless plan — family plan renewal,False
TXN002970,Customer_0013,savings,Northeast,rent,Urban Living Co,15.99,USD,2023-06-13T05:58:00,Monthly rent payment to Urban Living Co,False
TXN002971,Customer_0335,savings,West,groceries,Aldi,3980.65,USD,2023-10-14T05:29:00,"Weekly grocery run at Aldi, stocked up on essentials",False
TXN002972,Customer_0278,credit,West,healthcare,LabCorp,2520.67,USD,2023-06-20T17:59:00,Lab work order from LabCorp,False
TXN002973,Customer_0426,credit,Northeast,shopping,Target,718.71,USD,2023-03-23T05:26:00,Online order from Target — home office equipment,False
TXN002974,Customer_0188,credit,Southwest,insurance,Geico,1167.79,USD,2023-11-28T04:47:00,Geico renters insurance quarterly payment,False
TXN002975,Customer_0355,checking,West,education,Chegg,3801.67,USD,2023-09-29T14:09:00,Chegg course enrollment — data engineering,False
TXN002976,Customer_0282,savings,Midwest,entertainment,AMC Theaters,1631.23,USD,2024-04-25T15:35:00,AMC Theaters monthly subscription auto-renewal,False
TXN002977,Customer_0311,savings,West,entertainment,Netflix,21.2,USD,2023-11-22T15:29:00,In-app purchase on Netflix platform,False
TXN002978,Customer_0257,credit,West,groceries,Kroger,644.55,USD,2023-06-06T17:19:00,"Weekly grocery run at Kroger, stocked up on essentials",False
TXN002979,Customer_0076,savings,Northeast,insurance,Geico,617.81,USD,2024-01-22T08:07:00,Life insurance premium payment to Geico,False
TXN002980,Customer_0265,savings,Northeast,groceries,Walmart Grocery,3896.26,USD,2023-12-09T12:46:00,"Weekly grocery run at Walmart Grocery, stocked up on essentials",False
TXN002981,Customer_0430,credit,West,insurance,USAA,3578.07,USD,2024-01-23T09:30:00,Monthly USAA auto insurance premium,False
TXN002982,Customer_0269,checking,Northeast,rent,Metro Realty,293.15,USD,2023-06-28T08:08:00,Lease renewal fee at Metro Realty,False
TXN002983,Customer_0430,savings,Northeast,healthcare,Walgreens,3026.77,USD,2023-03-28T18:38:00,Annual physical copay at Walgreens,False
TXN002984,Customer_0477,credit,Northeast,rent,First Place Rentals,-222.8,USD,2024-04-27T00:44:00,Lease renewal fee at First Place Rentals,False
TXN002985,Customer_0053,credit,Northeast,shopping,IKEA,-236.33,USD,2024-04-27T09:03:00,Online order from IKEA — home office equipment,False
TXN002986,Customer_0306,savings,West,utilities,National Grid,2607.52,USD,2023-06-05T20:58:00,National Grid wireless plan — family plan renewal,False
TXN002987,Customer_0475,credit,Northeast,dining,Chipotle,4385.13,USD,2023-02-22T21:30:00,"Client dinner at Chipotle, discussed Q4 roadmap",False
TXN002988,Customer_0191,checking,Southeast,dining,Panera Bread,-92.42,USD,2023-12-23T21:18:00,Morning coffee and pastry at Panera Bread,False
TXN002989,Customer_0042,checking,Southeast,travel,Marriott Hotels,3073.64,USD,2024-04-26T11:57:00,Car rental from Marriott Hotels for client site visit,False
TXN002990,Customer_0335,credit,Midwest,rent,Sunset Apartments,2919.66,USD,2023-08-24T19:27:00,Security deposit — Sunset Apartments,False
TXN002991,Customer_0078,savings,Southwest,education,MIT OpenCourseWare,3742.22,USD,2023-09-22T21:41:00,Textbook purchase at MIT OpenCourseWare for continuing ed,False
TXN002992,Customer_0369,checking,West,entertainment,Netflix,1282.54,USD,2023-10-26T01:50:00,In-app purchase on Netflix platform,False
TXN002993,Customer_0314,checking,West,healthcare,CVS Pharmacy,1076.41,USD,2024-03-09T12:47:00,Prescription refill at CVS Pharmacy,False
TXN002994,Customer_0462,savings,Northeast,rent,Sunset Apartments,2403.41,USD,2024-06-26T10:21:00,Security deposit — Sunset Apartments,False
TXN002995,Customer_0153,credit,West,dining,Panera Bread,-184.77,USD,2024-06-12T16:05:00,"Client dinner at Panera Bread, discussed Q4 roadmap",False
TXN002996,Customer_0420,savings,Southwest,rent,First Place Rentals,2322.21,USD,2024-02-15T05:18:00,Monthly rent payment to First Place Rentals,False
TXN002997,Customer_0286,savings,Southeast,healthcare,Blue Cross Premium,-310.52,USD,2023-07-07T08:23:00,Annual physical copay at Blue Cross Premium,False
TXN002998,Customer_0462,checking,Northeast,healthcare,Walgreens,3316.19,USD,2023-02-28T22:33:00,Annual physical copay at Walgreens,False
TXN002999,Customer_0262,credit,Southwest,dining,Olive Garden,1849.56,USD,2023-11-26T19:14:00,"Client dinner at Olive Garden, discussed Q4 roadmap",False
TXN003000,Customer_0257,credit,Southeast,dining,Starbucks,3721.25,USD,2023-02-23T21:29:00,"Client dinner at Starbucks, discussed Q4 roadmap",False
TXN003001,Customer_0450,checking,Southeast,utilities,ConEdison,4216.79,USD,2023-06-01T21:54:00,ConEdison wireless plan — family plan renewal,False
TXN003002,Customer_0478,checking,Northeast,travel,Uber,4355.29,USD,2023-12-09T10:18:00,Car rental from Uber for client site visit,False
TXN003003,Customer_0472,credit,Northeast,travel,Hertz,3914.48,USD,2023-05-25T02:54:00,Car rental from Hertz for client site visit,False
TXN003004,Customer_0144,savings,Midwest,entertainment,Steam,1152.95,USD,2024-01-31T00:18:00,Movie tickets at Steam — family outing,False
TXN003005,Customer_0130,credit,West,utilities,National Grid,2170.6,USD,2023-07-04T02:16:00,Monthly National Grid internet and cable bill,False
TXN003006,Customer_0410,checking,Southwest,education,Udemy,-139.35,USD,2023-07-05T13:28:00,Textbook purchase at Udemy for continuing ed,False
TXN003007,Customer_0302,credit,Southwest,shopping,Zara,2335.52,USD,2024-04-17T15:21:00,Flash sale purchase at Zara,False
TXN003008,Customer_0495,checking,Southeast,healthcare,Urgent Care Now,3976.23,USD,2023-10-12T00:07:00,Annual physical copay at Urgent Care Now,False
TXN003009,Customer_0456,checking,Midwest,travel,Hertz,4426.83,USD,2024-03-21T05:44:00,Car rental from Hertz for client site visit,False
TXN003010,Customer_0265,credit,Northeast,dining,Olive Garden,1134.0,USD,2023-04-24T04:53:00,"Lunch with the team at Olive Garden, celebrated Q3 results",False
TXN003011,Customer_0369,credit,Midwest,insurance,Progressive,2155.93,USD,2024-02-21T03:58:00,Progressive renters insurance quarterly payment,False
TXN003012,Customer_0068,credit,Southeast,healthcare,Blue Cross Premium,3615.91,USD,2023-03-05T14:01:00,Lab work order from Blue Cross Premium,False
TXN003013,Customer_0496,checking,Northeast,healthcare,Urgent Care Now,2335.48,USD,2024-01-23T01:08:00,Annual physical copay at Urgent Care Now,False
TXN003014,Customer_0226,credit,Southeast,education,MIT OpenCourseWare,1120.1,USD,2024-05-18T02:34:00,MIT OpenCourseWare course enrollment — data engineering,False
TXN003015,Customer_0215,checking,Northeast,travel,Uber,2057.27,USD,2023-04-18T04:40:00,Hotel stay at Uber during product summit,False
TXN003016,Customer_0463,savings,Southwest,insurance,Geico,2452.67,USD,2023-02-18T12:26:00,Geico renters insurance quarterly payment,False
TXN003017,Customer_0206,savings,Southeast,entertainment,AMC Theaters,3878.64,USD,2023-12-29T13:20:00,Movie tickets at AMC Theaters — family outing,False
TXN003018,Customer_0438,credit,Southwest,entertainment,Netflix,4185.76,USD,2023-06-30T10:08:00,Movie tickets at Netflix — family outing,False
TXN003019,Customer_0022,savings,Southwest,travel,Hertz,2433.62,USD,2023-10-07T12:37:00,Car rental from Hertz for client site visit,False
TXN003020,Customer_0081,credit,Southwest,rent,First Place Rentals,794.34,USD,2023-10-21T14:56:00,Security deposit — First Place Rentals,False
TXN003021,Customer_0346,checking,Southwest,travel,Delta Airlines,361.19,USD,2024-04-16T02:50:00,Flight to Chicago via Delta Airlines for annual conference,False
TXN003022,Customer_0484,savings,Southwest,travel,Marriott Hotels,-434.39,USD,2024-03-22T09:08:00,Car rental from Marriott Hotels for client site visit,False
TXN003023,Customer_0360,credit,Midwest,education,Barnes & Noble,617.15,USD,2023-07-10T15:09:00,Textbook purchase at Barnes & Noble for continuing ed,False
TXN003024,Customer_0248,savings,Southwest,shopping,Amazon,-497.0,USD,2023-08-20T08:28:00,Flash sale purchase at Amazon,False
TXN003025,Customer_0114,savings,Midwest,groceries,Kroger,2997.94,USD,2024-01-13T15:15:00,"Weekly grocery run at Kroger, stocked up on essentials",False
TXN003026,Customer_0412,savings,West,shopping,Target,4293.41,USD,2023-02-07T01:16:00,Online order from Target — home office equipment,False
TXN003027,Customer_0032,checking,West,healthcare,Urgent Care Now,3177.21,USD,2023-08-14T23:40:00,Annual physical copay at Urgent Care Now,False
TXN003028,Customer_0230,checking,Midwest,travel,Marriott Hotels,1553.04,USD,2023-06-17T08:02:00,Car rental from Marriott Hotels for client site visit,False
TXN003029,Customer_0267,credit,Southeast,travel,Uber,1523.19,USD,2024-04-05T14:41:00,Hotel stay at Uber during product summit,False
TXN003030,Customer_0438,checking,Midwest,dining,Chipotle,2147.66,USD,2024-03-07T20:50:00,"Client dinner at Chipotle, discussed Q4 roadmap",False
TXN003031,Customer_0448,savings,West,shopping,IKEA,2376.76,USD,2023-01-11T09:17:00,Online order from IKEA — home office equipment,False
TXN003032,Customer_0365,checking,Southwest,entertainment,Steam,3358.77,USD,2023-03-14T22:10:00,In-app purchase on Steam platform,False
TXN003033,Customer_0225,checking,Northeast,rent,Metro Realty,2408.29,USD,2024-03-09T05:15:00,Security deposit — Metro Realty,False
TXN003034,Customer_0143,checking,West,entertainment,AMC Theaters,3782.17,USD,2023-10-09T01:31:00,Movie tickets at AMC Theaters — family outing,False
TXN003035,Customer_0484,credit,Northeast,insurance,USAA,932.45,USD,2023-08-19T07:36:00,USAA renters insurance quarterly payment,False
TXN003036,Customer_0444,savings,Southeast,dining,Starbucks,4254.22,USD,2023-08-18T07:22:00,Morning coffee and pastry at Starbucks,False
TXN003037,Customer_0039,checking,Southwest,rent,Apartment LLC,4010.46,USD,2023-01-18T03:23:00,Security deposit — Apartment LLC,False
TXN003038,Customer_0207,savings,Northeast,utilities,National Grid,3770.48,USD,2023-05-13T20:41:00,National Grid electricity bill for the apartment,False
TXN003039,Customer_0196,savings,Southwest,travel,Hertz,323.6,USD,2024-03-17T21:39:00,Hotel stay at Hertz during product summit,False
TXN003040,Customer_0176,credit,Southwest,rent,Metro Realty,4323.41,USD,2024-01-15T11:01:00,Security deposit — Metro Realty,False
TXN003041,Customer_0364,credit,Northeast,healthcare,Walgreens,2833.23,USD,2024-03-29T03:19:00,Lab work order from Walgreens,False
TXN003042,Customer_0083,credit,Midwest,entertainment,Netflix,1013.03,USD,2023-05-15T23:54:00,Movie tickets at Netflix — family outing,False
TXN003043,Customer_0397,credit,Southwest,healthcare,Walgreens,4241.11,USD,2023-06-17T02:25:00,Prescription refill at Walgreens,False
TXN003044,Customer_0154,savings,West,dining,Chipotle,2833.04,USD,2023-10-30T22:18:00,Morning coffee and pastry at Chipotle,False
TXN003045,Customer_0243,credit,West,groceries,Trader Joe's,3553.77,USD,2023-09-26T14:12:00,"Weekly grocery run at Trader Joe's, stocked up on essentials",True
TXN003046,Customer_0374,savings,Southeast,insurance,State Farm,4280.07,USD,2023-06-26T23:59:00,State Farm renters insurance quarterly payment,False
TXN003047,Customer_0299,checking,West,travel,Uber,48.18,USD,2023-08-28T09:41:00,Hotel stay at Uber during product summit,False
TXN003048,Customer_0046,credit,Northeast,groceries,Aldi,410.69,USD,2024-01-06T22:53:00,Quick stop at Aldi for produce and dairy,False
TXN003049,Customer_0363,checking,Midwest,healthcare,Blue Cross Premium,1429.85,USD,2024-05-04T19:58:00,Lab work order from Blue Cross Premium,False
TXN003050,Customer_0045,credit,Southwest,travel,Marriott Hotels,1465.5,USD,2023-03-31T03:13:00,Flight to Chicago via Marriott Hotels for annual conference,False
TXN003051,Customer_0104,checking,Southwest,utilities,ConEdison,3196.69,USD,2024-03-18T22:11:00,ConEdison wireless plan — family plan renewal,False
TXN003052,Customer_0149,checking,Northeast,shopping,Zara,396.89,USD,2023-04-30T04:01:00,In-store purchase at Zara — seasonal wardrobe,False
TXN003053,Customer_0115,checking,Northeast,rent,Apartment LLC,3186.33,USD,2023-10-24T18:54:00,Lease renewal fee at Apartment LLC,False
TXN003054,Customer_0285,credit,Southwest,groceries,Trader Joe's,2367.76,USD,2023-03-13T18:24:00,"Monthly bulk purchase at Trader Joe's, household supplies",False
TXN003055,Customer_0056,credit,Southwest,entertainment,AMC Theaters,851.21,USD,2023-02-06T16:09:00,AMC Theaters monthly subscription auto-renewal,False
TXN003056,Customer_0419,credit,Southeast,utilities,Comcast Xfinity,1769.54,USD,2023-04-07T14:09:00,Comcast Xfinity electricity bill for the apartment,False
TXN003057,Customer_0474,credit,Northeast,shopping,IKEA,246.99,USD,2024-05-10T02:00:00,In-store purchase at IKEA — seasonal wardrobe,False
TXN003058,Customer_0260,savings,Midwest,utilities,Verizon,419.63,USD,2023-02-06T10:52:00,Verizon wireless plan — family plan renewal,False
TXN003059,Customer_0391,checking,Midwest,dining,Starbucks,930.72,USD,2023-09-27T18:23:00,Morning coffee and pastry at Starbucks,False
TXN003060,Customer_0201,savings,Northeast,education,Coursera,4025.17,USD,2024-05-22T14:22:00,Textbook purchase at Coursera for continuing ed,False
TXN003061,Customer_0116,checking,West,travel,Uber,3869.19,USD,2023-08-02T03:25:00,Car rental from Uber for client site visit,True
TXN003062,Customer_0334,credit,Northeast,utilities,National Grid,2269.71,USD,2023-11-20T22:48:00,National Grid wireless plan — family plan renewal,False
TXN003063,Customer_0106,checking,West,groceries,Trader Joe's,2756.17,USD,2024-02-13T14:01:00,"Monthly bulk purchase at Trader Joe's, household supplies",True
TXN003064,Customer_0429,savings,West,rent,First Place Rentals,1814.66,USD,2023-09-09T22:08:00,Security deposit — First Place Rentals,False
TXN003065,Customer_0349,savings,Southwest,utilities,Comcast Xfinity,-58.51,USD,2023-01-10T00:37:00,Comcast Xfinity wireless plan — family plan renewal,False
TXN003066,Customer_0128,checking,Southeast,dining,The Cheesecake Factory,223.26,USD,2023-11-02T06:54:00,Morning coffee and pastry at The Cheesecake Factory,False
TXN003067,Customer_0452,credit,Southwest,shopping,Best Buy,3503.53,USD,2024-06-22T17:12:00,Flash sale purchase at Best Buy,False
TXN003068,Customer_0431,credit,West,travel,Marriott Hotels,1511.07,USD,2023-07-10T04:33:00,Hotel stay at Marriott Hotels during product summit,False
TXN003069,Customer_0485,savings,Midwest,healthcare,Urgent Care Now,640.47,USD,2023-12-31T10:55:00,Lab work order from Urgent Care Now,False
TXN003070,Customer_0494,checking,Midwest,rent,Apartment LLC,4296.9,USD,2024-06-15T05:49:00,Lease renewal fee at Apartment LLC,False
TXN003071,Customer_0364,savings,Southeast,shopping,IKEA,2525.77,USD,2024-02-10T18:53:00,Flash sale purchase at IKEA,False
TXN003072,Customer_0121,savings,Midwest,travel,Marriott Hotels,81.39,USD,2024-03-25T11:33:00,Car rental from Marriott Hotels for client site visit,False
TXN003073,Customer_0365,savings,Northeast,shopping,Best Buy,1941.12,USD,2024-02-07T07:31:00,Flash sale purchase at Best Buy,False
TXN003074,Customer_0177,checking,Southwest,travel,Delta Airlines,1029.79,USD,2024-03-28T15:25:00,Hotel stay at Delta Airlines during product summit,False
TXN003075,Customer_0057,credit,Midwest,entertainment,AMC Theaters,1362.08,USD,2023-09-17T02:23:00,Movie tickets at AMC Theaters — family outing,False
TXN003076,Customer_0195,checking,Northeast,insurance,Geico,1405.67,USD,2024-02-29T17:24:00,Life insurance premium payment to Geico,False
TXN003077,Customer_0039,checking,Southwest,entertainment,Steam,3869.57,USD,2023-06-20T12:47:00,Steam monthly subscription auto-renewal,False
TXN003078,Customer_0498,savings,Midwest,healthcare,LabCorp,3193.2,USD,2023-06-29T23:25:00,Annual physical copay at LabCorp,False
TXN003079,Customer_0483,checking,West,utilities,National Grid,3390.0,USD,2024-04-07T02:17:00,National Grid wireless plan — family plan renewal,False
TXN003080,Customer_0144,savings,Southwest,utilities,ConEdison,1230.75,USD,2023-12-29T21:26:00,ConEdison wireless plan — family plan renewal,False
TXN003081,Customer_0048,credit,West,groceries,Whole Foods,4466.18,USD,2023-05-21T04:31:00,"Weekly grocery run at Whole Foods, stocked up on essentials",False
TXN003082,Customer_0137,credit,Southeast,utilities,Verizon,3600.38,USD,2023-04-12T20:54:00,Verizon electricity bill for the apartment,False
TXN003083,Customer_0189,credit,Northeast,education,Udemy,3591.3,USD,2023-11-29T21:40:00,Textbook purchase at Udemy for continuing ed,False
TXN003084,Customer_0294,checking,West,rent,Urban Living Co,137.05,USD,2024-01-05T01:34:00,Security deposit — Urban Living Co,False
TXN003085,Customer_0386,checking,Southeast,utilities,National Grid,3559.29,USD,2023-10-09T16:40:00,National Grid wireless plan — family plan renewal,False
TXN003086,Customer_0018,checking,West,entertainment,Spotify,4325.63,USD,2023-06-26T15:59:00,Movie tickets at Spotify — family outing,False
TXN003087,Customer_0305,savings,Midwest,rent,Metro Realty,562.89,USD,2023-10-19T19:47:00,Lease renewal fee at Metro Realty,False
TXN003088,Customer_0380,credit,West,rent,Metro Realty,626.16,USD,2023-12-29T13:08:00,Security deposit — Metro Realty,False
TXN003089,Customer_0496,credit,Northeast,travel,Hertz,4352.69,USD,2024-04-02T06:17:00,Flight to Chicago via Hertz for annual conference,False
TXN003090,Customer_0120,savings,Northeast,rent,Metro Realty,3381.92,USD,2024-02-24T22:13:00,Lease renewal fee at Metro Realty,False
TXN003091,Customer_0250,credit,Northeast,travel,Airbnb,4092.96,USD,2023-02-17T01:05:00,Hotel stay at Airbnb during product summit,False
TXN003092,Customer_0146,credit,Midwest,education,Barnes & Noble,568.9,USD,2024-04-04T12:04:00,Barnes & Noble course enrollment — data engineering,False
TXN003093,Customer_0482,credit,Midwest,utilities,AT&T,3933.44,USD,2023-10-16T02:44:00,AT&T electricity bill for the apartment,False
TXN003094,Customer_0456,checking,Midwest,entertainment,Spotify,3176.73,USD,2023-12-26T04:50:00,Movie tickets at Spotify — family outing,False
TXN003095,Customer_0274,savings,Midwest,insurance,State Farm,963.64,USD,2024-02-20T21:31:00,Life insurance premium payment to State Farm,False
TXN003096,Customer_0213,savings,West,insurance,Geico,940.49,USD,2023-10-08T20:29:00,Life insurance premium payment to Geico,False
TXN003097,Customer_0453,credit,Northeast,education,Coursera,1540.72,USD,2024-06-21T14:02:00,Coursera course enrollment — data engineering,False
TXN003098,Customer_0002,savings,Southwest,insurance,USAA,333.06,USD,2023-05-04T03:26:00,USAA renters insurance quarterly payment,False
TXN003099,Customer_0042,checking,Southwest,entertainment,Steam,1149.33,USD,2024-05-31T07:03:00,In-app purchase on Steam platform,False
TXN003100,Customer_0448,savings,Southeast,education,MIT OpenCourseWare,780.22,USD,2024-06-12T17:54:00,Textbook purchase at MIT OpenCourseWare for continuing ed,False
TXN003101,Customer_0248,savings,Southwest,healthcare,Walgreens,2239.2,USD,2024-05-22T14:00:00,Prescription refill at Walgreens,False
TXN003102,Customer_0089,savings,Northeast,insurance,USAA,2848.19,USD,2023-06-10T02:48:00,Monthly USAA auto insurance premium,False
TXN003103,Customer_0208,savings,Southwest,insurance,Geico,4360.26,USD,2023-03-03T19:26:00,Life insurance premium payment to Geico,False
TXN003104,Customer_0369,checking,Southwest,shopping,Amazon,2437.44,USD,2023-08-09T18:41:00,Online order from Amazon — home office equipment,False
TXN003105,Customer_0343,credit,Southeast,education,Coursera,1386.94,USD,2023-04-22T22:00:00,Textbook purchase at Coursera for continuing ed,False
TXN003106,Customer_0432,checking,West,utilities,National Grid,3744.69,USD,2023-02-17T07:31:00,Monthly National Grid internet and cable bill,False
TXN003107,Customer_0471,credit,West,groceries,Aldi,2306.96,USD,2023-08-19T05:02:00,"Monthly bulk purchase at Aldi, household supplies",False
TXN003108,Customer_0305,checking,West,groceries,Aldi,1059.43,USD,2024-05-18T23:19:00,"Monthly bulk purchase at Aldi, household supplies",False
TXN003109,Customer_0147,credit,Midwest,shopping,Target,-240.01,USD,2023-12-15T12:20:00,Flash sale purchase at Target,False
TXN003110,Customer_0396,credit,Southwest,shopping,IKEA,1625.23,USD,2023-06-14T16:06:00,In-store purchase at IKEA — seasonal wardrobe,False
TXN003111,Customer_0440,checking,Southeast,rent,Metro Realty,2147.45,USD,2023-11-11T10:48:00,Security deposit — Metro Realty,False
TXN003112,Customer_0314,checking,Northeast,travel,Delta Airlines,1971.4,USD,2023-08-10T04:54:00,Flight to Chicago via Delta Airlines for annual conference,False
TXN003113,Customer_0227,checking,Southeast,entertainment,AMC Theaters,4288.87,USD,2023-01-11T19:58:00,AMC Theaters monthly subscription auto-renewal,False
TXN003114,Customer_0172,checking,West,groceries,Kroger,-193.64,USD,2024-06-11T10:09:00,Quick stop at Kroger for produce and dairy,False
TXN003115,Customer_0065,savings,Southwest,entertainment,Steam,3352.12,USD,2023-07-24T15:48:00,In-app purchase on Steam platform,False
TXN003116,Customer_0430,checking,West,rent,Apartment LLC,3241.95,USD,2024-02-22T19:59:00,Monthly rent payment to Apartment LLC,False
TXN003117,Customer_0067,checking,Southwest,travel,Airbnb,1041.31,USD,2023-12-30T22:25:00,Hotel stay at Airbnb during product summit,False
TXN003118,Customer_0438,checking,West,insurance,State Farm,633.46,USD,2023-06-30T05:21:00,State Farm renters insurance quarterly payment,False
TXN003119,Customer_0242,credit,Northeast,utilities,AT&T,1052.68,USD,2023-01-08T17:44:00,Monthly AT&T internet and cable bill,False
TXN003120,Customer_0006,savings,Southeast,travel,Marriott Hotels,-372.82,USD,2023-07-15T07:56:00,Hotel stay at Marriott Hotels during product summit,False
TXN003121,Customer_0205,credit,Northeast,dining,Olive Garden,951.39,USD,2023-05-11T11:41:00,Morning coffee and pastry at Olive Garden,False
TXN003122,Customer_0304,credit,Midwest,insurance,Geico,2094.01,USD,2023-04-27T15:26:00,Geico renters insurance quarterly payment,False
TXN003123,Customer_0198,savings,Midwest,shopping,Zara,4021.94,USD,2024-01-01T09:19:00,Online order from Zara — home office equipment,False
TXN003124,Customer_0406,checking,West,travel,Delta Airlines,2205.16,USD,2023-06-11T13:18:00,Hotel stay at Delta Airlines during product summit,False
TXN003125,Customer_0497,credit,West,utilities,Comcast Xfinity,3708.47,USD,2024-06-18T16:23:00,Comcast Xfinity wireless plan — family plan renewal,False
TXN003126,Customer_0412,credit,Northeast,entertainment,Spotify,4464.24,USD,2023-08-15T19:29:00,Movie tickets at Spotify — family outing,False
TXN003127,Customer_0347,checking,Northeast,rent,Sunset Apartments,3026.23,USD,2024-01-17T00:15:00,Lease renewal fee at Sunset Apartments,False
TXN003128,Customer_0216,savings,Midwest,rent,First Place Rentals,3410.24,USD,2023-03-24T21:43:00,Security deposit — First Place Rentals,False
TXN003129,Customer_0467,credit,Southwest,travel,Uber,1785.57,USD,2024-02-19T20:42:00,Flight to Chicago via Uber for annual conference,False
TXN003130,Customer_0242,checking,Midwest,shopping,IKEA,4457.15,USD,2024-06-28T13:15:00,Online order from IKEA — home office equipment,False
TXN003131,Customer_0001,checking,Southwest,rent,Metro Realty,2772.29,USD,2023-12-09T05:19:00,Lease renewal fee at Metro Realty,False
TXN003132,Customer_0290,savings,Southeast,education,Chegg,691.4,USD,2024-03-28T09:13:00,Chegg course enrollment — data engineering,False
TXN003133,Customer_0470,credit,Midwest,shopping,Target,2718.71,USD,2023-01-08T06:35:00,Flash sale purchase at Target,False
TXN003134,Customer_0335,savings,Southeast,healthcare,LabCorp,1633.51,USD,2023-03-18T15:03:00,Annual physical copay at LabCorp,False
TXN003135,Customer_0009,credit,Southeast,utilities,AT&T,677.53,USD,2024-04-23T06:24:00,Monthly AT&T internet and cable bill,False
TXN003136,Customer_0237,checking,Southeast,utilities,Comcast Xfinity,3312.56,USD,2023-06-24T23:13:00,Comcast Xfinity electricity bill for the apartment,False
TXN003137,Customer_0034,savings,West,insurance,Allstate,2541.44,USD,2023-01-06T03:37:00,Allstate renters insurance quarterly payment,False
TXN003138,Customer_0369,credit,Northeast,rent,Apartment LLC,2471.48,USD,2024-03-28T06:54:00,Security deposit — Apartment LLC,False
TXN003139,Customer_0394,credit,Southwest,shopping,Best Buy,4158.27,USD,2023-07-22T21:30:00,In-store purchase at Best Buy — seasonal wardrobe,False
TXN003140,Customer_0221,checking,Southwest,rent,Metro Realty,4227.81,USD,2023-01-24T19:12:00,Lease renewal fee at Metro Realty,False
TXN003141,Customer_0487,credit,Northeast,shopping,Best Buy,2957.91,USD,2023-01-15T09:22:00,Flash sale purchase at Best Buy,False
TXN003142,Customer_0154,savings,West,utilities,ConEdison,1961.8,USD,2023-08-07T22:14:00,ConEdison electricity bill for the apartment,False
TXN003143,Customer_0365,savings,Southeast,insurance,Geico,3470.61,USD,2024-05-28T18:01:00,Life insurance premium payment to Geico,False
TXN003144,Customer_0098,savings,Southwest,shopping,IKEA,4133.17,USD,2023-11-07T23:28:00,In-store purchase at IKEA — seasonal wardrobe,False
TXN003145,Customer_0141,checking,Midwest,rent,First Place Rentals,2263.54,USD,2023-12-30T01:38:00,Lease renewal fee at First Place Rentals,False
TXN003146,Customer_0166,checking,Southeast,insurance,Progressive,-83.08,USD,2023-09-03T01:32:00,Life insurance premium payment to Progressive,False
TXN003147,Customer_0328,checking,Midwest,rent,Sunset Apartments,1772.8,USD,2023-08-16T09:49:00,Security deposit — Sunset Apartments,False
TXN003148,Customer_0058,checking,Northeast,healthcare,LabCorp,1828.62,USD,2023-12-31T12:02:00,Lab work order from LabCorp,False
TXN003149,Customer_0108,savings,Midwest,insurance,Allstate,27.97,USD,2024-03-05T19:18:00,Monthly Allstate auto insurance premium,False
TXN003150,Customer_0207,savings,West,groceries,Walmart Grocery,3611.7,USD,2023-10-10T14:27:00,"Monthly bulk purchase at Walmart Grocery, household supplies",False
TXN003151,Customer_0042,checking,Southeast,rent,Apartment LLC,3338.84,USD,2023-04-29T10:02:00,Lease renewal fee at Apartment LLC,False
TXN003152,Customer_0180,credit,West,utilities,Verizon,1825.75,USD,2024-05-29T22:59:00,Verizon wireless plan — family plan renewal,False
TXN003153,Customer_0161,credit,Southwest,rent,Apartment LLC,3546.29,USD,2023-08-15T06:13:00,Monthly rent payment to Apartment LLC,False
TXN003154,Customer_0052,checking,Southwest,insurance,Allstate,3219.48,USD,2023-11-18T10:47:00,Life insurance premium payment to Allstate,True
TXN003155,Customer_0099,credit,Northeast,groceries,Trader Joe's,1527.62,USD,2023-04-19T00:04:00,"Monthly bulk purchase at Trader Joe's, household supplies",False
TXN003156,Customer_0467,savings,Southwest,entertainment,AMC Theaters,430.57,USD,2023-02-26T12:47:00,In-app purchase on AMC Theaters platform,False
TXN003157,Customer_0060,checking,West,dining,Olive Garden,2736.1,USD,2024-01-18T01:56:00,"Client dinner at Olive Garden, discussed Q4 roadmap",False
TXN003158,Customer_0304,checking,Southwest,dining,Olive Garden,3024.93,USD,2024-02-26T17:28:00,"Lunch with the team at Olive Garden, celebrated Q3 results",False
TXN003159,Customer_0329,savings,Southwest,shopping,IKEA,2176.21,USD,2023-06-01T19:54:00,Online order from IKEA — home office equipment,False
TXN003160,Customer_0188,checking,West,travel,Hertz,4294.22,USD,2023-04-14T19:27:00,Car rental from Hertz for client site visit,False
TXN003161,Customer_0100,savings,Southwest,rent,Urban Living Co,3658.45,USD,2023-12-28T05:08:00,Monthly rent payment to Urban Living Co,False
TXN003162,Customer_0110,savings,Northeast,entertainment,Netflix,239.47,USD,2024-04-27T15:23:00,Movie tickets at Netflix — family outing,False
TXN003163,Customer_0004,savings,West,healthcare,Blue Cross Premium,3224.98,USD,2023-04-19T02:44:00,Prescription refill at Blue Cross Premium,False
TXN003164,Customer_0031,savings,Southwest,travel,Airbnb,-118.63,USD,2024-01-15T02:27:00,Car rental from Airbnb for client site visit,False
TXN003165,Customer_0426,credit,Northeast,dining,Starbucks,534.87,USD,2023-03-25T03:42:00,"Lunch with the team at Starbucks, celebrated Q3 results",False
TXN003166,Customer_0094,savings,Midwest,utilities,Verizon,4168.11,USD,2024-06-04T15:37:00,Verizon wireless plan — family plan renewal,False
TXN003167,Customer_0405,savings,Midwest,travel,Delta Airlines,3547.2,USD,2024-03-16T17:42:00,Hotel stay at Delta Airlines during product summit,False
TXN003168,Customer_0325,checking,Southwest,rent,Apartment LLC,3967.22,USD,2024-02-19T17:03:00,Monthly rent payment to Apartment LLC,False
TXN003169,Customer_0387,checking,Southeast,healthcare,CVS Pharmacy,738.93,USD,2024-03-08T00:33:00,Annual physical copay at CVS Pharmacy,False
TXN003170,Customer_0130,savings,West,entertainment,Netflix,4005.36,USD,2023-02-13T17:44:00,Movie tickets at Netflix — family outing,False
TXN003171,Customer_0283,checking,Midwest,rent,Sunset Apartments,1158.66,USD,2024-03-11T18:20:00,Monthly rent payment to Sunset Apartments,False
TXN003172,Customer_0436,credit,Midwest,rent,Metro Realty,-341.65,USD,2024-05-28T01:26:00,Monthly rent payment to Metro Realty,False
TXN003173,Customer_0113,credit,Southwest,education,MIT OpenCourseWare,1795.69,USD,2023-12-23T18:41:00,Textbook purchase at MIT OpenCourseWare for continuing ed,False
TXN003174,Customer_0074,credit,Southwest,entertainment,Spotify,4422.7,USD,2023-01-17T09:39:00,Movie tickets at Spotify — family outing,False
TXN003175,Customer_0390,credit,Southwest,education,Chegg,1426.3,USD,2023-10-22T14:25:00,Chegg course enrollment — data engineering,False
TXN003176,Customer_0050,savings,Midwest,rent,Apartment LLC,3629.87,USD,2024-05-22T04:33:00,Lease renewal fee at Apartment LLC,False
TXN003177,Customer_0193,credit,Midwest,shopping,Amazon,4451.58,USD,2023-01-15T04:50:00,In-store purchase at Amazon — seasonal wardrobe,False
TXN003178,Customer_0044,checking,West,shopping,Target,3630.84,USD,2024-02-01T04:49:00,Flash sale purchase at Target,False
TXN003179,Customer_0268,checking,Midwest,shopping,IKEA,3457.13,USD,2024-02-14T17:38:00,Online order from IKEA — home office equipment,False
TXN003180,Customer_0194,checking,West,shopping,IKEA,211.65,USD,2024-05-17T21:18:00,Flash sale purchase at IKEA,False
TXN003181,Customer_0368,checking,Midwest,dining,The Cheesecake Factory,4283.55,USD,2023-06-01T08:11:00,"Client dinner at The Cheesecake Factory, discussed Q4 roadmap",False
TXN003182,Customer_0018,checking,Southwest,healthcare,Walgreens,3725.98,USD,2023-11-25T23:53:00,Annual physical copay at Walgreens,False
TXN003183,Customer_0093,checking,Midwest,rent,Metro Realty,1760.2,USD,2023-02-27T10:49:00,Lease renewal fee at Metro Realty,False
TXN003184,Customer_0369,checking,Southwest,healthcare,Walgreens,900.49,USD,2023-10-06T11:58:00,Annual physical copay at Walgreens,False
TXN003185,Customer_0125,checking,Southeast,healthcare,Urgent Care Now,1038.56,USD,2023-05-07T00:38:00,Lab work order from Urgent Care Now,False
TXN003186,Customer_0116,credit,Northeast,travel,Hertz,4124.3,USD,2023-10-11T22:41:00,Hotel stay at Hertz during product summit,False
TXN003187,Customer_0114,savings,Southeast,entertainment,Netflix,4168.44,USD,2024-04-21T15:37:00,Movie tickets at Netflix — family outing,False
TXN003188,Customer_0059,savings,Southwest,travel,Uber,3404.68,USD,2023-05-31T07:05:00,Flight to Chicago via Uber for annual conference,False
TXN003189,Customer_0258,checking,Northeast,rent,First Place Rentals,4055.9,USD,2023-02-13T21:36:00,Lease renewal fee at First Place Rentals,False
TXN003190,Customer_0396,credit,West,entertainment,Spotify,1550.4,USD,2023-08-11T21:21:00,In-app purchase on Spotify platform,False
TXN003191,Customer_0444,checking,West,education,Chegg,3494.48,USD,2023-08-07T22:19:00,Textbook purchase at Chegg for continuing ed,False
TXN003192,Customer_0422,credit,Southeast,insurance,State Farm,3371.69,USD,2023-11-19T09:18:00,Monthly State Farm auto insurance premium,False
TXN003193,Customer_0239,credit,Southwest,travel,Uber,1474.58,USD,2023-07-11T17:01:00,Flight to Chicago via Uber for annual conference,False
TXN003194,Customer_0270,checking,Southwest,utilities,ConEdison,1648.03,USD,2024-04-28T05:00:00,ConEdison electricity bill for the apartment,False
TXN003195,Customer_0363,checking,Southwest,education,Chegg,1960.99,USD,2023-05-12T17:34:00,Textbook purchase at Chegg for continuing ed,False
TXN003196,Customer_0041,credit,Southeast,entertainment,AMC Theaters,3134.85,USD,2023-02-26T20:30:00,Movie tickets at AMC Theaters — family outing,False
TXN003197,Customer_0310,checking,Northeast,dining,Starbucks,4101.32,USD,2024-01-16T22:08:00,Morning coffee and pastry at Starbucks,False
TXN003198,Customer_0482,checking,Midwest,dining,Chipotle,3787.08,USD,2023-09-27T07:00:00,"Client dinner at Chipotle, discussed Q4 roadmap",False
TXN003199,Customer_0183,checking,Southwest,dining,Chipotle,371.88,USD,2024-01-27T09:22:00,"Client dinner at Chipotle, discussed Q4 roadmap",False
TXN003200,Customer_0314,savings,Northeast,entertainment,AMC Theaters,964.83,USD,2023-05-06T21:54:00,AMC Theaters monthly subscription auto-renewal,False
TXN003201,Customer_0085,credit,West,utilities,Comcast Xfinity,3535.78,USD,2024-04-23T00:05:00,Comcast Xfinity electricity bill for the apartment,True
TXN003202,Customer_0308,credit,West,groceries,Trader Joe's,1364.94,USD,2024-01-09T23:45:00,"Monthly bulk purchase at Trader Joe's, household supplies",False
TXN003203,Customer_0272,credit,Southwest,healthcare,Urgent Care Now,1863.03,USD,2023-04-05T15:32:00,Lab work order from Urgent Care Now,False
TXN003204,Customer_0311,savings,Southeast,travel,Delta Airlines,2579.23,USD,2024-04-12T13:58:00,Hotel stay at Delta Airlines during product summit,False
TXN003205,Customer_0110,checking,Southeast,travel,Airbnb,-460.31,USD,2023-06-21T05:14:00,Hotel stay at Airbnb during product summit,False
TXN003206,Customer_0008,savings,West,healthcare,LabCorp,189.1,USD,2023-07-31T21:07:00,Lab work order from LabCorp,False
TXN003207,Customer_0242,credit,West,insurance,State Farm,2502.31,USD,2023-09-19T00:29:00,State Farm renters insurance quarterly payment,True
TXN003208,Customer_0181,savings,Northeast,shopping,IKEA,3869.03,USD,2023-01-04T21:28:00,In-store purchase at IKEA — seasonal wardrobe,False
TXN003209,Customer_0496,checking,Southwest,travel,Marriott Hotels,3836.99,USD,2023-05-11T03:37:00,Car rental from Marriott Hotels for client site visit,False
TXN003210,Customer_0247,credit,Midwest,utilities,Verizon,3894.13,USD,2024-03-26T04:27:00,Verizon electricity bill for the apartment,False
TXN003211,Customer_0399,savings,Southwest,utilities,Verizon,-153.19,USD,2024-03-17T18:10:00,Monthly Verizon internet and cable bill,False
TXN003212,Customer_0455,savings,Southwest,groceries,Kroger,2972.3,USD,2023-12-27T07:06:00,Quick stop at Kroger for produce and dairy,False
TXN003213,Customer_0373,savings,Southwest,entertainment,AMC Theaters,4493.17,USD,2023-04-04T03:33:00,AMC Theaters monthly subscription auto-renewal,False
TXN003214,Customer_0061,checking,West,shopping,Best Buy,697.32,USD,2023-08-29T14:35:00,Online order from Best Buy — home office equipment,False
TXN003215,Customer_0116,savings,Midwest,education,Coursera,2518.2,USD,2024-06-25T03:05:00,Textbook purchase at Coursera for continuing ed,False
TXN003216,Customer_0420,credit,Midwest,healthcare,Urgent Care Now,4166.09,USD,2023-09-22T05:04:00,Annual physical copay at Urgent Care Now,False
TXN003217,Customer_0437,savings,Southeast,education,Barnes & Noble,4146.68,USD,2024-02-08T10:36:00,Barnes & Noble course enrollment — data engineering,False
TXN003218,Customer_0250,savings,Southwest,education,Chegg,1927.38,USD,2023-08-03T11:50:00,Textbook purchase at Chegg for continuing ed,False
TXN003219,Customer_0305,checking,Southwest,dining,Starbucks,406.4,USD,2023-12-21T07:49:00,"Client dinner at Starbucks, discussed Q4 roadmap",False
TXN003220,Customer_0092,savings,West,insurance,Geico,2937.35,USD,2023-05-14T06:12:00,Life insurance premium payment to Geico,False
TXN003221,Customer_0017,checking,Northeast,groceries,Kroger,521.84,USD,2023-03-25T07:39:00,Quick stop at Kroger for produce and dairy,False
TXN003222,Customer_0102,savings,Midwest,entertainment,Apple iTunes,1388.64,USD,2024-05-26T19:10:00,Apple iTunes monthly subscription auto-renewal,False
TXN003223,Customer_0487,savings,Northeast,entertainment,Apple iTunes,-364.43,USD,2024-01-29T08:52:00,Movie tickets at Apple iTunes — family outing,False
TXN003224,Customer_0338,credit,Southwest,rent,Apartment LLC,3777.41,USD,2023-04-02T10:57:00,Security deposit — Apartment LLC,False
TXN003225,Customer_0196,savings,Southeast,insurance,Geico,2046.58,USD,2024-02-01T14:11:00,Geico renters insurance quarterly payment,False
TXN003226,Customer_0100,savings,Southeast,rent,Sunset Apartments,207.52,USD,2024-03-18T09:14:00,Monthly rent payment to Sunset Apartments,False
TXN003227,Customer_0225,checking,Midwest,groceries,Walmart Grocery,3593.98,USD,2024-01-07T19:30:00,"Monthly bulk purchase at Walmart Grocery, household supplies",False
TXN003228,Customer_0394,savings,West,healthcare,LabCorp,2000.47,USD,2023-01-08T03:07:00,Lab work order from LabCorp,False
TXN003229,Customer_0256,checking,Southeast,entertainment,Apple iTunes,3751.75,USD,2024-02-28T00:52:00,Apple iTunes monthly subscription auto-renewal,False
TXN003230,Customer_0275,credit,Southwest,shopping,Zara,1831.32,USD,2024-03-06T02:02:00,In-store purchase at Zara — seasonal wardrobe,False
TXN003231,Customer_0178,credit,West,insurance,Progressive,2724.25,USD,2024-05-05T18:18:00,Life insurance premium payment to Progressive,False
TXN003232,Customer_0087,savings,Southeast,utilities,National Grid,1225.58,USD,2023-06-03T15:25:00,National Grid electricity bill for the apartment,False
TXN003233,Customer_0136,credit,Midwest,shopping,Best Buy,1774.72,USD,2024-06-14T14:41:00,Flash sale purchase at Best Buy,False
TXN003234,Customer_0498,savings,Northeast,shopping,Zara,3687.6,USD,2023-12-24T11:53:00,In-store purchase at Zara — seasonal wardrobe,False
TXN003235,Customer_0332,checking,Southeast,utilities,ConEdison,4082.52,USD,2023-09-17T00:49:00,ConEdison electricity bill for the apartment,False
TXN003236,Customer_0348,credit,Southwest,education,Chegg,-363.86,USD,2024-02-12T10:56:00,Chegg course enrollment — data engineering,False
TXN003237,Customer_0413,savings,Midwest,rent,Metro Realty,3949.49,USD,2023-02-03T15:33:00,Security deposit — Metro Realty,True
TXN003238,Customer_0474,savings,Southwest,utilities,Verizon,898.25,USD,2023-07-13T05:46:00,Monthly Verizon internet and cable bill,False
TXN003239,Customer_0269,checking,Midwest,utilities,National Grid,1712.09,USD,2023-01-30T15:14:00,National Grid wireless plan — family plan renewal,False
TXN003240,Customer_0198,checking,Southeast,groceries,Walmart Grocery,1586.11,USD,2023-09-21T00:20:00,"Weekly grocery run at Walmart Grocery, stocked up on essentials",False
TXN003241,Customer_0232,credit,Southwest,travel,Airbnb,2326.78,USD,2024-03-18T06:12:00,Hotel stay at Airbnb during product summit,False
TXN003242,Customer_0404,savings,West,shopping,IKEA,2916.5,USD,2023-02-08T07:13:00,In-store purchase at IKEA — seasonal wardrobe,False
TXN003243,Customer_0243,savings,Northeast,travel,Airbnb,3700.95,USD,2023-12-10T19:09:00,Flight to Chicago via Airbnb for annual conference,False
TXN003244,Customer_0092,credit,West,rent,Metro Realty,244.91,USD,2024-03-22T01:30:00,Monthly rent payment to Metro Realty,False
TXN003245,Customer_0266,savings,Southwest,dining,Olive Garden,521.86,USD,2024-04-17T15:36:00,"Client dinner at Olive Garden, discussed Q4 roadmap",False
TXN003246,Customer_0012,savings,Northeast,utilities,Verizon,4481.32,USD,2023-09-27T08:13:00,Monthly Verizon internet and cable bill,False
TXN003247,Customer_0303,checking,Midwest,education,MIT OpenCourseWare,3177.64,USD,2023-01-24T11:42:00,Textbook purchase at MIT OpenCourseWare for continuing ed,False
TXN003248,Customer_0372,savings,Southwest,travel,Airbnb,839.85,USD,2024-04-26T10:27:00,Flight to Chicago via Airbnb for annual conference,False
TXN003249,Customer_0278,credit,Northeast,groceries,Kroger,2866.11,USD,2023-06-13T19:11:00,"Weekly grocery run at Kroger, stocked up on essentials",False
TXN003250,Customer_0252,savings,Midwest,shopping,Amazon,2567.08,USD,2024-01-08T19:41:00,Online order from Amazon — home office equipment,False
TXN003251,Customer_0468,checking,West,entertainment,Netflix,3315.2,USD,2024-02-26T16:28:00,Movie tickets at Netflix — family outing,True
TXN003252,Customer_0322,savings,Midwest,insurance,Geico,2606.61,USD,2023-05-02T00:52:00,Geico renters insurance quarterly payment,False
TXN003253,Customer_0390,credit,Midwest,groceries,Kroger,4345.45,USD,2024-03-27T16:46:00,"Weekly grocery run at Kroger, stocked up on essentials",False
TXN003254,Customer_0180,savings,Southeast,utilities,AT&T,1148.1,USD,2024-03-19T10:42:00,Monthly AT&T internet and cable bill,False
TXN003255,Customer_0264,checking,Southwest,groceries,Walmart Grocery,2792.76,USD,2023-01-11T06:07:00,Quick stop at Walmart Grocery for produce and dairy,False
TXN003256,Customer_0412,savings,Southeast,insurance,USAA,3564.41,USD,2023-03-26T13:31:00,Monthly USAA auto insurance premium,False
TXN003257,Customer_0137,checking,Southwest,healthcare,Urgent Care Now,3729.69,USD,2023-11-20T23:37:00,Lab work order from Urgent Care Now,False
TXN003258,Customer_0191,savings,Northeast,utilities,Comcast Xfinity,156.37,USD,2023-12-17T04:27:00,Comcast Xfinity wireless plan — family plan renewal,False
TXN003259,Customer_0467,credit,Northeast,groceries,Whole Foods,1630.41,USD,2023-05-14T19:38:00,"Monthly bulk purchase at Whole Foods, household supplies",False
TXN003260,Customer_0422,checking,Southeast,shopping,IKEA,989.16,USD,2024-01-02T12:22:00,Online order from IKEA — home office equipment,False
TXN003261,Customer_0061,savings,Midwest,groceries,Trader Joe's,1983.55,USD,2023-03-03T05:43:00,"Weekly grocery run at Trader Joe's, stocked up on essentials",False
TXN003262,Customer_0312,savings,Southeast,travel,Delta Airlines,661.13,USD,2023-04-06T17:58:00,Flight to Chicago via Delta Airlines for annual conference,False
TXN003263,Customer_0273,checking,Northeast,groceries,Walmart Grocery,906.15,USD,2024-01-29T16:08:00,"Weekly grocery run at Walmart Grocery, stocked up on essentials",False
TXN003264,Customer_0017,credit,Southeast,groceries,Walmart Grocery,3935.82,USD,2023-02-27T11:19:00,"Monthly bulk purchase at Walmart Grocery, household supplies",False
TXN003265,Customer_0249,credit,West,education,Udemy,1618.33,USD,2023-07-29T18:51:00,Udemy annual learning subscription,False
TXN003266,Customer_0122,credit,Northeast,travel,Uber,1486.14,USD,2024-01-19T02:34:00,Car rental from Uber for client site visit,False
TXN003267,Customer_0141,checking,Southwest,travel,Marriott Hotels,3917.18,USD,2023-12-30T03:32:00,Car rental from Marriott Hotels for client site visit,False
TXN003268,Customer_0271,credit,Northeast,healthcare,LabCorp,2104.34,USD,2023-12-11T10:37:00,Lab work order from LabCorp,False
TXN003269,Customer_0437,credit,Midwest,groceries,Aldi,2590.47,USD,2023-11-07T08:47:00,"Weekly grocery run at Aldi, stocked up on essentials",False
TXN003270,Customer_0151,credit,Southwest,shopping,Amazon,-355.76,USD,2023-10-16T18:47:00,Flash sale purchase at Amazon,False
TXN003271,Customer_0148,savings,Midwest,healthcare,CVS Pharmacy,2576.63,USD,2023-02-12T07:58:00,Lab work order from CVS Pharmacy,False
TXN003272,Customer_0181,credit,Southeast,education,Chegg,4186.61,USD,2024-01-13T10:32:00,Chegg annual learning subscription,False
TXN003273,Customer_0225,savings,Midwest,groceries,Aldi,607.8,USD,2024-04-02T14:40:00,"Monthly bulk purchase at Aldi, household supplies",False
TXN003274,Customer_0146,credit,Northeast,education,MIT OpenCourseWare,2587.04,USD,2023-05-10T06:32:00,Textbook purchase at MIT OpenCourseWare for continuing ed,False
TXN003275,Customer_0020,checking,West,entertainment,Apple iTunes,2173.96,USD,2023-03-05T22:18:00,Apple iTunes monthly subscription auto-renewal,False
TXN003276,Customer_0353,credit,West,healthcare,Urgent Care Now,2465.65,USD,2024-04-17T08:59:00,Annual physical copay at Urgent Care Now,False
TXN003277,Customer_0175,savings,West,dining,Panera Bread,600.91,USD,2023-05-01T04:21:00,"Client dinner at Panera Bread, discussed Q4 roadmap",False
TXN003278,Customer_0221,savings,Midwest,utilities,ConEdison,4185.93,USD,2023-01-22T12:19:00,Monthly ConEdison internet and cable bill,False
TXN003279,Customer_0185,checking,Northeast,travel,Marriott Hotels,668.13,USD,2023-10-17T11:07:00,Hotel stay at Marriott Hotels during product summit,False
TXN003280,Customer_0420,checking,Northeast,utilities,ConEdison,2236.48,USD,2023-12-14T09:23:00,Monthly ConEdison internet and cable bill,False
TXN003281,Customer_0455,savings,West,utilities,ConEdison,1603.63,USD,2023-07-11T03:27:00,ConEdison electricity bill for the apartment,False
TXN003282,Customer_0248,credit,West,utilities,Comcast Xfinity,3575.52,USD,2024-02-29T16:03:00,Comcast Xfinity electricity bill for the apartment,False
TXN003283,Customer_0298,checking,Northeast,rent,Metro Realty,1360.34,USD,2024-05-29T13:48:00,Monthly rent payment to Metro Realty,False
TXN003284,Customer_0169,credit,West,entertainment,Spotify,2134.05,USD,2023-11-25T05:05:00,Spotify monthly subscription auto-renewal,False
TXN003285,Customer_0197,checking,Southwest,rent,Sunset Apartments,1045.65,USD,2023-09-06T02:42:00,Lease renewal fee at Sunset Apartments,False
TXN003286,Customer_0260,credit,Midwest,groceries,Aldi,4300.71,USD,2023-01-26T02:02:00,"Monthly bulk purchase at Aldi, household supplies",False
TXN003287,Customer_0431,checking,Southeast,insurance,State Farm,356.86,USD,2023-02-14T05:25:00,Life insurance premium payment to State Farm,False
TXN003288,Customer_0122,credit,Southeast,groceries,Aldi,858.42,USD,2024-03-19T07:31:00,"Monthly bulk purchase at Aldi, household supplies",False
TXN003289,Customer_0287,credit,West,travel,Delta Airlines,3012.65,USD,2024-06-15T05:41:00,Car rental from Delta Airlines for client site visit,False
TXN003290,Customer_0146,savings,Southwest,dining,Olive Garden,2769.15,USD,2023-04-12T13:49:00,Morning coffee and pastry at Olive Garden,False
TXN003291,Customer_0412,checking,Northeast,shopping,Target,3969.46,USD,2023-08-27T09:32:00,Flash sale purchase at Target,False
TXN003292,Customer_0150,savings,Midwest,travel,Uber,3344.15,USD,2023-06-02T23:52:00,Flight to Chicago via Uber for annual conference,False
TXN003293,Customer_0393,credit,Southeast,entertainment,Netflix,2086.63,USD,2024-05-21T19:52:00,In-app purchase on Netflix platform,False
TXN003294,Customer_0048,credit,Southwest,utilities,National Grid,3533.11,USD,2024-04-30T14:52:00,National Grid wireless plan — family plan renewal,False
TXN003295,Customer_0229,credit,Northeast,entertainment,Apple iTunes,763.6,USD,2023-11-10T08:24:00,Movie tickets at Apple iTunes — family outing,False
TXN003296,Customer_0415,savings,Midwest,utilities,Verizon,3165.61,USD,2024-03-23T12:19:00,Verizon wireless plan — family plan renewal,False
TXN003297,Customer_0194,credit,Northeast,utilities,Verizon,51.01,USD,2024-01-20T08:49:00,Verizon electricity bill for the apartment,False
TXN003298,Customer_0033,checking,Southwest,shopping,IKEA,3006.19,USD,2023-07-06T04:36:00,In-store purchase at IKEA — seasonal wardrobe,False
TXN003299,Customer_0452,credit,Southeast,travel,Marriott Hotels,3475.64,USD,2023-09-30T12:35:00,Car rental from Marriott Hotels for client site visit,False
TXN003300,Customer_0362,credit,Midwest,travel,Delta Airlines,2107.36,USD,2023-02-24T12:43:00,Flight to Chicago via Delta Airlines for annual conference,False
TXN003301,Customer_0453,credit,Midwest,utilities,Verizon,2216.27,USD,2024-05-22T16:15:00,Verizon electricity bill for the apartment,False
TXN003302,Customer_0468,savings,West,entertainment,AMC Theaters,2630.63,USD,2024-02-13T20:52:00,In-app purchase on AMC Theaters platform,False
TXN003303,Customer_0028,savings,Midwest,healthcare,Blue Cross Premium,1737.25,USD,2023-03-10T23:08:00,Lab work order from Blue Cross Premium,False
TXN003304,Customer_0136,checking,West,education,Chegg,2877.97,USD,2023-08-18T05:29:00,Textbook purchase at Chegg for continuing ed,False
TXN003305,Customer_0452,savings,Midwest,shopping,Amazon,4329.77,USD,2023-07-01T01:03:00,In-store purchase at Amazon — seasonal wardrobe,False
TXN003306,Customer_0052,savings,Southeast,dining,Olive Garden,1996.63,USD,2023-02-21T07:20:00,"Client dinner at Olive Garden, discussed Q4 roadmap",False
TXN003307,Customer_0484,credit,Northeast,rent,Apartment LLC,4369.7,USD,2023-12-15T13:23:00,Lease renewal fee at Apartment LLC,False
TXN003308,Customer_0026,credit,Northeast,utilities,Comcast Xfinity,3956.66,USD,2023-09-27T06:58:00,Comcast Xfinity electricity bill for the apartment,False
TXN003309,Customer_0217,savings,Southeast,travel,Hertz,3906.8,USD,2023-07-10T15:42:00,Car rental from Hertz for client site visit,False
TXN003310,Customer_0001,savings,Northeast,groceries,Walmart Grocery,936.4,USD,2024-06-01T19:04:00,"Weekly grocery run at Walmart Grocery, stocked up on essentials",False
TXN003311,Customer_0042,credit,Midwest,education,Coursera,1639.52,USD,2023-12-24T14:57:00,Coursera course enrollment — data engineering,False
TXN003312,Customer_0171,checking,West,entertainment,Apple iTunes,1631.51,USD,2023-01-20T22:11:00,In-app purchase on Apple iTunes platform,False
TXN003313,Customer_0111,savings,Southwest,rent,Sunset Apartments,4308.87,USD,2023-07-18T01:19:00,Monthly rent payment to Sunset Apartments,False
TXN003314,Customer_0188,checking,Southeast,groceries,Kroger,3293.42,USD,2023-02-11T13:04:00,Quick stop at Kroger for produce and dairy,True
TXN003315,Customer_0148,savings,Southeast,travel,Marriott Hotels,1809.53,USD,2024-04-15T03:18:00,Flight to Chicago via Marriott Hotels for annual conference,False
TXN003316,Customer_0065,savings,Midwest,utilities,Comcast Xfinity,1278.97,USD,2023-09-12T02:11:00,Monthly Comcast Xfinity internet and cable bill,False
TXN003317,Customer_0104,savings,Northeast,shopping,Best Buy,3852.24,USD,2024-02-28T11:21:00,In-store purchase at Best Buy — seasonal wardrobe,False
TXN003318,Customer_0077,savings,West,shopping,Target,2044.33,USD,2023-05-23T01:43:00,In-store purchase at Target — seasonal wardrobe,False
TXN003319,Customer_0004,checking,Midwest,education,Coursera,2048.85,USD,2024-03-23T17:31:00,Coursera course enrollment — data engineering,False
TXN003320,Customer_0037,checking,Northeast,rent,Apartment LLC,2083.31,USD,2024-06-19T02:54:00,Security deposit — Apartment LLC,False
TXN003321,Customer_0408,checking,Southwest,rent,Urban Living Co,4373.42,USD,2023-08-24T22:58:00,Monthly rent payment to Urban Living Co,False
TXN003322,Customer_0164,checking,West,healthcare,LabCorp,1272.03,USD,2023-12-05T15:52:00,Lab work order from LabCorp,False
TXN003323,Customer_0362,credit,Southeast,education,Barnes & Noble,851.61,USD,2023-02-02T04:17:00,Textbook purchase at Barnes & Noble for continuing ed,False
TXN003324,Customer_0476,credit,Midwest,entertainment,Steam,2379.8,USD,2023-04-24T18:01:00,Movie tickets at Steam — family outing,False
TXN003325,Customer_0034,savings,Midwest,groceries,Walmart Grocery,3853.59,USD,2024-05-31T01:49:00,"Weekly grocery run at Walmart Grocery, stocked up on essentials",False
TXN003326,Customer_0187,credit,Southeast,groceries,Aldi,860.67,USD,2023-08-18T13:12:00,"Weekly grocery run at Aldi, stocked up on essentials",False
TXN003327,Customer_0155,checking,West,groceries,Walmart Grocery,3190.46,USD,2023-02-24T00:36:00,Quick stop at Walmart Grocery for produce and dairy,False
TXN003328,Customer_0231,savings,Northeast,entertainment,Netflix,3470.95,USD,2023-05-31T03:50:00,In-app purchase on Netflix platform,False
TXN003329,Customer_0361,credit,Southwest,entertainment,Steam,505.38,USD,2023-06-23T17:57:00,Steam monthly subscription auto-renewal,False
TXN003330,Customer_0048,savings,Southwest,utilities,Comcast Xfinity,3689.81,USD,2024-01-19T12:33:00,Comcast Xfinity wireless plan — family plan renewal,False
TXN003331,Customer_0049,savings,Southeast,shopping,Zara,1690.52,USD,2023-09-02T00:48:00,In-store purchase at Zara — seasonal wardrobe,False
TXN003332,Customer_0043,savings,Southwest,groceries,Walmart Grocery,1637.06,USD,2023-07-13T07:45:00,"Monthly bulk purchase at Walmart Grocery, household supplies",False
TXN003333,Customer_0330,savings,Northeast,education,Barnes & Noble,4477.64,USD,2024-06-15T19:45:00,Barnes & Noble course enrollment — data engineering,False
TXN003334,Customer_0323,savings,Midwest,entertainment,Netflix,1579.98,USD,2023-06-02T23:21:00,In-app purchase on Netflix platform,False
TXN003335,Customer_0196,savings,Northeast,healthcare,Blue Cross Premium,2989.44,USD,2023-09-25T12:11:00,Prescription refill at Blue Cross Premium,False
TXN003336,Customer_0483,credit,Southeast,education,Barnes & Noble,1444.92,USD,2024-04-05T03:37:00,Barnes & Noble annual learning subscription,False
TXN003337,Customer_0426,credit,West,travel,Airbnb,3421.59,USD,2023-03-08T03:35:00,Flight to Chicago via Airbnb for annual conference,False
TXN003338,Customer_0404,checking,West,groceries,Whole Foods,4454.42,USD,2023-01-04T18:41:00,"Weekly grocery run at Whole Foods, stocked up on essentials",False
TXN003339,Customer_0240,checking,Northeast,entertainment,Apple iTunes,3666.54,USD,2023-07-21T04:31:00,Apple iTunes monthly subscription auto-renewal,False
TXN003340,Customer_0343,credit,Southwest,travel,Hertz,1554.54,USD,2024-04-17T14:52:00,Flight to Chicago via Hertz for annual conference,False
TXN003341,Customer_0069,credit,West,education,Coursera,1252.5,USD,2024-06-02T04:56:00,Coursera course enrollment — data engineering,False
TXN003342,Customer_0377,credit,West,dining,Olive Garden,1923.48,USD,2023-11-10T13:01:00,"Client dinner at Olive Garden, discussed Q4 roadmap",False
TXN003343,Customer_0200,credit,Southwest,education,Udemy,1434.12,USD,2023-04-25T18:52:00,Udemy annual learning subscription,False
TXN003344,Customer_0123,credit,Southwest,groceries,Walmart Grocery,4369.35,USD,2024-04-15T09:46:00,"Weekly grocery run at Walmart Grocery, stocked up on essentials",False
TXN003345,Customer_0055,savings,West,rent,Urban Living Co,206.75,USD,2023-09-30T23:33:00,Security deposit — Urban Living Co,False
TXN003346,Customer_0375,checking,West,education,Udemy,2438.32,USD,2024-05-23T08:32:00,Textbook purchase at Udemy for continuing ed,False
TXN003347,Customer_0315,credit,Midwest,entertainment,Steam,2734.42,USD,2023-11-11T06:34:00,In-app purchase on Steam platform,False
TXN003348,Customer_0091,savings,Southeast,shopping,Zara,2658.19,USD,2023-02-06T02:39:00,Flash sale purchase at Zara,False
TXN003349,Customer_0196,savings,Northeast,shopping,Best Buy,2883.65,USD,2023-04-02T18:26:00,In-store purchase at Best Buy — seasonal wardrobe,False
TXN003350,Customer_0109,credit,Northeast,rent,Urban Living Co,1666.18,USD,2023-09-09T17:30:00,Monthly rent payment to Urban Living Co,False
TXN003351,Customer_0409,credit,West,groceries,Walmart Grocery,1772.95,USD,2024-01-18T07:15:00,"Monthly bulk purchase at Walmart Grocery, household supplies",False
TXN003352,Customer_0142,credit,West,healthcare,Walgreens,-301.12,USD,2023-09-17T15:32:00,Annual physical copay at Walgreens,False
TXN003353,Customer_0302,checking,Midwest,travel,Hertz,1817.52,USD,2024-01-13T03:28:00,Flight to Chicago via Hertz for annual conference,False
TXN003354,Customer_0331,savings,Southwest,travel,Marriott Hotels,2607.65,USD,2024-03-17T10:57:00,Flight to Chicago via Marriott Hotels for annual conference,False
TXN003355,Customer_0433,savings,Midwest,utilities,Verizon,1249.68,USD,2023-02-26T10:20:00,Verizon wireless plan — family plan renewal,False
TXN003356,Customer_0038,checking,Midwest,education,Chegg,359.55,USD,2023-08-05T09:41:00,Chegg annual learning subscription,False
TXN003357,Customer_0354,savings,West,healthcare,Walgreens,4162.84,USD,2023-12-27T01:54:00,Lab work order from Walgreens,False
TXN003358,Customer_0376,checking,West,education,Udemy,2786.96,USD,2024-01-18T14:41:00,Udemy course enrollment — data engineering,False
TXN003359,Customer_0052,savings,Southwest,shopping,Target,1158.34,USD,2024-01-22T14:00:00,Flash sale purchase at Target,False
TXN003360,Customer_0140,checking,Southwest,insurance,Progressive,79.49,USD,2023-10-07T08:51:00,Progressive renters insurance quarterly payment,False
TXN003361,Customer_0384,credit,West,dining,Chipotle,660.85,USD,2023-09-24T19:12:00,"Client dinner at Chipotle, discussed Q4 roadmap",False
TXN003362,Customer_0410,checking,Southwest,rent,Urban Living Co,-426.15,USD,2024-03-01T19:57:00,Monthly rent payment to Urban Living Co,False
TXN003363,Customer_0301,checking,Midwest,dining,Starbucks,3433.16,USD,2024-04-04T10:13:00,"Lunch with the team at Starbucks, celebrated Q3 results",False
TXN003364,Customer_0020,checking,Midwest,insurance,Geico,405.74,USD,2024-04-14T11:25:00,Monthly Geico auto insurance premium,False
TXN003365,Customer_0083,savings,Southeast,dining,Panera Bread,3787.82,USD,2023-11-06T10:58:00,"Client dinner at Panera Bread, discussed Q4 roadmap",False
TXN003366,Customer_0426,checking,Midwest,shopping,Target,4104.59,USD,2023-09-14T12:39:00,Online order from Target — home office equipment,False
TXN003367,Customer_0251,checking,West,travel,Marriott Hotels,1128.56,USD,2023-09-10T21:18:00,Car rental from Marriott Hotels for client site visit,False
TXN003368,Customer_0475,savings,Midwest,shopping,IKEA,4132.88,USD,2024-04-28T21:03:00,Online order from IKEA — home office equipment,False
TXN003369,Customer_0293,credit,Northeast,groceries,Kroger,3583.5,USD,2023-02-22T14:36:00,"Weekly grocery run at Kroger, stocked up on essentials",False
TXN003370,Customer_0133,credit,Northeast,healthcare,CVS Pharmacy,858.54,USD,2023-07-01T00:58:00,Annual physical copay at CVS Pharmacy,False
TXN003371,Customer_0264,checking,Southwest,entertainment,Netflix,1524.1,USD,2023-12-12T13:16:00,In-app purchase on Netflix platform,False
TXN003372,Customer_0063,checking,Southeast,dining,Olive Garden,4294.44,USD,2023-07-21T13:25:00,Morning coffee and pastry at Olive Garden,False
TXN003373,Customer_0410,checking,Midwest,groceries,Trader Joe's,1535.75,USD,2024-03-17T22:48:00,"Monthly bulk purchase at Trader Joe's, household supplies",False
TXN003374,Customer_0192,credit,West,insurance,Geico,2912.35,USD,2023-06-24T18:03:00,Geico renters insurance quarterly payment,False
TXN003375,Customer_0300,checking,Northeast,travel,Uber,806.38,USD,2023-10-17T05:36:00,Car rental from Uber for client site visit,False
TXN003376,Customer_0004,checking,Southeast,rent,Metro Realty,512.5,USD,2024-06-09T11:44:00,Lease renewal fee at Metro Realty,False
TXN003377,Customer_0087,savings,Midwest,rent,First Place Rentals,2614.29,USD,2023-06-07T00:57:00,Monthly rent payment to First Place Rentals,False
TXN003378,Customer_0078,checking,Southwest,travel,Delta Airlines,2028.76,USD,2024-06-02T20:19:00,Flight to Chicago via Delta Airlines for annual conference,False
TXN003379,Customer_0207,savings,Southwest,shopping,Zara,2313.14,USD,2023-11-01T17:04:00,Flash sale purchase at Zara,False
TXN003380,Customer_0127,credit,West,travel,Airbnb,4228.03,USD,2024-04-13T21:20:00,Flight to Chicago via Airbnb for annual conference,False
TXN003381,Customer_0296,checking,Midwest,dining,Panera Bread,4304.88,USD,2023-07-15T04:46:00,"Client dinner at Panera Bread, discussed Q4 roadmap",False
TXN003382,Customer_0452,checking,Southeast,groceries,Whole Foods,862.14,USD,2023-04-15T11:25:00,"Weekly grocery run at Whole Foods, stocked up on essentials",False
TXN003383,Customer_0479,credit,Northeast,insurance,State Farm,1307.74,USD,2023-05-09T04:56:00,Monthly State Farm auto insurance premium,False
TXN003384,Customer_0042,credit,Southeast,entertainment,Steam,4242.3,USD,2023-06-11T00:08:00,Steam monthly subscription auto-renewal,False
TXN003385,Customer_0021,savings,West,entertainment,Spotify,2418.35,USD,2024-01-30T00:19:00,Spotify monthly subscription auto-renewal,False
TXN003386,Customer_0339,credit,Southwest,rent,Urban Living Co,4467.88,USD,2024-05-20T20:45:00,Lease renewal fee at Urban Living Co,False
TXN003387,Customer_0359,savings,West,shopping,IKEA,1364.22,USD,2023-05-18T02:02:00,In-store purchase at IKEA — seasonal wardrobe,False
TXN003388,Customer_0112,credit,Northeast,healthcare,Walgreens,-124.35,USD,2024-01-15T02:01:00,Annual physical copay at Walgreens,False
TXN003389,Customer_0500,checking,Midwest,rent,Sunset Apartments,1280.04,USD,2023-10-11T05:27:00,Monthly rent payment to Sunset Apartments,False
TXN003390,Customer_0304,credit,Southeast,dining,Panera Bread,3649.65,USD,2023-07-02T15:54:00,Morning coffee and pastry at Panera Bread,False
TXN003391,Customer_0285,credit,Northeast,utilities,Verizon,1439.19,USD,2023-06-23T16:36:00,Verizon wireless plan — family plan renewal,False
TXN003392,Customer_0236,credit,West,shopping,Target,2821.38,USD,2024-06-12T00:30:00,Flash sale purchase at Target,False
TXN003393,Customer_0463,savings,Southeast,groceries,Walmart Grocery,2929.96,USD,2023-03-22T16:39:00,"Weekly grocery run at Walmart Grocery, stocked up on essentials",False
TXN003394,Customer_0350,credit,Southwest,rent,Urban Living Co,3693.68,USD,2023-07-11T21:05:00,Monthly rent payment to Urban Living Co,False
TXN003395,Customer_0178,checking,West,healthcare,Walgreens,3183.45,USD,2023-01-04T15:30:00,Annual physical copay at Walgreens,False
TXN003396,Customer_0313,credit,West,insurance,USAA,2550.71,USD,2023-07-22T11:29:00,USAA renters insurance quarterly payment,False
TXN003397,Customer_0479,checking,Midwest,shopping,IKEA,3460.29,USD,2024-01-03T02:39:00,Online order from IKEA — home office equipment,False
TXN003398,Customer_0088,checking,Midwest,entertainment,Apple iTunes,3330.62,USD,2023-12-07T10:06:00,In-app purchase on Apple iTunes platform,False
TXN003399,Customer_0151,checking,Southwest,utilities,AT&T,1476.69,USD,2024-02-28T06:42:00,AT&T wireless plan — family plan renewal,False
TXN003400,Customer_0176,checking,Southeast,dining,Chipotle,2686.94,USD,2024-03-15T07:25:00,"Lunch with the team at Chipotle, celebrated Q3 results",False
TXN003401,Customer_0252,checking,West,rent,Apartment LLC,3304.22,USD,2023-05-26T04:15:00,Security deposit — Apartment LLC,False
TXN003402,Customer_0492,checking,Southeast,shopping,IKEA,3541.87,USD,2023-06-26T06:40:00,Flash sale purchase at IKEA,False
TXN003403,Customer_0406,credit,Southwest,dining,Starbucks,365.4,USD,2023-08-24T11:55:00,Morning coffee and pastry at Starbucks,False
TXN003404,Customer_0463,checking,West,education,MIT OpenCourseWare,4294.21,USD,2023-11-21T18:27:00,MIT OpenCourseWare course enrollment — data engineering,False
TXN003405,Customer_0489,checking,Southeast,education,Udemy,399.12,USD,2023-04-18T00:34:00,Udemy course enrollment — data engineering,False
TXN003406,Customer_0172,credit,Midwest,travel,Marriott Hotels,3674.77,USD,2023-01-27T00:15:00,Flight to Chicago via Marriott Hotels for annual conference,False
TXN003407,Customer_0214,savings,Southwest,insurance,Geico,3606.24,USD,2024-01-17T22:05:00,Life insurance premium payment to Geico,False
TXN003408,Customer_0362,savings,Northeast,groceries,Trader Joe's,2256.1,USD,2023-03-31T14:02:00,"Weekly grocery run at Trader Joe's, stocked up on essentials",False
TXN003409,Customer_0273,savings,Southeast,entertainment,Steam,1913.63,USD,2023-07-08T02:18:00,Steam monthly subscription auto-renewal,False
TXN003410,Customer_0011,savings,Southeast,rent,Sunset Apartments,947.26,USD,2023-11-15T21:31:00,Monthly rent payment to Sunset Apartments,False
TXN003411,Customer_0446,checking,Northeast,utilities,ConEdison,-183.81,USD,2023-10-29T12:00:00,ConEdison electricity bill for the apartment,False
TXN003412,Customer_0171,credit,West,entertainment,Netflix,553.2,USD,2023-11-07T04:03:00,Netflix monthly subscription auto-renewal,False
TXN003413,Customer_0217,credit,West,travel,Marriott Hotels,1047.94,USD,2023-05-14T21:05:00,Car rental from Marriott Hotels for client site visit,False
TXN003414,Customer_0299,credit,West,dining,Olive Garden,4011.04,USD,2024-04-09T15:27:00,Morning coffee and pastry at Olive Garden,False
TXN003415,Customer_0337,checking,Southeast,education,MIT OpenCourseWare,983.73,USD,2023-08-07T19:34:00,MIT OpenCourseWare course enrollment — data engineering,False
TXN003416,Customer_0083,checking,Midwest,rent,Urban Living Co,2056.84,USD,2024-06-02T15:14:00,Lease renewal fee at Urban Living Co,False
TXN003417,Customer_0257,savings,Southwest,healthcare,CVS Pharmacy,1141.84,USD,2023-03-28T20:47:00,Lab work order from CVS Pharmacy,False
TXN003418,Customer_0016,savings,Southwest,utilities,ConEdison,2425.79,USD,2024-02-17T09:46:00,Monthly ConEdison internet and cable bill,False
TXN003419,Customer_0262,savings,Southwest,utilities,AT&T,3944.3,USD,2023-07-17T18:06:00,AT&T electricity bill for the apartment,False
TXN003420,Customer_0017,savings,Midwest,insurance,Progressive,2979.23,USD,2023-11-10T19:12:00,Monthly Progressive auto insurance premium,False
TXN003421,Customer_0129,checking,West,rent,Urban Living Co,369.77,USD,2023-08-22T16:20:00,Security deposit — Urban Living Co,False
TXN003422,Customer_0494,credit,Northeast,education,Coursera,4397.16,USD,2023-12-30T06:29:00,Coursera course enrollment — data engineering,False
TXN003423,Customer_0350,credit,Midwest,entertainment,Spotify,3092.09,USD,2023-12-11T07:43:00,Spotify monthly subscription auto-renewal,False
TXN003424,Customer_0363,credit,West,entertainment,Netflix,3416.01,USD,2024-04-11T14:44:00,In-app purchase on Netflix platform,False
TXN003425,Customer_0367,credit,Southeast,insurance,USAA,4172.44,USD,2023-04-19T01:47:00,Life insurance premium payment to USAA,False
TXN003426,Customer_0159,savings,Northeast,travel,Delta Airlines,102.38,USD,2023-05-08T05:18:00,Hotel stay at Delta Airlines during product summit,False
TXN003427,Customer_0457,savings,Northeast,education,MIT OpenCourseWare,2215.56,USD,2023-01-24T22:19:00,MIT OpenCourseWare annual learning subscription,False
TXN003428,Customer_0140,checking,West,shopping,IKEA,2350.57,USD,2023-05-10T09:19:00,Online order from IKEA — home office equipment,False
TXN003429,Customer_0241,checking,Northeast,education,Coursera,1168.13,USD,2023-01-17T03:32:00,Coursera annual learning subscription,False
TXN003430,Customer_0025,credit,Midwest,groceries,Trader Joe's,710.85,USD,2023-10-28T07:50:00,"Weekly grocery run at Trader Joe's, stocked up on essentials",False
TXN003431,Customer_0217,credit,Southwest,education,Udemy,1389.27,USD,2024-05-09T21:57:00,Udemy course enrollment — data engineering,False
TXN003432,Customer_0492,checking,Southwest,groceries,Trader Joe's,3492.22,USD,2023-04-14T14:28:00,"Monthly bulk purchase at Trader Joe's, household supplies",False
TXN003433,Customer_0294,checking,Midwest,insurance,USAA,646.58,USD,2024-04-23T00:18:00,Life insurance premium payment to USAA,False
TXN003434,Customer_0219,savings,Southeast,dining,Chipotle,866.46,USD,2023-05-20T07:05:00,Morning coffee and pastry at Chipotle,False
TXN003435,Customer_0086,savings,Midwest,healthcare,Blue Cross Premium,440.55,USD,2023-03-24T15:03:00,Annual physical copay at Blue Cross Premium,True
TXN003436,Customer_0080,savings,West,entertainment,Spotify,1222.3,USD,2024-04-25T09:01:00,In-app purchase on Spotify platform,False
TXN003437,Customer_0333,credit,Southeast,healthcare,Walgreens,625.64,USD,2023-07-30T03:04:00,Annual physical copay at Walgreens,False
TXN003438,Customer_0472,checking,Southeast,entertainment,Netflix,303.74,USD,2023-01-29T12:00:00,Movie tickets at Netflix — family outing,False
TXN003439,Customer_0447,checking,Southeast,utilities,National Grid,-21.36,USD,2023-03-19T21:19:00,National Grid wireless plan — family plan renewal,False
TXN003440,Customer_0387,savings,Southeast,shopping,IKEA,4438.57,USD,2023-09-29T21:08:00,Flash sale purchase at IKEA,False
TXN003441,Customer_0351,savings,Southwest,shopping,Amazon,3747.17,USD,2023-11-15T08:47:00,Online order from Amazon — home office equipment,False
TXN003442,Customer_0108,savings,Midwest,dining,Olive Garden,3830.33,USD,2023-06-07T12:33:00,"Client dinner at Olive Garden, discussed Q4 roadmap",False
TXN003443,Customer_0314,credit,Midwest,rent,Metro Realty,2404.69,USD,2023-02-02T05:51:00,Monthly rent payment to Metro Realty,False
TXN003444,Customer_0179,credit,Northeast,utilities,ConEdison,1670.12,USD,2023-07-31T21:47:00,ConEdison wireless plan — family plan renewal,False
TXN003445,Customer_0475,savings,Midwest,healthcare,Walgreens,2332.83,USD,2023-02-16T15:45:00,Lab work order from Walgreens,False
TXN003446,Customer_0231,checking,Midwest,dining,Olive Garden,3971.93,USD,2023-09-23T09:58:00,Morning coffee and pastry at Olive Garden,False
TXN003447,Customer_0248,savings,Midwest,travel,Uber,3157.04,USD,2023-10-08T18:24:00,Car rental from Uber for client site visit,False
TXN003448,Customer_0028,checking,West,rent,Urban Living Co,1381.01,USD,2023-01-09T12:36:00,Monthly rent payment to Urban Living Co,False
TXN003449,Customer_0492,credit,West,insurance,State Farm,1342.94,USD,2024-01-08T11:51:00,State Farm renters insurance quarterly payment,False
TXN003450,Customer_0288,savings,Midwest,education,Barnes & Noble,3534.28,USD,2024-01-24T00:37:00,Barnes & Noble course enrollment — data engineering,False
TXN003451,Customer_0185,savings,Midwest,dining,Chipotle,114.49,USD,2023-07-22T19:27:00,"Client dinner at Chipotle, discussed Q4 roadmap",False
TXN003452,Customer_0417,checking,Southeast,shopping,Amazon,3753.21,USD,2023-09-16T14:01:00,Flash sale purchase at Amazon,False
TXN003453,Customer_0407,checking,West,travel,Airbnb,1625.76,USD,2023-10-31T06:07:00,Flight to Chicago via Airbnb for annual conference,False
TXN003454,Customer_0119,credit,Southwest,groceries,Trader Joe's,1675.94,USD,2023-11-01T07:43:00,"Weekly grocery run at Trader Joe's, stocked up on essentials",False
TXN003455,Customer_0236,credit,Southwest,insurance,USAA,4265.07,USD,2024-01-02T04:43:00,USAA renters insurance quarterly payment,False
TXN003456,Customer_0213,credit,Midwest,shopping,Amazon,2663.93,USD,2023-12-11T09:38:00,In-store purchase at Amazon — seasonal wardrobe,False
TXN003457,Customer_0449,checking,Southeast,healthcare,Urgent Care Now,3793.04,USD,2024-04-04T23:12:00,Annual physical copay at Urgent Care Now,False
TXN003458,Customer_0074,savings,Northeast,education,MIT OpenCourseWare,3276.82,USD,2024-06-25T07:08:00,MIT OpenCourseWare annual learning subscription,False
TXN003459,Customer_0202,credit,Southeast,entertainment,Netflix,963.68,USD,2024-05-02T12:06:00,Netflix monthly subscription auto-renewal,False
TXN003460,Customer_0200,savings,Midwest,entertainment,Netflix,-365.56,USD,2023-04-12T02:10:00,Movie tickets at Netflix — family outing,False
TXN003461,Customer_0180,checking,Southeast,utilities,Verizon,4306.72,USD,2023-05-15T17:45:00,Monthly Verizon internet and cable bill,False
TXN003462,Customer_0301,savings,Southeast,groceries,Kroger,1317.33,USD,2024-06-22T22:08:00,"Monthly bulk purchase at Kroger, household supplies",False
TXN003463,Customer_0320,checking,Midwest,shopping,IKEA,3576.68,USD,2023-09-29T06:58:00,In-store purchase at IKEA — seasonal wardrobe,False
TXN003464,Customer_0267,checking,Southwest,education,Udemy,3544.98,USD,2024-03-04T23:37:00,Udemy annual learning subscription,False
TXN003465,Customer_0251,savings,Southeast,healthcare,CVS Pharmacy,58.58,USD,2023-03-11T08:12:00,Prescription refill at CVS Pharmacy,False
TXN003466,Customer_0404,savings,Midwest,entertainment,Apple iTunes,4304.08,USD,2023-08-10T15:04:00,In-app purchase on Apple iTunes platform,False
TXN003467,Customer_0287,credit,Southwest,healthcare,Blue Cross Premium,-94.85,USD,2023-07-19T02:35:00,Prescription refill at Blue Cross Premium,False
TXN003468,Customer_0431,checking,West,groceries,Aldi,237.57,USD,2024-04-05T07:06:00,Quick stop at Aldi for produce and dairy,False
TXN003469,Customer_0044,credit,Midwest,rent,Sunset Apartments,4001.45,USD,2024-06-13T10:03:00,Monthly rent payment to Sunset Apartments,False
TXN003470,Customer_0328,credit,Northeast,travel,Airbnb,4106.46,USD,2024-06-22T04:26:00,Car rental from Airbnb for client site visit,False
TXN003471,Customer_0015,credit,West,groceries,Whole Foods,269.27,USD,2023-03-29T05:48:00,"Monthly bulk purchase at Whole Foods, household supplies",False
TXN003472,Customer_0330,credit,Midwest,rent,Metro Realty,814.04,USD,2024-02-28T01:08:00,Security deposit — Metro Realty,False
TXN003473,Customer_0265,credit,West,dining,The Cheesecake Factory,4081.66,USD,2023-12-26T03:29:00,Morning coffee and pastry at The Cheesecake Factory,False
TXN003474,Customer_0270,credit,Northeast,rent,Apartment LLC,-468.29,USD,2024-03-20T00:56:00,Monthly rent payment to Apartment LLC,False
TXN003475,Customer_0376,savings,Northeast,dining,Panera Bread,57.98,USD,2023-08-15T00:03:00,"Client dinner at Panera Bread, discussed Q4 roadmap",False
TXN003476,Customer_0401,savings,Midwest,insurance,Allstate,2925.07,USD,2023-12-15T21:34:00,Allstate renters insurance quarterly payment,False
TXN003477,Customer_0172,checking,Midwest,groceries,Aldi,2589.81,USD,2024-03-24T05:57:00,Quick stop at Aldi for produce and dairy,False
TXN003478,Customer_0092,credit,West,shopping,Zara,3048.81,USD,2023-12-14T03:34:00,In-store purchase at Zara — seasonal wardrobe,False
TXN003479,Customer_0116,credit,Southwest,entertainment,Spotify,1391.55,USD,2023-10-04T21:20:00,Spotify monthly subscription auto-renewal,False
TXN003480,Customer_0134,credit,Southeast,entertainment,Steam,481.67,USD,2023-10-30T19:55:00,Steam monthly subscription auto-renewal,False
TXN003481,Customer_0486,credit,West,rent,Metro Realty,1918.72,USD,2024-04-04T08:02:00,Monthly rent payment to Metro Realty,False
TXN003482,Customer_0480,credit,Midwest,insurance,Allstate,2300.79,USD,2024-06-29T10:28:00,Life insurance premium payment to Allstate,False
TXN003483,Customer_0224,savings,Southeast,dining,Chipotle,1781.84,USD,2024-03-15T09:05:00,"Lunch with the team at Chipotle, celebrated Q3 results",False
TXN003484,Customer_0458,savings,Southeast,rent,Urban Living Co,2607.89,USD,2024-04-10T15:03:00,Lease renewal fee at Urban Living Co,False
TXN003485,Customer_0221,credit,Midwest,travel,Uber,961.36,USD,2023-12-31T21:42:00,Car rental from Uber for client site visit,False
TXN003486,Customer_0008,savings,West,travel,Uber,4439.61,USD,2023-01-03T09:02:00,Flight to Chicago via Uber for annual conference,False
TXN003487,Customer_0430,savings,Midwest,rent,Urban Living Co,1553.8,USD,2024-02-08T18:11:00,Security deposit — Urban Living Co,False
TXN003488,Customer_0482,checking,Southeast,rent,Urban Living Co,3752.39,USD,2024-04-25T06:21:00,Monthly rent payment to Urban Living Co,False
TXN003489,Customer_0095,checking,Southeast,dining,Starbucks,1755.32,USD,2023-09-13T00:01:00,"Client dinner at Starbucks, discussed Q4 roadmap",False
TXN003490,Customer_0404,credit,Northeast,healthcare,Blue Cross Premium,2279.23,USD,2024-01-12T07:09:00,Lab work order from Blue Cross Premium,False
TXN003491,Customer_0371,checking,Midwest,travel,Uber,-272.13,USD,2024-05-17T17:13:00,Hotel stay at Uber during product summit,False
TXN003492,Customer_0138,checking,Southeast,rent,Apartment LLC,-451.43,USD,2024-02-20T10:41:00,Lease renewal fee at Apartment LLC,False
TXN003493,Customer_0137,credit,Southwest,rent,First Place Rentals,1954.4,USD,2024-03-30T23:51:00,Security deposit — First Place Rentals,False
TXN003494,Customer_0194,checking,Midwest,groceries,Kroger,-139.82,USD,2023-09-03T07:55:00,"Weekly grocery run at Kroger, stocked up on essentials",False
TXN003495,Customer_0339,savings,Midwest,groceries,Walmart Grocery,2662.68,USD,2023-10-18T06:24:00,"Monthly bulk purchase at Walmart Grocery, household supplies",False
TXN003496,Customer_0224,checking,Northeast,dining,Panera Bread,2269.28,USD,2024-01-02T15:45:00,"Lunch with the team at Panera Bread, celebrated Q3 results",False
TXN003497,Customer_0427,credit,West,entertainment,Netflix,1466.03,USD,2024-03-15T03:33:00,Movie tickets at Netflix — family outing,False
TXN003498,Customer_0260,savings,Southeast,insurance,Allstate,306.47,USD,2023-03-07T08:06:00,Allstate renters insurance quarterly payment,False
TXN003499,Customer_0363,savings,Southwest,rent,First Place Rentals,2118.22,USD,2023-06-26T02:40:00,Lease renewal fee at First Place Rentals,False
TXN003500,Customer_0269,checking,Northeast,utilities,Comcast Xfinity,3913.49,USD,2023-11-18T18:50:00,Comcast Xfinity wireless plan — family plan renewal,True
TXN003501,Customer_0357,checking,Midwest,education,Coursera,3875.94,USD,2023-10-07T16:16:00,Coursera course enrollment — data engineering,False
TXN003502,Customer_0187,credit,Midwest,healthcare,Blue Cross Premium,4156.86,USD,2023-04-24T23:29:00,Annual physical copay at Blue Cross Premium,False
TXN003503,Customer_0302,checking,Southwest,shopping,IKEA,1338.67,USD,2023-03-28T03:25:00,Online order from IKEA — home office equipment,False
TXN003504,Customer_0403,credit,West,entertainment,AMC Theaters,2939.82,USD,2024-02-14T11:52:00,In-app purchase on AMC Theaters platform,False
TXN003505,Customer_0202,checking,Southwest,shopping,IKEA,3876.67,USD,2023-12-28T04:00:00,In-store purchase at IKEA — seasonal wardrobe,False
TXN003506,Customer_0165,checking,Northeast,healthcare,Walgreens,1963.88,USD,2024-05-17T11:03:00,Lab work order from Walgreens,False
TXN003507,Customer_0286,credit,West,rent,First Place Rentals,2230.51,USD,2023-05-28T14:23:00,Lease renewal fee at First Place Rentals,False
TXN003508,Customer_0359,credit,Midwest,entertainment,Spotify,27.24,USD,2023-02-11T13:56:00,Spotify monthly subscription auto-renewal,False
TXN003509,Customer_0270,savings,Midwest,rent,First Place Rentals,3527.45,USD,2023-02-05T01:24:00,Security deposit — First Place Rentals,False
TXN003510,Customer_0300,checking,Southeast,travel,Uber,3874.48,USD,2023-06-16T02:16:00,Hotel stay at Uber during product summit,False
TXN003511,Customer_0421,checking,Southeast,utilities,AT&T,3134.86,USD,2023-01-21T02:06:00,AT&T wireless plan — family plan renewal,False
TXN003512,Customer_0257,credit,Midwest,insurance,Progressive,101.43,USD,2023-12-18T16:31:00,Life insurance premium payment to Progressive,False
TXN003513,Customer_0176,checking,Midwest,travel,Uber,694.89,USD,2023-07-17T13:38:00,Hotel stay at Uber during product summit,False
TXN003514,Customer_0163,checking,West,entertainment,AMC Theaters,3185.26,USD,2023-07-24T20:32:00,In-app purchase on AMC Theaters platform,False
TXN003515,Customer_0218,credit,West,dining,Starbucks,1574.19,USD,2023-09-11T21:13:00,"Client dinner at Starbucks, discussed Q4 roadmap",False
TXN003516,Customer_0224,credit,Midwest,insurance,USAA,3199.11,USD,2023-03-11T14:41:00,USAA renters insurance quarterly payment,False
TXN003517,Customer_0315,credit,Southwest,travel,Uber,-65.72,USD,2023-04-24T23:27:00,Car rental from Uber for client site visit,False
TXN003518,Customer_0486,checking,Southwest,shopping,Zara,2854.02,USD,2023-07-20T12:51:00,In-store purchase at Zara — seasonal wardrobe,False
TXN003519,Customer_0429,checking,West,insurance,Progressive,1945.11,USD,2024-04-13T06:27:00,Monthly Progressive auto insurance premium,False
TXN003520,Customer_0477,savings,Northeast,rent,Apartment LLC,-329.21,USD,2023-03-01T21:50:00,Monthly rent payment to Apartment LLC,False
TXN003521,Customer_0233,checking,Northeast,healthcare,Walgreens,849.49,USD,2023-05-12T03:49:00,Prescription refill at Walgreens,False
TXN003522,Customer_0181,credit,West,healthcare,CVS Pharmacy,191.39,USD,2023-06-25T09:52:00,Lab work order from CVS Pharmacy,False
TXN003523,Customer_0218,savings,Southeast,entertainment,Steam,-198.39,USD,2023-08-30T19:13:00,Movie tickets at Steam — family outing,False
TXN003524,Customer_0068,savings,Southeast,healthcare,CVS Pharmacy,704.69,USD,2023-11-27T07:43:00,Lab work order from CVS Pharmacy,False
TXN003525,Customer_0161,credit,Southwest,entertainment,Netflix,246.18,USD,2023-10-18T02:43:00,Netflix monthly subscription auto-renewal,False
TXN003526,Customer_0098,savings,Northeast,travel,Delta Airlines,3979.23,USD,2024-05-14T08:23:00,Flight to Chicago via Delta Airlines for annual conference,True
TXN003527,Customer_0264,checking,Southwest,rent,Urban Living Co,3902.7,USD,2024-04-21T00:08:00,Lease renewal fee at Urban Living Co,False
TXN003528,Customer_0007,savings,West,groceries,Walmart Grocery,391.75,USD,2023-04-09T21:35:00,"Weekly grocery run at Walmart Grocery, stocked up on essentials",False
TXN003529,Customer_0323,credit,Southeast,healthcare,Walgreens,3405.43,USD,2024-05-16T13:22:00,Prescription refill at Walgreens,False
TXN003530,Customer_0244,checking,Midwest,education,Chegg,1971.88,USD,2023-11-25T09:35:00,Chegg course enrollment — data engineering,False
TXN003531,Customer_0220,checking,Midwest,entertainment,Steam,812.86,USD,2023-09-10T18:13:00,Steam monthly subscription auto-renewal,False
TXN003532,Customer_0027,checking,Northeast,rent,Urban Living Co,1201.82,USD,2023-12-21T01:59:00,Lease renewal fee at Urban Living Co,False
TXN003533,Customer_0224,checking,West,utilities,ConEdison,2866.46,USD,2023-12-05T16:11:00,Monthly ConEdison internet and cable bill,False
TXN003534,Customer_0290,checking,Southeast,education,Chegg,972.41,USD,2023-02-14T07:28:00,Chegg course enrollment — data engineering,False
TXN003535,Customer_0125,credit,Midwest,rent,Apartment LLC,4438.85,USD,2023-11-19T14:42:00,Monthly rent payment to Apartment LLC,False
TXN003536,Customer_0482,credit,Southeast,entertainment,Spotify,3555.02,USD,2023-07-01T01:53:00,Spotify monthly subscription auto-renewal,False
TXN003537,Customer_0129,checking,West,shopping,Best Buy,-141.67,USD,2023-09-15T06:25:00,Flash sale purchase at Best Buy,False
TXN003538,Customer_0407,savings,Southwest,entertainment,Spotify,3370.63,USD,2023-04-06T08:09:00,Spotify monthly subscription auto-renewal,False
TXN003539,Customer_0456,savings,West,groceries,Whole Foods,2833.48,USD,2024-05-27T07:20:00,Quick stop at Whole Foods for produce and dairy,False
TXN003540,Customer_0229,credit,Midwest,insurance,Geico,2285.18,USD,2024-05-08T03:03:00,Life insurance premium payment to Geico,False
TXN003541,Customer_0008,checking,Southwest,utilities,Comcast Xfinity,3378.99,USD,2023-02-14T01:42:00,Comcast Xfinity wireless plan — family plan renewal,False
TXN003542,Customer_0491,savings,West,travel,Uber,3290.32,USD,2023-12-05T09:25:00,Car rental from Uber for client site visit,False
TXN003543,Customer_0494,savings,Northeast,shopping,Amazon,749.81,USD,2023-09-05T09:17:00,In-store purchase at Amazon — seasonal wardrobe,False
TXN003544,Customer_0182,credit,West,utilities,Comcast Xfinity,3204.26,USD,2024-06-25T09:52:00,Monthly Comcast Xfinity internet and cable bill,False
TXN003545,Customer_0062,savings,Midwest,healthcare,LabCorp,1851.63,USD,2024-05-21T06:20:00,Lab work order from LabCorp,False
TXN003546,Customer_0256,savings,Southwest,dining,Olive Garden,491.47,USD,2024-01-31T11:45:00,"Client dinner at Olive Garden, discussed Q4 roadmap",False
TXN003547,Customer_0022,credit,Southeast,healthcare,Urgent Care Now,1475.8,USD,2023-08-13T14:47:00,Annual physical copay at Urgent Care Now,False
TXN003548,Customer_0327,checking,Northeast,travel,Hertz,3316.75,USD,2023-01-09T18:10:00,Hotel stay at Hertz during product summit,False
TXN003549,Customer_0246,credit,Midwest,travel,Uber,3296.93,USD,2023-07-22T14:41:00,Flight to Chicago via Uber for annual conference,False
TXN003550,Customer_0074,savings,Midwest,education,Chegg,207.61,USD,2023-08-08T01:11:00,Textbook purchase at Chegg for continuing ed,False
TXN003551,Customer_0080,checking,Southwest,education,Coursera,353.27,USD,2023-05-27T03:01:00,Coursera annual learning subscription,False
TXN003552,Customer_0344,checking,Southwest,utilities,ConEdison,3408.66,USD,2023-06-06T05:38:00,ConEdison wireless plan — family plan renewal,False
TXN003553,Customer_0479,savings,Southwest,groceries,Whole Foods,4451.67,USD,2024-02-08T04:35:00,"Monthly bulk purchase at Whole Foods, household supplies",False
TXN003554,Customer_0169,checking,Southwest,education,Chegg,2910.62,USD,2023-02-25T17:29:00,Chegg annual learning subscription,False
TXN003555,Customer_0013,checking,West,utilities,ConEdison,1815.92,USD,2024-06-01T04:19:00,ConEdison electricity bill for the apartment,False
TXN003556,Customer_0114,savings,Northeast,shopping,IKEA,2736.01,USD,2023-11-13T06:33:00,In-store purchase at IKEA — seasonal wardrobe,False
TXN003557,Customer_0297,checking,Midwest,travel,Uber,78.72,USD,2024-03-13T05:36:00,Car rental from Uber for client site visit,False
TXN003558,Customer_0108,checking,Midwest,travel,Airbnb,2547.22,USD,2024-04-03T23:52:00,Hotel stay at Airbnb during product summit,False
TXN003559,Customer_0277,credit,Southwest,utilities,ConEdison,3726.45,USD,2023-06-19T15:03:00,ConEdison wireless plan — family plan renewal,False
TXN003560,Customer_0124,savings,Midwest,entertainment,Steam,870.0,USD,2024-03-16T13:25:00,Steam monthly subscription auto-renewal,False
TXN003561,Customer_0045,credit,Northeast,healthcare,CVS Pharmacy,2699.73,USD,2024-01-23T16:25:00,Annual physical copay at CVS Pharmacy,False
TXN003562,Customer_0490,savings,Southwest,insurance,Allstate,3359.21,USD,2023-06-23T08:16:00,Life insurance premium payment to Allstate,False
TXN003563,Customer_0333,credit,Southwest,entertainment,Netflix,3062.41,USD,2024-01-04T02:33:00,Netflix monthly subscription auto-renewal,False
TXN003564,Customer_0154,savings,Northeast,rent,Metro Realty,3601.01,USD,2023-08-22T22:41:00,Security deposit — Metro Realty,False
TXN003565,Customer_0297,credit,Southeast,dining,Olive Garden,2452.33,USD,2023-10-02T15:26:00,"Lunch with the team at Olive Garden, celebrated Q3 results",False
TXN003566,Customer_0402,checking,Southwest,travel,Marriott Hotels,4345.17,USD,2023-01-03T02:49:00,Hotel stay at Marriott Hotels during product summit,False
TXN003567,Customer_0257,savings,Southeast,travel,Marriott Hotels,350.12,USD,2023-02-01T00:40:00,Flight to Chicago via Marriott Hotels for annual conference,False
TXN003568,Customer_0100,checking,West,rent,Apartment LLC,687.8,USD,2023-08-11T21:04:00,Security deposit — Apartment LLC,False
TXN003569,Customer_0024,checking,Southeast,groceries,Aldi,802.56,USD,2023-05-06T17:38:00,"Monthly bulk purchase at Aldi, household supplies",False
TXN003570,Customer_0179,credit,Northeast,education,Udemy,3752.68,USD,2023-09-08T03:42:00,Udemy course enrollment — data engineering,False
TXN003571,Customer_0008,checking,Northeast,education,MIT OpenCourseWare,4068.7,USD,2023-04-18T20:37:00,Textbook purchase at MIT OpenCourseWare for continuing ed,False
TXN003572,Customer_0453,checking,Southeast,dining,Panera Bread,3910.34,USD,2023-10-29T09:33:00,"Client dinner at Panera Bread, discussed Q4 roadmap",False
TXN003573,Customer_0161,savings,West,utilities,Verizon,516.23,USD,2023-11-08T13:39:00,Verizon electricity bill for the apartment,False
TXN003574,Customer_0069,savings,Southeast,education,Coursera,3106.33,USD,2024-06-29T05:57:00,Coursera annual learning subscription,False
TXN003575,Customer_0376,credit,Southwest,entertainment,Netflix,2806.48,USD,2023-01-10T17:59:00,Netflix monthly subscription auto-renewal,False
TXN003576,Customer_0086,checking,West,entertainment,Apple iTunes,517.57,USD,2023-01-13T00:23:00,Movie tickets at Apple iTunes — family outing,False
TXN003577,Customer_0072,credit,Midwest,utilities,Comcast Xfinity,3142.03,USD,2023-07-11T22:28:00,Comcast Xfinity electricity bill for the apartment,False
TXN003578,Customer_0046,checking,Northeast,healthcare,Walgreens,3910.91,USD,2023-04-12T13:29:00,Lab work order from Walgreens,False
TXN003579,Customer_0086,savings,West,entertainment,Spotify,4295.78,USD,2023-01-28T03:47:00,Movie tickets at Spotify — family outing,False
TXN003580,Customer_0473,savings,Southwest,shopping,IKEA,503.12,USD,2024-02-26T23:08:00,Flash sale purchase at IKEA,False
TXN003581,Customer_0204,savings,Southeast,groceries,Trader Joe's,435.85,USD,2024-03-18T14:14:00,Quick stop at Trader Joe's for produce and dairy,False
TXN003582,Customer_0248,credit,Midwest,travel,Marriott Hotels,2768.49,USD,2023-08-02T20:54:00,Flight to Chicago via Marriott Hotels for annual conference,True
TXN003583,Customer_0400,checking,Northeast,groceries,Walmart Grocery,353.83,USD,2023-12-17T00:28:00,"Weekly grocery run at Walmart Grocery, stocked up on essentials",False
TXN003584,Customer_0281,savings,West,healthcare,CVS Pharmacy,1171.26,USD,2024-05-16T14:03:00,Lab work order from CVS Pharmacy,False
TXN003585,Customer_0026,credit,Northeast,education,Barnes & Noble,1965.56,USD,2023-08-21T00:41:00,Textbook purchase at Barnes & Noble for continuing ed,False
TXN003586,Customer_0165,savings,Northeast,entertainment,AMC Theaters,1532.14,USD,2023-03-28T15:57:00,AMC Theaters monthly subscription auto-renewal,False
TXN003587,Customer_0477,credit,Southeast,travel,Airbnb,2679.27,USD,2023-07-11T18:01:00,Car rental from Airbnb for client site visit,False
TXN003588,Customer_0385,checking,Northeast,insurance,State Farm,53.92,USD,2023-07-17T08:01:00,Monthly State Farm auto insurance premium,False
TXN003589,Customer_0306,checking,Midwest,utilities,National Grid,144.5,USD,2023-01-31T05:19:00,National Grid wireless plan — family plan renewal,False
TXN003590,Customer_0426,savings,West,healthcare,CVS Pharmacy,3036.46,USD,2023-03-21T23:05:00,Prescription refill at CVS Pharmacy,False
TXN003591,Customer_0226,credit,West,shopping,Best Buy,1585.64,USD,2024-06-06T17:25:00,Flash sale purchase at Best Buy,False
TXN003592,Customer_0339,credit,Northeast,dining,Starbucks,3733.42,USD,2023-11-12T20:19:00,"Client dinner at Starbucks, discussed Q4 roadmap",False
TXN003593,Customer_0296,checking,Northeast,dining,Starbucks,4422.07,USD,2023-04-13T08:52:00,Morning coffee and pastry at Starbucks,False
TXN003594,Customer_0462,checking,Southwest,shopping,IKEA,1812.52,USD,2023-12-13T04:17:00,Flash sale purchase at IKEA,False
TXN003595,Customer_0049,savings,West,groceries,Whole Foods,180.35,USD,2023-11-10T10:04:00,Quick stop at Whole Foods for produce and dairy,False
TXN003596,Customer_0106,credit,Northeast,education,Chegg,584.57,USD,2023-09-15T22:22:00,Chegg course enrollment — data engineering,False
TXN003597,Customer_0337,checking,Midwest,entertainment,Steam,3933.52,USD,2023-07-14T23:09:00,Movie tickets at Steam — family outing,False
TXN003598,Customer_0269,credit,Southwest,healthcare,Urgent Care Now,3105.29,USD,2024-04-30T07:23:00,Lab work order from Urgent Care Now,False
TXN003599,Customer_0449,checking,Southeast,education,Udemy,4308.14,USD,2023-12-14T22:30:00,Textbook purchase at Udemy for continuing ed,False
TXN003600,Customer_0125,credit,Southwest,groceries,Trader Joe's,-408.71,USD,2024-02-15T21:27:00,"Monthly bulk purchase at Trader Joe's, household supplies",False
TXN003601,Customer_0147,savings,Southeast,rent,First Place Rentals,3447.23,USD,2024-04-10T07:37:00,Security deposit — First Place Rentals,False
TXN003602,Customer_0309,checking,Southwest,healthcare,Blue Cross Premium,1563.88,USD,2024-03-02T21:29:00,Lab work order from Blue Cross Premium,False
TXN003603,Customer_0116,checking,Midwest,travel,Airbnb,1504.04,USD,2023-01-04T12:40:00,Flight to Chicago via Airbnb for annual conference,False
TXN003604,Customer_0031,checking,Midwest,dining,Panera Bread,878.97,USD,2023-05-17T02:23:00,"Client dinner at Panera Bread, discussed Q4 roadmap",False
TXN003605,Customer_0448,savings,Southeast,utilities,ConEdison,4432.35,USD,2024-02-15T05:51:00,ConEdison wireless plan — family plan renewal,False
TXN003606,Customer_0236,checking,Midwest,insurance,Allstate,3991.59,USD,2023-10-10T08:23:00,Monthly Allstate auto insurance premium,False
TXN003607,Customer_0076,checking,Northeast,dining,The Cheesecake Factory,1222.67,USD,2023-04-18T14:21:00,"Lunch with the team at The Cheesecake Factory, celebrated Q3 results",False
TXN003608,Customer_0329,savings,Southeast,rent,Metro Realty,4462.36,USD,2023-03-24T20:35:00,Security deposit — Metro Realty,False
TXN003609,Customer_0259,checking,Midwest,entertainment,Spotify,3458.4,USD,2023-03-18T05:39:00,Movie tickets at Spotify — family outing,False
TXN003610,Customer_0129,credit,West,shopping,Best Buy,2889.36,USD,2023-10-23T05:37:00,In-store purchase at Best Buy — seasonal wardrobe,False
TXN003611,Customer_0166,checking,Southwest,insurance,Allstate,1143.07,USD,2024-06-24T15:23:00,Monthly Allstate auto insurance premium,False
TXN003612,Customer_0415,checking,Midwest,rent,Apartment LLC,-235.04,USD,2024-01-13T20:04:00,Security deposit — Apartment LLC,False
TXN003613,Customer_0352,checking,Northeast,utilities,ConEdison,3976.08,USD,2023-12-14T14:52:00,ConEdison electricity bill for the apartment,False
TXN003614,Customer_0014,credit,Southwest,travel,Uber,3331.98,USD,2023-04-04T04:16:00,Hotel stay at Uber during product summit,False
TXN003615,Customer_0423,savings,Southeast,entertainment,Spotify,2155.41,USD,2023-11-12T06:47:00,Movie tickets at Spotify — family outing,False
TXN003616,Customer_0378,credit,Southwest,dining,The Cheesecake Factory,1873.85,USD,2024-02-03T03:46:00,Morning coffee and pastry at The Cheesecake Factory,True
TXN003617,Customer_0311,checking,Southeast,rent,Sunset Apartments,3376.03,USD,2023-03-07T16:58:00,Monthly rent payment to Sunset Apartments,False
TXN003618,Customer_0396,savings,West,groceries,Kroger,45.25,USD,2023-03-27T11:37:00,Quick stop at Kroger for produce and dairy,True
TXN003619,Customer_0098,checking,West,dining,Starbucks,15.0,USD,2023-02-15T00:58:00,"Client dinner at Starbucks, discussed Q4 roadmap",False
TXN003620,Customer_0318,credit,West,groceries,Trader Joe's,746.93,USD,2024-06-07T07:40:00,Quick stop at Trader Joe's for produce and dairy,False
TXN003621,Customer_0383,credit,Southwest,travel,Delta Airlines,1763.04,USD,2023-10-30T04:23:00,Car rental from Delta Airlines for client site visit,False
TXN003622,Customer_0417,credit,West,education,Barnes & Noble,3434.06,USD,2024-06-01T08:10:00,Textbook purchase at Barnes & Noble for continuing ed,False
TXN003623,Customer_0070,savings,West,groceries,Whole Foods,386.07,USD,2023-01-15T20:30:00,Quick stop at Whole Foods for produce and dairy,False
TXN003624,Customer_0217,checking,Midwest,education,Udemy,3176.48,USD,2024-01-13T05:33:00,Udemy course enrollment — data engineering,False
TXN003625,Customer_0500,savings,West,healthcare,Urgent Care Now,3902.8,USD,2024-03-23T06:57:00,Lab work order from Urgent Care Now,False
TXN003626,Customer_0175,savings,West,education,Barnes & Noble,771.11,USD,2024-05-04T18:30:00,Barnes & Noble annual learning subscription,False
TXN003627,Customer_0241,savings,Northeast,rent,First Place Rentals,1757.84,USD,2023-02-11T11:37:00,Monthly rent payment to First Place Rentals,False
TXN003628,Customer_0419,checking,Southwest,entertainment,Apple iTunes,1427.48,USD,2023-02-27T07:21:00,Apple iTunes monthly subscription auto-renewal,False
TXN003629,Customer_0324,savings,Southwest,shopping,Amazon,2390.67,USD,2024-01-28T13:45:00,Online order from Amazon — home office equipment,True
TXN003630,Customer_0465,savings,Northeast,rent,Sunset Apartments,1610.73,USD,2024-05-12T10:54:00,Monthly rent payment to Sunset Apartments,False
TXN003631,Customer_0200,checking,Southeast,travel,Delta Airlines,403.27,USD,2024-01-24T09:53:00,Flight to Chicago via Delta Airlines for annual conference,False
TXN003632,Customer_0143,savings,Southwest,dining,Olive Garden,3944.64,USD,2023-10-28T01:32:00,"Lunch with the team at Olive Garden, celebrated Q3 results",False
TXN003633,Customer_0081,savings,Southeast,rent,Urban Living Co,1826.73,USD,2024-04-26T14:48:00,Security deposit — Urban Living Co,False
TXN003634,Customer_0214,credit,Midwest,rent,Metro Realty,3704.19,USD,2023-11-27T14:57:00,Monthly rent payment to Metro Realty,False
TXN003635,Customer_0472,credit,Southeast,entertainment,Apple iTunes,3596.07,USD,2023-12-05T02:10:00,Movie tickets at Apple iTunes — family outing,False
TXN003636,Customer_0433,credit,Northeast,healthcare,Urgent Care Now,1889.79,USD,2023-03-26T21:31:00,Annual physical copay at Urgent Care Now,False
TXN003637,Customer_0090,credit,Midwest,travel,Marriott Hotels,2652.5,USD,2024-03-14T10:56:00,Hotel stay at Marriott Hotels during product summit,False
TXN003638,Customer_0487,credit,Southwest,rent,Sunset Apartments,1150.3,USD,2023-02-24T04:03:00,Security deposit — Sunset Apartments,False
TXN003639,Customer_0389,checking,Midwest,insurance,Progressive,-282.33,USD,2023-03-26T04:18:00,Progressive renters insurance quarterly payment,False
TXN003640,Customer_0356,credit,Midwest,rent,Metro Realty,4000.8,USD,2023-03-12T22:12:00,Security deposit — Metro Realty,False
TXN003641,Customer_0315,savings,West,rent,Sunset Apartments,3175.92,USD,2023-03-14T09:08:00,Security deposit — Sunset Apartments,False
TXN003642,Customer_0012,savings,Southeast,travel,Delta Airlines,272.68,USD,2023-07-29T08:56:00,Hotel stay at Delta Airlines during product summit,False
TXN003643,Customer_0230,checking,Southwest,dining,Olive Garden,2244.32,USD,2023-07-03T20:24:00,Morning coffee and pastry at Olive Garden,False
TXN003644,Customer_0147,checking,Southwest,rent,Urban Living Co,987.21,USD,2023-03-09T15:05:00,Lease renewal fee at Urban Living Co,False
TXN003645,Customer_0412,credit,Southeast,shopping,Amazon,914.48,USD,2023-03-04T16:52:00,Online order from Amazon — home office equipment,False
TXN003646,Customer_0335,savings,Northeast,entertainment,Netflix,2927.22,USD,2023-07-05T21:01:00,Movie tickets at Netflix — family outing,False
TXN003647,Customer_0025,credit,Southeast,utilities,AT&T,2123.16,USD,2023-03-10T01:37:00,Monthly AT&T internet and cable bill,False
TXN003648,Customer_0256,savings,West,shopping,IKEA,4394.1,USD,2024-04-10T07:54:00,Flash sale purchase at IKEA,False
TXN003649,Customer_0317,checking,Southeast,education,Chegg,1610.08,USD,2023-09-14T16:07:00,Textbook purchase at Chegg for continuing ed,False
TXN003650,Customer_0056,checking,Southeast,entertainment,Spotify,3472.97,USD,2024-01-26T19:13:00,In-app purchase on Spotify platform,False
TXN003651,Customer_0375,checking,Southeast,healthcare,Walgreens,3702.52,USD,2023-09-13T06:41:00,Prescription refill at Walgreens,False
TXN003652,Customer_0160,credit,Southwest,dining,Starbucks,3055.82,USD,2023-11-19T10:47:00,"Client dinner at Starbucks, discussed Q4 roadmap",False
TXN003653,Customer_0408,savings,Northeast,education,Coursera,-73.61,USD,2024-01-30T14:18:00,Coursera course enrollment — data engineering,False
TXN003654,Customer_0260,savings,West,healthcare,CVS Pharmacy,3712.92,USD,2023-06-10T03:59:00,Lab work order from CVS Pharmacy,False
TXN003655,Customer_0131,credit,Southeast,shopping,Best Buy,4428.4,USD,2024-04-09T22:56:00,Flash sale purchase at Best Buy,False
TXN003656,Customer_0028,savings,Southwest,rent,Sunset Apartments,250.12,USD,2023-12-02T15:58:00,Monthly rent payment to Sunset Apartments,False
TXN003657,Customer_0491,savings,Southwest,travel,Delta Airlines,1033.86,USD,2023-07-31T14:29:00,Flight to Chicago via Delta Airlines for annual conference,False
TXN003658,Customer_0393,credit,Southwest,travel,Uber,817.41,USD,2023-03-28T18:42:00,Car rental from Uber for client site visit,False
TXN003659,Customer_0348,credit,Midwest,rent,Metro Realty,1615.27,USD,2023-03-10T23:45:00,Lease renewal fee at Metro Realty,False
TXN003660,Customer_0153,savings,Midwest,entertainment,AMC Theaters,2957.37,USD,2023-11-26T04:15:00,In-app purchase on AMC Theaters platform,False
TXN003661,Customer_0156,checking,Southwest,groceries,Whole Foods,331.11,USD,2024-01-20T15:34:00,Quick stop at Whole Foods for produce and dairy,False
TXN003662,Customer_0241,savings,Southwest,entertainment,Steam,3544.65,USD,2023-12-21T01:07:00,Steam monthly subscription auto-renewal,False
TXN003663,Customer_0316,credit,Southeast,entertainment,Steam,4225.29,USD,2024-03-09T15:09:00,In-app purchase on Steam platform,False
TXN003664,Customer_0015,checking,Midwest,healthcare,CVS Pharmacy,581.15,USD,2023-03-20T14:30:00,Lab work order from CVS Pharmacy,False
TXN003665,Customer_0022,credit,Southeast,groceries,Kroger,1217.97,USD,2023-04-19T13:06:00,"Weekly grocery run at Kroger, stocked up on essentials",False
TXN003666,Customer_0411,credit,Northeast,entertainment,Netflix,2195.54,USD,2024-01-30T08:22:00,Movie tickets at Netflix — family outing,False
TXN003667,Customer_0258,credit,Southeast,travel,Airbnb,1302.17,USD,2023-05-09T17:48:00,Hotel stay at Airbnb during product summit,False
TXN003668,Customer_0217,savings,Southwest,insurance,Progressive,4317.83,USD,2024-06-04T02:22:00,Monthly Progressive auto insurance premium,False
TXN003669,Customer_0347,savings,Northeast,education,Coursera,1466.33,USD,2024-03-07T13:35:00,Coursera annual learning subscription,False
TXN003670,Customer_0123,savings,Midwest,entertainment,Netflix,1081.61,USD,2024-02-22T20:00:00,Movie tickets at Netflix — family outing,False
TXN003671,Customer_0465,checking,Southeast,healthcare,LabCorp,3131.73,USD,2023-08-01T18:21:00,Prescription refill at LabCorp,False
TXN003672,Customer_0039,credit,Southeast,utilities,Comcast Xfinity,1177.29,USD,2024-01-18T12:38:00,Monthly Comcast Xfinity internet and cable bill,False
TXN003673,Customer_0220,credit,West,rent,Urban Living Co,4269.83,USD,2023-11-16T17:53:00,Monthly rent payment to Urban Living Co,False
TXN003674,Customer_0293,credit,Southwest,shopping,Zara,2492.74,USD,2024-02-23T23:12:00,In-store purchase at Zara — seasonal wardrobe,False
TXN003675,Customer_0027,savings,Southeast,shopping,Target,1567.03,USD,2024-02-03T18:56:00,Online order from Target — home office equipment,False
TXN003676,Customer_0217,savings,Southeast,travel,Marriott Hotels,3662.6,USD,2023-08-29T00:07:00,Hotel stay at Marriott Hotels during product summit,False
TXN003677,Customer_0057,savings,West,entertainment,Steam,4125.63,USD,2023-07-28T03:48:00,Movie tickets at Steam — family outing,False
TXN003678,Customer_0334,checking,Southwest,rent,First Place Rentals,1100.51,USD,2024-01-07T21:22:00,Security deposit — First Place Rentals,False
TXN003679,Customer_0007,savings,Southeast,shopping,Amazon,3547.59,USD,2023-12-23T13:30:00,In-store purchase at Amazon — seasonal wardrobe,False
TXN003680,Customer_0149,checking,Southwest,healthcare,Blue Cross Premium,1684.84,USD,2024-06-17T09:51:00,Annual physical copay at Blue Cross Premium,False
TXN003681,Customer_0082,savings,Southeast,entertainment,Netflix,163.83,USD,2023-01-19T06:48:00,Movie tickets at Netflix — family outing,False
TXN003682,Customer_0196,checking,Midwest,insurance,State Farm,2002.98,USD,2023-05-11T21:46:00,Life insurance premium payment to State Farm,False
TXN003683,Customer_0386,checking,Northeast,healthcare,Blue Cross Premium,526.13,USD,2023-09-06T17:00:00,Prescription refill at Blue Cross Premium,False
TXN003684,Customer_0495,checking,Northeast,shopping,Zara,2277.56,USD,2023-12-09T06:58:00,In-store purchase at Zara — seasonal wardrobe,False
TXN003685,Customer_0391,checking,West,dining,Chipotle,2953.1,USD,2024-05-11T19:01:00,"Lunch with the team at Chipotle, celebrated Q3 results",False
TXN003686,Customer_0334,credit,Southwest,utilities,National Grid,1735.3,USD,2023-11-08T15:11:00,National Grid electricity bill for the apartment,False
TXN003687,Customer_0264,savings,Midwest,utilities,Comcast Xfinity,4282.7,USD,2023-01-11T06:12:00,Comcast Xfinity electricity bill for the apartment,False
TXN003688,Customer_0308,savings,Northeast,education,Barnes & Noble,3228.48,USD,2023-08-19T15:23:00,Barnes & Noble course enrollment — data engineering,False
TXN003689,Customer_0379,savings,Southeast,utilities,AT&T,907.91,USD,2024-04-03T22:21:00,AT&T wireless plan — family plan renewal,False
TXN003690,Customer_0425,credit,Southeast,dining,Olive Garden,1543.65,USD,2023-02-25T11:25:00,Morning coffee and pastry at Olive Garden,False
TXN003691,Customer_0440,savings,Midwest,insurance,Geico,3554.64,USD,2023-06-05T09:54:00,Geico renters insurance quarterly payment,False
TXN003692,Customer_0410,credit,Southwest,entertainment,Apple iTunes,329.76,USD,2024-06-01T07:32:00,Movie tickets at Apple iTunes — family outing,False
TXN003693,Customer_0301,savings,West,travel,Delta Airlines,336.9,USD,2024-05-23T13:17:00,Car rental from Delta Airlines for client site visit,False
TXN003694,Customer_0226,savings,Midwest,utilities,National Grid,386.62,USD,2023-05-21T16:57:00,National Grid wireless plan — family plan renewal,False
TXN003695,Customer_0337,savings,Southwest,travel,Airbnb,3779.37,USD,2023-01-25T04:36:00,Flight to Chicago via Airbnb for annual conference,False
TXN003696,Customer_0417,savings,Midwest,entertainment,Apple iTunes,857.75,USD,2024-04-14T15:53:00,In-app purchase on Apple iTunes platform,False
TXN003697,Customer_0278,credit,West,shopping,IKEA,3249.62,USD,2023-12-18T20:21:00,Online order from IKEA — home office equipment,True
TXN003698,Customer_0369,savings,West,groceries,Aldi,3139.99,USD,2024-06-11T06:09:00,"Weekly grocery run at Aldi, stocked up on essentials",False
TXN003699,Customer_0008,checking,Southwest,rent,Metro Realty,3405.98,USD,2023-10-19T02:09:00,Lease renewal fee at Metro Realty,False
TXN003700,Customer_0344,checking,West,groceries,Kroger,481.81,USD,2023-02-05T22:33:00,Quick stop at Kroger for produce and dairy,False
TXN003701,Customer_0463,checking,Southeast,groceries,Kroger,8.22,USD,2023-04-13T02:10:00,"Weekly grocery run at Kroger, stocked up on essentials",True
TXN003702,Customer_0113,savings,Southeast,rent,First Place Rentals,1785.1,USD,2023-01-18T06:41:00,Security deposit — First Place Rentals,False
TXN003703,Customer_0186,savings,West,entertainment,AMC Theaters,1010.93,USD,2023-01-01T14:40:00,Movie tickets at AMC Theaters — family outing,False
TXN003704,Customer_0413,savings,Southeast,groceries,Walmart Grocery,2968.79,USD,2024-02-22T15:30:00,Quick stop at Walmart Grocery for produce and dairy,False
TXN003705,Customer_0201,savings,Southwest,entertainment,Steam,909.51,USD,2023-01-06T18:47:00,In-app purchase on Steam platform,False
TXN003706,Customer_0496,checking,Northeast,entertainment,Steam,2943.84,USD,2023-12-29T16:32:00,Movie tickets at Steam — family outing,False
TXN003707,Customer_0070,credit,Southeast,dining,Chipotle,1490.67,USD,2024-03-08T13:08:00,"Lunch with the team at Chipotle, celebrated Q3 results",False
TXN003708,Customer_0265,checking,Midwest,education,Barnes & Noble,3090.46,USD,2023-01-15T02:49:00,Barnes & Noble course enrollment — data engineering,False
TXN003709,Customer_0007,checking,Northeast,dining,The Cheesecake Factory,3544.64,USD,2023-03-14T18:42:00,Morning coffee and pastry at The Cheesecake Factory,False
TXN003710,Customer_0132,savings,West,groceries,Kroger,2338.14,USD,2023-08-26T20:19:00,"Weekly grocery run at Kroger, stocked up on essentials",False
TXN003711,Customer_0294,credit,Northeast,entertainment,Spotify,3390.8,USD,2023-10-10T03:13:00,In-app purchase on Spotify platform,False
TXN003712,Customer_0113,checking,Northeast,insurance,Progressive,1703.94,USD,2023-07-25T00:22:00,Life insurance premium payment to Progressive,False
TXN003713,Customer_0323,checking,Northeast,insurance,Progressive,3569.31,USD,2023-03-30T18:41:00,Life insurance premium payment to Progressive,False
TXN003714,Customer_0339,credit,Midwest,healthcare,Urgent Care Now,-150.43,USD,2023-03-06T05:20:00,Annual physical copay at Urgent Care Now,False
TXN003715,Customer_0390,checking,Southeast,rent,First Place Rentals,-343.2,USD,2024-04-03T21:26:00,Lease renewal fee at First Place Rentals,False
TXN003716,Customer_0085,credit,Southwest,shopping,IKEA,4471.88,USD,2023-11-24T02:57:00,Online order from IKEA — home office equipment,False
TXN003717,Customer_0499,savings,Southwest,entertainment,Netflix,959.97,USD,2023-08-12T17:29:00,Movie tickets at Netflix — family outing,False
TXN003718,Customer_0123,checking,Southwest,utilities,AT&T,454.14,USD,2023-07-29T20:39:00,AT&T wireless plan — family plan renewal,False
TXN003719,Customer_0262,checking,Northeast,education,Coursera,1734.8,USD,2024-04-28T03:22:00,Coursera course enrollment — data engineering,False
TXN003720,Customer_0423,checking,Northeast,insurance,Geico,1469.04,USD,2024-04-26T16:26:00,Life insurance premium payment to Geico,False
TXN003721,Customer_0304,checking,Southwest,education,Chegg,3790.76,USD,2023-05-19T01:55:00,Textbook purchase at Chegg for continuing ed,False
TXN003722,Customer_0018,savings,Southwest,travel,Hertz,1441.56,USD,2023-07-10T07:43:00,Hotel stay at Hertz during product summit,False
TXN003723,Customer_0247,checking,Southwest,utilities,National Grid,1704.43,USD,2023-06-23T08:48:00,Monthly National Grid internet and cable bill,False
TXN003724,Customer_0033,checking,West,travel,Airbnb,1540.51,USD,2023-10-16T18:53:00,Hotel stay at Airbnb during product summit,False
TXN003725,Customer_0118,savings,Midwest,entertainment,AMC Theaters,3126.26,USD,2023-07-01T11:28:00,AMC Theaters monthly subscription auto-renewal,False
TXN003726,Customer_0072,credit,West,entertainment,Apple iTunes,662.24,USD,2023-02-19T22:07:00,Movie tickets at Apple iTunes — family outing,False
TXN003727,Customer_0222,savings,Southeast,healthcare,CVS Pharmacy,3686.11,USD,2023-08-26T17:55:00,Prescription refill at CVS Pharmacy,False
TXN003728,Customer_0019,credit,Midwest,healthcare,Blue Cross Premium,1294.39,USD,2023-03-03T21:26:00,Annual physical copay at Blue Cross Premium,False
TXN003729,Customer_0108,checking,Southwest,insurance,Geico,2452.96,USD,2023-08-17T08:27:00,Life insurance premium payment to Geico,False
TXN003730,Customer_0027,checking,Midwest,groceries,Trader Joe's,1443.57,USD,2023-12-19T12:12:00,Quick stop at Trader Joe's for produce and dairy,False
TXN003731,Customer_0498,savings,Southeast,utilities,Verizon,682.53,USD,2023-10-13T10:28:00,Verizon wireless plan — family plan renewal,False
TXN003732,Customer_0481,credit,Southeast,dining,The Cheesecake Factory,3252.49,USD,2024-02-17T06:34:00,"Client dinner at The Cheesecake Factory, discussed Q4 roadmap",False
TXN003733,Customer_0465,checking,West,utilities,Comcast Xfinity,4479.19,USD,2023-04-01T12:07:00,Comcast Xfinity electricity bill for the apartment,False
TXN003734,Customer_0324,savings,Southwest,shopping,Target,4183.88,USD,2024-04-18T23:16:00,Flash sale purchase at Target,False
TXN003735,Customer_0285,savings,Midwest,travel,Marriott Hotels,2114.92,USD,2024-04-25T17:48:00,Car rental from Marriott Hotels for client site visit,False
TXN003736,Customer_0097,checking,Southwest,travel,Airbnb,436.44,USD,2023-06-08T05:46:00,Car rental from Airbnb for client site visit,False
TXN003737,Customer_0360,checking,Southeast,entertainment,Netflix,4333.74,USD,2024-06-06T22:00:00,Movie tickets at Netflix — family outing,False
TXN003738,Customer_0445,credit,Northeast,shopping,Target,1086.74,USD,2024-05-28T11:17:00,In-store purchase at Target — seasonal wardrobe,False
TXN003739,Customer_0460,credit,Southeast,entertainment,Netflix,2760.06,USD,2023-03-29T08:49:00,Movie tickets at Netflix — family outing,True
TXN003740,Customer_0469,checking,Southwest,utilities,ConEdison,1014.84,USD,2023-06-04T13:30:00,ConEdison electricity bill for the apartment,False
TXN003741,Customer_0417,credit,West,entertainment,Apple iTunes,1391.04,USD,2024-01-04T14:06:00,Apple iTunes monthly subscription auto-renewal,False
TXN003742,Customer_0100,checking,Midwest,insurance,USAA,1967.9,USD,2023-03-03T16:26:00,Life insurance premium payment to USAA,False
TXN003743,Customer_0321,checking,Midwest,insurance,Allstate,1415.21,USD,2024-03-24T12:03:00,Life insurance premium payment to Allstate,False
TXN003744,Customer_0436,savings,Southwest,insurance,USAA,953.0,USD,2024-03-25T05:33:00,Monthly USAA auto insurance premium,False
TXN003745,Customer_0202,checking,Northeast,entertainment,Steam,4198.42,USD,2024-02-11T06:15:00,In-app purchase on Steam platform,True
TXN003746,Customer_0382,savings,Southeast,insurance,Progressive,193.25,USD,2024-06-10T00:15:00,Progressive renters insurance quarterly payment,False
TXN003747,Customer_0146,credit,West,shopping,Best Buy,225.71,USD,2023-10-16T18:05:00,Flash sale purchase at Best Buy,False
TXN003748,Customer_0440,credit,Northeast,shopping,Target,3840.28,USD,2023-08-23T03:03:00,In-store purchase at Target — seasonal wardrobe,False
TXN003749,Customer_0092,checking,Southwest,dining,Panera Bread,1060.73,USD,2023-10-08T11:53:00,"Client dinner at Panera Bread, discussed Q4 roadmap",False
TXN003750,Customer_0316,savings,Southeast,dining,The Cheesecake Factory,2402.73,USD,2023-06-16T18:22:00,"Lunch with the team at The Cheesecake Factory, celebrated Q3 results",False
TXN003751,Customer_0019,savings,West,dining,Chipotle,1408.33,USD,2023-02-14T23:42:00,Morning coffee and pastry at Chipotle,False
TXN003752,Customer_0327,checking,West,travel,Airbnb,1336.39,USD,2023-09-26T19:42:00,Flight to Chicago via Airbnb for annual conference,False
TXN003753,Customer_0457,checking,Midwest,insurance,USAA,4091.02,USD,2023-10-12T02:01:00,Monthly USAA auto insurance premium,False
TXN003754,Customer_0448,checking,Southeast,education,Barnes & Noble,1299.07,USD,2023-03-19T13:22:00,Barnes & Noble annual learning subscription,False
TXN003755,Customer_0293,checking,Midwest,travel,Uber,4036.61,USD,2023-09-30T23:16:00,Flight to Chicago via Uber for annual conference,False
TXN003756,Customer_0008,credit,West,groceries,Kroger,3602.14,USD,2023-06-25T19:33:00,"Weekly grocery run at Kroger, stocked up on essentials",False
TXN003757,Customer_0328,credit,Northeast,travel,Marriott Hotels,2966.21,USD,2024-03-11T13:28:00,Car rental from Marriott Hotels for client site visit,False
TXN003758,Customer_0398,checking,West,insurance,Progressive,4185.76,USD,2023-03-24T08:29:00,Monthly Progressive auto insurance premium,False
TXN003759,Customer_0289,credit,Southeast,healthcare,LabCorp,3311.26,USD,2023-10-27T18:11:00,Annual physical copay at LabCorp,False
TXN003760,Customer_0403,credit,Southeast,travel,Hertz,4052.6,USD,2023-02-18T16:37:00,Car rental from Hertz for client site visit,False
TXN003761,Customer_0281,checking,Northeast,healthcare,Walgreens,3802.12,USD,2023-06-11T13:38:00,Prescription refill at Walgreens,False
TXN003762,Customer_0117,credit,Southeast,healthcare,CVS Pharmacy,3417.8,USD,2023-10-13T23:58:00,Annual physical copay at CVS Pharmacy,False
TXN003763,Customer_0494,credit,Southeast,utilities,Verizon,1077.55,USD,2024-01-10T01:47:00,Verizon electricity bill for the apartment,False
TXN003764,Customer_0499,checking,Southwest,education,MIT OpenCourseWare,1791.46,USD,2023-08-24T16:18:00,MIT OpenCourseWare annual learning subscription,False
TXN003765,Customer_0306,credit,Southwest,utilities,National Grid,1771.47,USD,2023-09-30T04:53:00,National Grid wireless plan — family plan renewal,False
TXN003766,Customer_0268,savings,Midwest,healthcare,Urgent Care Now,863.89,USD,2023-04-09T09:35:00,Prescription refill at Urgent Care Now,False
TXN003767,Customer_0416,checking,Midwest,utilities,Comcast Xfinity,2921.58,USD,2023-02-28T08:59:00,Comcast Xfinity wireless plan — family plan renewal,False
TXN003768,Customer_0061,credit,Southeast,education,Coursera,2632.56,USD,2023-08-05T14:31:00,Textbook purchase at Coursera for continuing ed,False
TXN003769,Customer_0241,credit,Southeast,groceries,Aldi,2177.44,USD,2023-04-20T22:04:00,"Weekly grocery run at Aldi, stocked up on essentials",False
TXN003770,Customer_0132,savings,West,education,MIT OpenCourseWare,49.44,USD,2024-06-24T21:56:00,MIT OpenCourseWare annual learning subscription,False
TXN003771,Customer_0387,checking,West,entertainment,Apple iTunes,1486.34,USD,2023-10-28T08:38:00,In-app purchase on Apple iTunes platform,False
TXN003772,Customer_0374,checking,Midwest,shopping,Amazon,612.28,USD,2024-04-26T08:06:00,In-store purchase at Amazon — seasonal wardrobe,False
TXN003773,Customer_0305,checking,Southwest,insurance,Geico,12.07,USD,2023-06-07T11:53:00,Life insurance premium payment to Geico,False
TXN003774,Customer_0298,checking,Midwest,insurance,USAA,1272.77,USD,2023-04-30T12:01:00,Life insurance premium payment to USAA,False
TXN003775,Customer_0354,savings,West,rent,Metro Realty,4384.36,USD,2023-10-24T17:59:00,Security deposit — Metro Realty,False
TXN003776,Customer_0236,savings,Southeast,dining,Panera Bread,1804.72,USD,2023-09-25T20:35:00,"Lunch with the team at Panera Bread, celebrated Q3 results",False
TXN003777,Customer_0313,credit,Southeast,healthcare,Walgreens,1737.7,USD,2023-08-14T00:13:00,Annual physical copay at Walgreens,False
TXN003778,Customer_0452,savings,Northeast,healthcare,Walgreens,1653.29,USD,2024-06-18T20:34:00,Lab work order from Walgreens,False
TXN003779,Customer_0451,checking,Midwest,utilities,Comcast Xfinity,3627.05,USD,2023-01-31T02:05:00,Comcast Xfinity wireless plan — family plan renewal,False
TXN003780,Customer_0140,credit,West,rent,Sunset Apartments,1374.09,USD,2023-07-26T21:55:00,Lease renewal fee at Sunset Apartments,False
TXN003781,Customer_0021,credit,West,education,Coursera,3425.03,USD,2024-04-14T17:04:00,Textbook purchase at Coursera for continuing ed,False
TXN003782,Customer_0120,credit,West,healthcare,Blue Cross Premium,2589.46,USD,2023-04-07T01:42:00,Annual physical copay at Blue Cross Premium,False
TXN003783,Customer_0206,credit,Southwest,entertainment,Netflix,2118.29,USD,2023-04-09T01:33:00,In-app purchase on Netflix platform,False
TXN003784,Customer_0453,savings,West,groceries,Walmart Grocery,3177.4,USD,2023-10-12T06:02:00,"Weekly grocery run at Walmart Grocery, stocked up on essentials",False
TXN003785,Customer_0234,credit,West,travel,Delta Airlines,2265.36,USD,2023-03-11T21:46:00,Car rental from Delta Airlines for client site visit,False
TXN003786,Customer_0093,checking,West,rent,First Place Rentals,1745.49,USD,2023-09-11T09:48:00,Monthly rent payment to First Place Rentals,False
TXN003787,Customer_0285,credit,West,groceries,Walmart Grocery,3866.26,USD,2024-04-05T03:09:00,"Monthly bulk purchase at Walmart Grocery, household supplies",False
TXN003788,Customer_0074,credit,Northeast,education,Udemy,3744.46,USD,2023-06-20T15:48:00,Udemy annual learning subscription,False
TXN003789,Customer_0296,credit,Southwest,insurance,USAA,4103.52,USD,2023-03-07T19:56:00,USAA renters insurance quarterly payment,False
TXN003790,Customer_0287,savings,Midwest,insurance,Progressive,3237.1,USD,2023-07-17T14:45:00,Monthly Progressive auto insurance premium,False
TXN003791,Customer_0272,savings,Midwest,entertainment,Spotify,4046.91,USD,2024-02-18T15:01:00,In-app purchase on Spotify platform,False
TXN003792,Customer_0364,checking,Midwest,dining,Panera Bread,3756.57,USD,2023-11-09T00:00:00,Morning coffee and pastry at Panera Bread,False
TXN003793,Customer_0442,checking,Northeast,entertainment,Netflix,-123.03,USD,2024-03-08T09:49:00,In-app purchase on Netflix platform,False
TXN003794,Customer_0083,checking,Southwest,rent,Sunset Apartments,2631.48,USD,2024-05-30T21:57:00,Monthly rent payment to Sunset Apartments,False
TXN003795,Customer_0133,credit,West,entertainment,Spotify,4158.07,USD,2023-06-02T11:07:00,In-app purchase on Spotify platform,False
TXN003796,Customer_0324,savings,Midwest,rent,Sunset Apartments,881.1,USD,2024-04-01T23:23:00,Lease renewal fee at Sunset Apartments,False
TXN003797,Customer_0373,checking,West,education,Barnes & Noble,4402.79,USD,2023-03-10T01:53:00,Barnes & Noble annual learning subscription,False
TXN003798,Customer_0366,credit,Northeast,utilities,Verizon,3132.88,USD,2024-03-16T22:51:00,Verizon wireless plan — family plan renewal,False
TXN003799,Customer_0394,credit,Northeast,dining,Olive Garden,881.7,USD,2024-05-01T09:59:00,"Client dinner at Olive Garden, discussed Q4 roadmap",False
TXN003800,Customer_0194,checking,Northeast,groceries,Walmart Grocery,4333.74,USD,2023-10-28T03:12:00,"Weekly grocery run at Walmart Grocery, stocked up on essentials",False
TXN003801,Customer_0398,checking,West,shopping,IKEA,2094.49,USD,2023-04-24T04:56:00,In-store purchase at IKEA — seasonal wardrobe,False
TXN003802,Customer_0167,checking,West,education,Coursera,1937.74,USD,2023-10-30T05:44:00,Textbook purchase at Coursera for continuing ed,False
TXN003803,Customer_0281,credit,Northeast,rent,First Place Rentals,3095.56,USD,2024-05-13T23:26:00,Monthly rent payment to First Place Rentals,False
TXN003804,Customer_0160,checking,Northeast,travel,Marriott Hotels,160.73,USD,2024-02-10T20:14:00,Hotel stay at Marriott Hotels during product summit,False
TXN003805,Customer_0248,checking,Midwest,healthcare,Urgent Care Now,4480.27,USD,2024-03-04T01:52:00,Annual physical copay at Urgent Care Now,False
TXN003806,Customer_0318,checking,West,education,Barnes & Noble,-106.06,USD,2023-04-21T10:45:00,Barnes & Noble course enrollment — data engineering,False
TXN003807,Customer_0034,checking,Midwest,healthcare,CVS Pharmacy,3660.07,USD,2023-01-31T22:39:00,Lab work order from CVS Pharmacy,False
TXN003808,Customer_0395,credit,Northeast,education,Udemy,3893.79,USD,2024-03-18T12:28:00,Udemy course enrollment — data engineering,False
TXN003809,Customer_0326,checking,Midwest,healthcare,LabCorp,24.12,USD,2023-06-10T20:41:00,Lab work order from LabCorp,False
TXN003810,Customer_0086,credit,West,shopping,Zara,999.54,USD,2023-03-17T14:35:00,In-store purchase at Zara — seasonal wardrobe,False
TXN003811,Customer_0017,savings,West,healthcare,Urgent Care Now,1082.72,USD,2023-08-18T05:07:00,Prescription refill at Urgent Care Now,False
TXN003812,Customer_0171,savings,Southeast,education,Barnes & Noble,2522.61,USD,2024-02-23T03:20:00,Barnes & Noble annual learning subscription,False
TXN003813,Customer_0255,checking,Midwest,education,Coursera,1568.27,USD,2023-06-10T19:23:00,Coursera annual learning subscription,False
TXN003814,Customer_0048,checking,Southeast,shopping,Zara,4003.23,USD,2023-12-18T21:37:00,In-store purchase at Zara — seasonal wardrobe,False
TXN003815,Customer_0163,credit,West,insurance,USAA,2952.82,USD,2023-06-04T12:15:00,USAA renters insurance quarterly payment,False
TXN003816,Customer_0178,checking,Midwest,groceries,Whole Foods,2918.47,USD,2023-03-31T15:51:00,Quick stop at Whole Foods for produce and dairy,False
TXN003817,Customer_0300,checking,West,rent,Sunset Apartments,4284.79,USD,2024-06-17T08:37:00,Lease renewal fee at Sunset Apartments,False
TXN003818,Customer_0445,savings,Midwest,dining,Starbucks,3612.76,USD,2024-06-26T20:01:00,"Client dinner at Starbucks, discussed Q4 roadmap",False
TXN003819,Customer_0481,savings,West,rent,Sunset Apartments,3096.29,USD,2023-04-02T12:17:00,Security deposit — Sunset Apartments,False
TXN003820,Customer_0221,savings,Southeast,dining,The Cheesecake Factory,4223.6,USD,2023-06-04T04:08:00,"Lunch with the team at The Cheesecake Factory, celebrated Q3 results",False
TXN003821,Customer_0002,checking,Midwest,entertainment,Steam,3337.87,USD,2024-06-24T22:06:00,Steam monthly subscription auto-renewal,False
TXN003822,Customer_0397,credit,Southwest,education,Coursera,2514.87,USD,2023-09-15T07:28:00,Coursera annual learning subscription,False
TXN003823,Customer_0373,credit,Northeast,entertainment,Apple iTunes,3440.57,USD,2023-05-20T12:32:00,Movie tickets at Apple iTunes — family outing,False
TXN003824,Customer_0010,savings,Southwest,rent,Urban Living Co,3276.59,USD,2023-01-13T10:54:00,Monthly rent payment to Urban Living Co,False
TXN003825,Customer_0365,checking,Midwest,insurance,Geico,-112.23,USD,2023-02-04T17:53:00,Life insurance premium payment to Geico,False
TXN003826,Customer_0175,credit,Southwest,groceries,Walmart Grocery,4414.27,USD,2024-03-18T18:37:00,Quick stop at Walmart Grocery for produce and dairy,False
TXN003827,Customer_0360,savings,Southwest,travel,Delta Airlines,4498.43,USD,2023-11-07T13:01:00,Flight to Chicago via Delta Airlines for annual conference,False
TXN003828,Customer_0425,savings,Midwest,dining,Starbucks,4076.2,USD,2023-05-28T16:07:00,"Client dinner at Starbucks, discussed Q4 roadmap",False
TXN003829,Customer_0082,checking,West,healthcare,Urgent Care Now,3888.46,USD,2023-10-01T19:32:00,Lab work order from Urgent Care Now,False
TXN003830,Customer_0434,checking,West,entertainment,Apple iTunes,3261.09,USD,2023-01-05T18:09:00,Movie tickets at Apple iTunes — family outing,True
TXN003831,Customer_0190,savings,Midwest,utilities,AT&T,3796.21,USD,2024-05-22T22:57:00,AT&T wireless plan — family plan renewal,False
TXN003832,Customer_0263,credit,Northeast,shopping,IKEA,2211.9,USD,2023-08-05T00:18:00,In-store purchase at IKEA — seasonal wardrobe,False
TXN003833,Customer_0292,credit,West,rent,Metro Realty,1367.91,USD,2023-10-25T20:06:00,Monthly rent payment to Metro Realty,False
TXN003834,Customer_0362,credit,Midwest,healthcare,CVS Pharmacy,1738.36,USD,2023-07-14T04:49:00,Lab work order from CVS Pharmacy,False
TXN003835,Customer_0458,credit,Southwest,utilities,AT&T,4482.81,USD,2024-05-15T12:16:00,AT&T electricity bill for the apartment,False
TXN003836,Customer_0292,savings,Midwest,travel,Airbnb,4017.24,USD,2024-05-16T08:20:00,Flight to Chicago via Airbnb for annual conference,False
TXN003837,Customer_0259,checking,Southwest,dining,Olive Garden,64.88,USD,2023-09-09T09:56:00,Morning coffee and pastry at Olive Garden,False
TXN003838,Customer_0143,checking,West,insurance,State Farm,1224.47,USD,2024-06-11T16:22:00,State Farm renters insurance quarterly payment,False
TXN003839,Customer_0197,savings,West,insurance,Geico,778.07,USD,2023-07-20T05:23:00,Life insurance premium payment to Geico,False
TXN003840,Customer_0084,checking,Southeast,rent,Sunset Apartments,4283.67,USD,2024-02-29T17:15:00,Monthly rent payment to Sunset Apartments,False
TXN003841,Customer_0273,checking,Southwest,travel,Airbnb,1041.98,USD,2023-12-19T10:40:00,Hotel stay at Airbnb during product summit,False
TXN003842,Customer_0421,checking,Southwest,insurance,Geico,4073.36,USD,2023-01-19T02:55:00,Monthly Geico auto insurance premium,False
TXN003843,Customer_0445,checking,Southeast,dining,Chipotle,589.1,USD,2024-01-31T21:48:00,"Client dinner at Chipotle, discussed Q4 roadmap",False
TXN003844,Customer_0143,checking,Midwest,entertainment,Steam,3497.37,USD,2023-09-10T19:04:00,Steam monthly subscription auto-renewal,False
TXN003845,Customer_0271,savings,West,utilities,Comcast Xfinity,3313.12,USD,2024-04-24T18:40:00,Monthly Comcast Xfinity internet and cable bill,False
TXN003846,Customer_0241,savings,Southeast,shopping,IKEA,2191.15,USD,2023-02-22T22:59:00,Flash sale purchase at IKEA,False
TXN003847,Customer_0127,credit,West,groceries,Walmart Grocery,2483.11,USD,2023-06-27T12:01:00,"Weekly grocery run at Walmart Grocery, stocked up on essentials",False
TXN003848,Customer_0386,savings,Southeast,insurance,Allstate,3203.51,USD,2023-07-12T23:59:00,Allstate renters insurance quarterly payment,False
TXN003849,Customer_0067,checking,Midwest,travel,Uber,2663.67,USD,2023-05-12T11:56:00,Flight to Chicago via Uber for annual conference,False
TXN003850,Customer_0229,credit,Midwest,education,Chegg,2054.67,USD,2023-02-19T05:06:00,Chegg course enrollment — data engineering,False
TXN003851,Customer_0474,savings,Southwest,insurance,USAA,844.22,USD,2023-11-13T13:02:00,USAA renters insurance quarterly payment,False
TXN003852,Customer_0365,credit,West,shopping,Target,1040.17,USD,2024-06-01T09:11:00,Flash sale purchase at Target,False
TXN003853,Customer_0355,credit,Southwest,groceries,Walmart Grocery,1493.86,USD,2023-09-10T11:42:00,Quick stop at Walmart Grocery for produce and dairy,False
TXN003854,Customer_0360,credit,Southeast,rent,Metro Realty,-194.74,USD,2023-07-01T16:21:00,Security deposit — Metro Realty,False
TXN003855,Customer_0215,credit,West,groceries,Trader Joe's,1400.64,USD,2023-10-24T13:47:00,Quick stop at Trader Joe's for produce and dairy,False
TXN003856,Customer_0390,credit,Southwest,education,Barnes & Noble,3570.01,USD,2024-03-20T06:45:00,Barnes & Noble annual learning subscription,False
TXN003857,Customer_0400,credit,Midwest,dining,Starbucks,1468.43,USD,2023-05-19T22:04:00,Morning coffee and pastry at Starbucks,False
TXN003858,Customer_0324,savings,Northeast,insurance,Progressive,1974.83,USD,2023-03-31T19:17:00,Life insurance premium payment to Progressive,False
TXN003859,Customer_0101,credit,Southwest,education,Chegg,1904.23,USD,2024-01-24T11:18:00,Chegg annual learning subscription,False
TXN003860,Customer_0363,savings,Southwest,rent,First Place Rentals,3056.95,USD,2023-06-07T04:01:00,Security deposit — First Place Rentals,False
TXN003861,Customer_0259,savings,West,dining,Chipotle,442.89,USD,2023-03-01T12:11:00,"Lunch with the team at Chipotle, celebrated Q3 results",False
TXN003862,Customer_0444,credit,Northeast,healthcare,Blue Cross Premium,2639.85,USD,2024-02-12T14:06:00,Annual physical copay at Blue Cross Premium,False
TXN003863,Customer_0482,savings,Southwest,groceries,Aldi,12.03,USD,2024-05-10T05:17:00,"Weekly grocery run at Aldi, stocked up on essentials",False
TXN003864,Customer_0500,credit,Southwest,travel,Airbnb,4049.63,USD,2024-02-08T13:22:00,Car rental from Airbnb for client site visit,False
TXN003865,Customer_0023,savings,Northeast,travel,Hertz,3673.42,USD,2024-04-12T03:37:00,Hotel stay at Hertz during product summit,False
TXN003866,Customer_0132,checking,Southeast,healthcare,CVS Pharmacy,2938.14,USD,2023-12-02T07:27:00,Prescription refill at CVS Pharmacy,False
TXN003867,Customer_0370,checking,West,education,Chegg,2002.03,USD,2023-12-09T17:54:00,Textbook purchase at Chegg for continuing ed,False
TXN003868,Customer_0332,credit,West,groceries,Trader Joe's,317.85,USD,2023-04-05T08:00:00,"Monthly bulk purchase at Trader Joe's, household supplies",False
TXN003869,Customer_0445,credit,Northeast,education,Coursera,4030.0,USD,2024-02-27T02:42:00,Coursera annual learning subscription,False
TXN003870,Customer_0202,credit,West,rent,Apartment LLC,3791.45,USD,2024-05-24T21:17:00,Security deposit — Apartment LLC,False
TXN003871,Customer_0394,checking,Midwest,dining,Panera Bread,3379.39,USD,2024-02-04T13:32:00,"Lunch with the team at Panera Bread, celebrated Q3 results",False
TXN003872,Customer_0199,credit,Midwest,utilities,AT&T,695.61,USD,2023-05-28T11:20:00,Monthly AT&T internet and cable bill,False
TXN003873,Customer_0389,checking,Northeast,shopping,IKEA,-484.94,USD,2024-05-26T05:33:00,Online order from IKEA — home office equipment,False
TXN003874,Customer_0372,savings,Northeast,rent,Metro Realty,3785.91,USD,2023-07-07T21:24:00,Security deposit — Metro Realty,False
TXN003875,Customer_0122,checking,Southwest,rent,First Place Rentals,2954.89,USD,2024-02-09T05:55:00,Monthly rent payment to First Place Rentals,False
TXN003876,Customer_0298,checking,Southwest,education,MIT OpenCourseWare,3142.67,USD,2023-11-23T02:40:00,Textbook purchase at MIT OpenCourseWare for continuing ed,False
TXN003877,Customer_0103,savings,Southeast,healthcare,Blue Cross Premium,-327.71,USD,2023-05-01T01:22:00,Annual physical copay at Blue Cross Premium,False
TXN003878,Customer_0380,credit,Northeast,shopping,Best Buy,2006.77,USD,2023-11-04T16:06:00,Online order from Best Buy — home office equipment,False
TXN003879,Customer_0344,credit,Southeast,healthcare,Walgreens,3283.97,USD,2024-03-01T11:59:00,Lab work order from Walgreens,False
TXN003880,Customer_0226,savings,West,travel,Hertz,2615.45,USD,2023-03-04T10:23:00,Hotel stay at Hertz during product summit,False
TXN003881,Customer_0094,credit,Southwest,rent,First Place Rentals,3467.49,USD,2024-01-29T19:48:00,Lease renewal fee at First Place Rentals,False
TXN003882,Customer_0421,savings,Northeast,dining,The Cheesecake Factory,3168.6,USD,2023-02-20T21:08:00,"Client dinner at The Cheesecake Factory, discussed Q4 roadmap",False
TXN003883,Customer_0293,checking,West,utilities,AT&T,4412.84,USD,2023-09-26T13:01:00,Monthly AT&T internet and cable bill,False
TXN003884,Customer_0185,savings,West,utilities,National Grid,3800.16,USD,2023-03-27T22:08:00,National Grid wireless plan — family plan renewal,False
TXN003885,Customer_0192,checking,Southwest,dining,Olive Garden,781.65,USD,2023-12-28T13:48:00,"Client dinner at Olive Garden, discussed Q4 roadmap",False
TXN003886,Customer_0113,credit,Midwest,shopping,Best Buy,2513.1,USD,2024-01-06T04:44:00,In-store purchase at Best Buy — seasonal wardrobe,False
TXN003887,Customer_0224,checking,Northeast,insurance,Allstate,121.11,USD,2023-06-04T04:35:00,Life insurance premium payment to Allstate,False
TXN003888,Customer_0074,credit,West,travel,Hertz,3589.22,USD,2024-06-23T19:31:00,Flight to Chicago via Hertz for annual conference,False
TXN003889,Customer_0483,checking,West,utilities,ConEdison,2921.89,USD,2024-06-22T21:19:00,ConEdison wireless plan — family plan renewal,False
TXN003890,Customer_0018,savings,Southeast,education,MIT OpenCourseWare,1250.03,USD,2024-06-16T07:06:00,Textbook purchase at MIT OpenCourseWare for continuing ed,False
TXN003891,Customer_0479,credit,West,dining,Olive Garden,-275.43,USD,2023-11-20T12:47:00,"Client dinner at Olive Garden, discussed Q4 roadmap",False
TXN003892,Customer_0334,checking,Midwest,healthcare,CVS Pharmacy,3051.03,USD,2024-06-26T00:06:00,Lab work order from CVS Pharmacy,True
TXN003893,Customer_0134,savings,West,insurance,Allstate,2677.46,USD,2024-03-21T02:37:00,Allstate renters insurance quarterly payment,False
TXN003894,Customer_0403,credit,Midwest,insurance,USAA,1699.29,USD,2024-02-02T10:15:00,USAA renters insurance quarterly payment,False
TXN003895,Customer_0210,checking,Southeast,utilities,ConEdison,1994.87,USD,2024-05-06T18:57:00,ConEdison electricity bill for the apartment,False
TXN003896,Customer_0039,savings,Northeast,travel,Airbnb,2261.48,USD,2023-07-05T06:31:00,Flight to Chicago via Airbnb for annual conference,False
TXN003897,Customer_0166,checking,Northeast,insurance,Allstate,1300.91,USD,2023-10-24T00:20:00,Monthly Allstate auto insurance premium,False
TXN003898,Customer_0320,savings,Southwest,groceries,Walmart Grocery,591.89,USD,2024-03-13T05:38:00,Quick stop at Walmart Grocery for produce and dairy,False
TXN003899,Customer_0210,savings,Northeast,healthcare,Urgent Care Now,2031.78,USD,2024-06-29T23:59:00,Annual physical copay at Urgent Care Now,False
TXN003900,Customer_0249,credit,Southeast,dining,Olive Garden,423.64,USD,2024-02-03T13:23:00,Morning coffee and pastry at Olive Garden,False
TXN003901,Customer_0154,credit,Southwest,education,Barnes & Noble,1578.59,USD,2023-12-21T20:55:00,Barnes & Noble annual learning subscription,False
TXN003902,Customer_0130,savings,Midwest,dining,Starbucks,3600.05,USD,2024-02-04T02:58:00,"Lunch with the team at Starbucks, celebrated Q3 results",False
TXN003903,Customer_0245,savings,Midwest,rent,Metro Realty,1528.57,USD,2023-08-31T14:40:00,Monthly rent payment to Metro Realty,False
TXN003904,Customer_0190,savings,Northeast,travel,Marriott Hotels,1237.37,USD,2023-03-25T17:48:00,Car rental from Marriott Hotels for client site visit,False
TXN003905,Customer_0343,credit,Southeast,insurance,Allstate,1683.04,USD,2023-05-10T23:11:00,Allstate renters insurance quarterly payment,False
TXN003906,Customer_0379,checking,West,groceries,Whole Foods,-146.89,USD,2023-08-24T12:20:00,"Weekly grocery run at Whole Foods, stocked up on essentials",False
TXN003907,Customer_0115,savings,Midwest,entertainment,Netflix,3283.46,USD,2023-07-09T09:26:00,In-app purchase on Netflix platform,False
TXN003908,Customer_0481,checking,West,education,Coursera,852.06,USD,2023-12-11T07:12:00,Coursera course enrollment — data engineering,False
TXN003909,Customer_0465,credit,Southwest,utilities,ConEdison,4252.28,USD,2023-01-21T18:25:00,ConEdison wireless plan — family plan renewal,False
TXN003910,Customer_0207,checking,Southwest,travel,Hertz,3287.41,USD,2024-05-16T17:31:00,Flight to Chicago via Hertz for annual conference,False
TXN003911,Customer_0399,credit,West,healthcare,Blue Cross Premium,2934.12,USD,2023-07-14T14:54:00,Lab work order from Blue Cross Premium,False
TXN003912,Customer_0298,credit,Southwest,utilities,AT&T,4194.19,USD,2023-09-11T13:54:00,AT&T wireless plan — family plan renewal,False
TXN003913,Customer_0258,savings,Midwest,groceries,Aldi,2959.77,USD,2023-01-12T01:43:00,Quick stop at Aldi for produce and dairy,False
TXN003914,Customer_0308,savings,Southeast,entertainment,AMC Theaters,213.43,USD,2023-01-28T21:05:00,Movie tickets at AMC Theaters — family outing,True
TXN003915,Customer_0076,savings,Midwest,education,Barnes & Noble,3199.46,USD,2023-06-01T14:33:00,Barnes & Noble course enrollment — data engineering,False
TXN003916,Customer_0344,checking,Midwest,entertainment,Steam,75.57,USD,2024-03-11T15:07:00,Steam monthly subscription auto-renewal,False
TXN003917,Customer_0491,credit,West,education,MIT OpenCourseWare,2630.32,USD,2023-06-18T08:51:00,MIT OpenCourseWare course enrollment — data engineering,False
TXN003918,Customer_0434,credit,West,insurance,Geico,3957.32,USD,2023-02-05T16:42:00,Life insurance premium payment to Geico,False
TXN003919,Customer_0354,credit,Northeast,groceries,Kroger,3204.72,USD,2024-01-09T06:47:00,Quick stop at Kroger for produce and dairy,False
TXN003920,Customer_0318,savings,Northeast,rent,Sunset Apartments,1971.02,USD,2024-04-09T23:44:00,Monthly rent payment to Sunset Apartments,False
TXN003921,Customer_0213,savings,Southeast,healthcare,CVS Pharmacy,3834.99,USD,2023-03-08T04:34:00,Prescription refill at CVS Pharmacy,False
TXN003922,Customer_0424,checking,West,shopping,Zara,2489.79,USD,2024-06-17T10:14:00,Online order from Zara — home office equipment,False
TXN003923,Customer_0294,checking,Midwest,insurance,State Farm,1303.09,USD,2023-03-28T07:30:00,Monthly State Farm auto insurance premium,False
TXN003924,Customer_0425,credit,Midwest,utilities,AT&T,3099.76,USD,2024-06-27T06:02:00,AT&T electricity bill for the apartment,False
TXN003925,Customer_0478,credit,Northeast,entertainment,Apple iTunes,4400.11,USD,2024-03-09T14:10:00,Apple iTunes monthly subscription auto-renewal,False
TXN003926,Customer_0247,savings,Midwest,shopping,IKEA,-202.55,USD,2023-12-31T14:50:00,In-store purchase at IKEA — seasonal wardrobe,False
TXN003927,Customer_0382,credit,West,healthcare,LabCorp,3649.92,USD,2024-05-07T21:08:00,Prescription refill at LabCorp,False
TXN003928,Customer_0412,credit,Southwest,groceries,Walmart Grocery,808.87,USD,2024-05-29T17:04:00,"Weekly grocery run at Walmart Grocery, stocked up on essentials",True
TXN003929,Customer_0176,savings,Southwest,insurance,Progressive,2381.05,USD,2023-10-26T11:50:00,Progressive renters insurance quarterly payment,False
TXN003930,Customer_0059,checking,Midwest,travel,Delta Airlines,100.65,USD,2023-03-29T11:03:00,Car rental from Delta Airlines for client site visit,False
TXN003931,Customer_0268,credit,Northeast,entertainment,Apple iTunes,530.66,USD,2024-03-14T21:52:00,Apple iTunes monthly subscription auto-renewal,False
TXN003932,Customer_0119,credit,Midwest,healthcare,LabCorp,1723.92,USD,2023-01-18T22:17:00,Lab work order from LabCorp,False
TXN003933,Customer_0172,credit,Midwest,healthcare,CVS Pharmacy,191.23,USD,2023-02-04T20:35:00,Prescription refill at CVS Pharmacy,False
TXN003934,Customer_0319,credit,Northeast,travel,Airbnb,1830.59,USD,2024-01-29T09:38:00,Flight to Chicago via Airbnb for annual conference,False
TXN003935,Customer_0357,credit,Southwest,rent,Urban Living Co,1969.74,USD,2023-02-11T21:14:00,Security deposit — Urban Living Co,False
TXN003936,Customer_0072,checking,Midwest,shopping,Target,982.82,USD,2024-01-07T10:49:00,Flash sale purchase at Target,False
TXN003937,Customer_0179,checking,Midwest,dining,Panera Bread,2360.28,USD,2023-07-08T08:17:00,"Lunch with the team at Panera Bread, celebrated Q3 results",False
TXN003938,Customer_0019,checking,Northeast,rent,Sunset Apartments,3162.05,USD,2023-09-24T11:13:00,Security deposit — Sunset Apartments,False
TXN003939,Customer_0371,credit,Southwest,insurance,Geico,3158.13,USD,2024-03-03T15:40:00,Geico renters insurance quarterly payment,False
TXN003940,Customer_0057,credit,West,healthcare,CVS Pharmacy,51.05,USD,2023-02-22T18:37:00,Annual physical copay at CVS Pharmacy,False
TXN003941,Customer_0496,checking,West,education,Udemy,-297.04,USD,2024-02-21T17:58:00,Udemy course enrollment — data engineering,False
TXN003942,Customer_0195,credit,Northeast,utilities,AT&T,3861.4,USD,2023-07-04T17:06:00,Monthly AT&T internet and cable bill,False
TXN003943,Customer_0198,checking,Midwest,dining,Panera Bread,1468.19,USD,2024-03-25T07:07:00,"Client dinner at Panera Bread, discussed Q4 roadmap",False
TXN003944,Customer_0304,credit,West,healthcare,Walgreens,490.48,USD,2024-02-09T05:49:00,Annual physical copay at Walgreens,False
TXN003945,Customer_0483,savings,West,rent,Metro Realty,3564.05,USD,2023-10-14T11:02:00,Security deposit — Metro Realty,False
TXN003946,Customer_0463,checking,Southeast,rent,First Place Rentals,3527.48,USD,2023-04-02T10:49:00,Lease renewal fee at First Place Rentals,False
TXN003947,Customer_0424,checking,Midwest,shopping,Amazon,780.34,USD,2023-09-16T14:05:00,In-store purchase at Amazon — seasonal wardrobe,False
TXN003948,Customer_0095,savings,Midwest,healthcare,CVS Pharmacy,1184.9,USD,2023-10-18T11:43:00,Annual physical copay at CVS Pharmacy,False
TXN003949,Customer_0189,savings,Northeast,travel,Hertz,3324.74,USD,2023-04-28T07:59:00,Hotel stay at Hertz during product summit,False
TXN003950,Customer_0425,savings,Southeast,education,Barnes & Noble,1148.04,USD,2023-01-22T19:12:00,Barnes & Noble course enrollment — data engineering,False
TXN003951,Customer_0377,checking,Midwest,utilities,National Grid,2676.06,USD,2023-06-27T15:42:00,Monthly National Grid internet and cable bill,False
TXN003952,Customer_0134,savings,Northeast,education,MIT OpenCourseWare,3043.05,USD,2023-06-24T13:44:00,MIT OpenCourseWare annual learning subscription,False
TXN003953,Customer_0198,checking,Southwest,healthcare,Walgreens,701.38,USD,2023-07-22T04:52:00,Annual physical copay at Walgreens,False
TXN003954,Customer_0442,credit,Midwest,travel,Delta Airlines,2402.46,USD,2023-12-19T02:53:00,Flight to Chicago via Delta Airlines for annual conference,True
TXN003955,Customer_0396,checking,West,healthcare,LabCorp,3918.94,USD,2023-12-14T00:23:00,Prescription refill at LabCorp,False
TXN003956,Customer_0332,credit,Southeast,insurance,USAA,282.61,USD,2023-01-14T14:10:00,Life insurance premium payment to USAA,False
TXN003957,Customer_0337,credit,Southeast,travel,Airbnb,-333.66,USD,2024-05-15T16:59:00,Flight to Chicago via Airbnb for annual conference,False
TXN003958,Customer_0125,checking,West,utilities,Comcast Xfinity,2117.03,USD,2023-05-09T14:28:00,Comcast Xfinity electricity bill for the apartment,False
TXN003959,Customer_0467,credit,Southwest,shopping,IKEA,1957.71,USD,2023-05-07T18:40:00,In-store purchase at IKEA — seasonal wardrobe,False
TXN003960,Customer_0151,credit,Southeast,shopping,Zara,2882.54,USD,2023-10-24T08:38:00,In-store purchase at Zara — seasonal wardrobe,False
TXN003961,Customer_0254,checking,West,dining,Starbucks,2202.98,USD,2024-02-23T16:16:00,"Client dinner at Starbucks, discussed Q4 roadmap",False
TXN003962,Customer_0217,savings,Southwest,rent,Apartment LLC,1489.85,USD,2023-08-03T05:02:00,Lease renewal fee at Apartment LLC,False
TXN003963,Customer_0055,savings,West,shopping,Amazon,3202.03,USD,2023-01-16T10:15:00,Flash sale purchase at Amazon,False
TXN003964,Customer_0053,credit,Midwest,utilities,Verizon,2405.38,USD,2023-04-09T16:01:00,Verizon wireless plan — family plan renewal,False
TXN003965,Customer_0217,checking,Southwest,shopping,Best Buy,3681.03,USD,2023-03-01T03:55:00,Flash sale purchase at Best Buy,False
TXN003966,Customer_0448,savings,Southeast,insurance,USAA,3320.53,USD,2023-03-15T03:22:00,Life insurance premium payment to USAA,False
TXN003967,Customer_0249,checking,Midwest,utilities,Verizon,2451.08,USD,2023-03-30T10:37:00,Verizon electricity bill for the apartment,False
TXN003968,Customer_0094,checking,West,groceries,Kroger,60.34,USD,2023-12-28T01:18:00,Quick stop at Kroger for produce and dairy,False
TXN003969,Customer_0442,savings,Southwest,travel,Airbnb,789.78,USD,2023-05-15T04:59:00,Car rental from Airbnb for client site visit,False
TXN003970,Customer_0075,savings,Northeast,healthcare,CVS Pharmacy,3519.28,USD,2023-09-08T10:02:00,Lab work order from CVS Pharmacy,False
TXN003971,Customer_0246,credit,Southwest,travel,Delta Airlines,-164.92,USD,2024-05-23T20:01:00,Flight to Chicago via Delta Airlines for annual conference,False
TXN003972,Customer_0245,credit,Midwest,rent,First Place Rentals,172.08,USD,2023-07-08T13:33:00,Monthly rent payment to First Place Rentals,False
TXN003973,Customer_0391,savings,Southwest,healthcare,CVS Pharmacy,968.84,USD,2023-06-17T03:18:00,Lab work order from CVS Pharmacy,False
TXN003974,Customer_0233,checking,Midwest,utilities,National Grid,247.36,USD,2023-07-22T18:01:00,Monthly National Grid internet and cable bill,False
TXN003975,Customer_0379,credit,West,groceries,Aldi,-423.53,USD,2023-07-01T12:50:00,"Weekly grocery run at Aldi, stocked up on essentials",False
TXN003976,Customer_0263,savings,West,groceries,Trader Joe's,4211.19,USD,2024-06-19T22:34:00,"Monthly bulk purchase at Trader Joe's, household supplies",False
TXN003977,Customer_0273,checking,Midwest,rent,Urban Living Co,1043.51,USD,2023-06-28T04:38:00,Monthly rent payment to Urban Living Co,False
TXN003978,Customer_0090,savings,Midwest,utilities,Comcast Xfinity,2589.16,USD,2023-02-08T03:18:00,Monthly Comcast Xfinity internet and cable bill,False
TXN003979,Customer_0251,savings,Midwest,utilities,Verizon,4278.51,USD,2023-08-29T20:05:00,Verizon wireless plan — family plan renewal,False
TXN003980,Customer_0027,checking,West,shopping,Best Buy,2702.69,USD,2023-06-27T23:17:00,In-store purchase at Best Buy — seasonal wardrobe,False
TXN003981,Customer_0124,savings,Midwest,utilities,National Grid,4441.52,USD,2024-01-04T20:41:00,National Grid electricity bill for the apartment,False
TXN003982,Customer_0185,checking,Northeast,groceries,Walmart Grocery,2450.97,USD,2024-05-26T23:29:00,Quick stop at Walmart Grocery for produce and dairy,False
TXN003983,Customer_0405,checking,Northeast,rent,First Place Rentals,3294.2,USD,2023-03-21T07:49:00,Monthly rent payment to First Place Rentals,False
TXN003984,Customer_0057,savings,West,rent,First Place Rentals,1275.97,USD,2024-03-06T08:01:00,Monthly rent payment to First Place Rentals,False
TXN003985,Customer_0347,checking,Southeast,dining,The Cheesecake Factory,144.32,USD,2023-12-01T05:00:00,"Client dinner at The Cheesecake Factory, discussed Q4 roadmap",False
TXN003986,Customer_0352,credit,Southeast,shopping,Target,3643.49,USD,2023-03-21T12:47:00,Online order from Target — home office equipment,False
TXN003987,Customer_0150,checking,Southwest,shopping,IKEA,1043.81,USD,2023-06-09T06:06:00,Online order from IKEA — home office equipment,True
TXN003988,Customer_0299,savings,Midwest,education,Coursera,2022.71,USD,2024-04-21T23:16:00,Coursera annual learning subscription,False
TXN003989,Customer_0284,checking,Southwest,dining,Olive Garden,2867.59,USD,2023-01-12T00:53:00,Morning coffee and pastry at Olive Garden,False
TXN003990,Customer_0184,checking,West,healthcare,Blue Cross Premium,3591.67,USD,2023-08-20T11:38:00,Annual physical copay at Blue Cross Premium,False
TXN003991,Customer_0123,credit,Northeast,education,Chegg,1629.99,USD,2023-06-03T22:11:00,Chegg course enrollment — data engineering,False
TXN003992,Customer_0381,savings,Northeast,insurance,Allstate,-210.04,USD,2023-06-22T09:37:00,Allstate renters insurance quarterly payment,False
TXN003993,Customer_0341,savings,Southwest,utilities,ConEdison,1984.15,USD,2023-02-14T11:30:00,ConEdison electricity bill for the apartment,False
TXN003994,Customer_0350,credit,Southwest,healthcare,Walgreens,582.63,USD,2024-05-20T22:50:00,Prescription refill at Walgreens,False
TXN003995,Customer_0238,credit,Southwest,healthcare,Walgreens,4432.71,USD,2024-06-20T19:51:00,Annual physical copay at Walgreens,False
TXN003996,Customer_0163,checking,Northeast,shopping,Zara,448.36,USD,2023-03-10T08:10:00,Online order from Zara — home office equipment,False
TXN003997,Customer_0187,savings,West,dining,Starbucks,3159.23,USD,2024-03-26T06:04:00,"Client dinner at Starbucks, discussed Q4 roadmap",False
TXN003998,Customer_0431,credit,Midwest,utilities,National Grid,4154.29,USD,2023-04-05T18:57:00,Monthly National Grid internet and cable bill,False
TXN003999,Customer_0163,credit,Northeast,shopping,IKEA,1448.69,USD,2023-12-27T15:47:00,Flash sale purchase at IKEA,False
TXN004000,Customer_0408,checking,West,utilities,ConEdison,4018.05,USD,2024-02-17T02:29:00,Monthly ConEdison internet and cable bill,True
TXN004001,Customer_0345,checking,West,dining,Starbucks,3946.39,USD,2023-08-07T17:14:00,Morning coffee and pastry at Starbucks,False
TXN004002,Customer_0494,savings,West,insurance,Geico,734.69,USD,2024-01-25T11:53:00,Geico renters insurance quarterly payment,False
TXN004003,Customer_0437,credit,Midwest,groceries,Whole Foods,2565.97,USD,2023-10-25T04:49:00,"Weekly grocery run at Whole Foods, stocked up on essentials",False
TXN004004,Customer_0149,checking,Northeast,groceries,Kroger,3690.47,USD,2024-03-07T08:13:00,"Monthly bulk purchase at Kroger, household supplies",False
TXN004005,Customer_0429,checking,Midwest,travel,Uber,3184.6,USD,2024-04-29T10:56:00,Car rental from Uber for client site visit,False
TXN004006,Customer_0075,checking,Southeast,shopping,IKEA,1240.0,USD,2023-03-05T20:27:00,Online order from IKEA — home office equipment,False
TXN004007,Customer_0472,credit,Midwest,entertainment,Spotify,334.42,USD,2024-02-14T01:14:00,Movie tickets at Spotify — family outing,False
TXN004008,Customer_0077,checking,Midwest,rent,Metro Realty,2827.47,USD,2024-03-08T12:20:00,Monthly rent payment to Metro Realty,False
TXN004009,Customer_0474,checking,Northeast,education,MIT OpenCourseWare,1160.76,USD,2024-03-19T08:37:00,Textbook purchase at MIT OpenCourseWare for continuing ed,False
TXN004010,Customer_0148,checking,Northeast,groceries,Kroger,3507.18,USD,2023-08-07T15:59:00,"Weekly grocery run at Kroger, stocked up on essentials",False
TXN004011,Customer_0124,credit,Northeast,utilities,ConEdison,1916.69,USD,2023-01-13T15:34:00,ConEdison wireless plan — family plan renewal,False
TXN004012,Customer_0384,savings,West,groceries,Kroger,1929.92,USD,2024-01-20T01:07:00,"Monthly bulk purchase at Kroger, household supplies",False
TXN004013,Customer_0166,credit,Midwest,insurance,State Farm,1237.93,USD,2023-10-18T15:19:00,Monthly State Farm auto insurance premium,False
TXN004014,Customer_0336,credit,Southwest,utilities,Comcast Xfinity,3161.09,USD,2024-04-25T07:27:00,Comcast Xfinity electricity bill for the apartment,False
TXN004015,Customer_0185,checking,Midwest,education,Coursera,2993.52,USD,2023-09-05T02:42:00,Coursera course enrollment — data engineering,False
TXN004016,Customer_0243,checking,Northeast,education,MIT OpenCourseWare,-283.94,USD,2023-04-29T16:20:00,MIT OpenCourseWare course enrollment — data engineering,False
TXN004017,Customer_0378,credit,Midwest,insurance,USAA,2017.36,USD,2023-06-23T18:01:00,Life insurance premium payment to USAA,False
TXN004018,Customer_0079,credit,Northeast,healthcare,CVS Pharmacy,1578.7,USD,2024-06-27T08:28:00,Lab work order from CVS Pharmacy,False
TXN004019,Customer_0380,credit,Southwest,shopping,IKEA,228.07,USD,2023-06-26T09:04:00,Flash sale purchase at IKEA,False
TXN004020,Customer_0416,credit,West,dining,Chipotle,1561.75,USD,2023-07-01T23:31:00,Morning coffee and pastry at Chipotle,False
TXN004021,Customer_0382,credit,Northeast,rent,Apartment LLC,4396.95,USD,2024-02-08T16:51:00,Lease renewal fee at Apartment LLC,False
TXN004022,Customer_0299,savings,Southwest,dining,Starbucks,3698.45,USD,2023-05-23T17:09:00,Morning coffee and pastry at Starbucks,False
TXN004023,Customer_0200,savings,West,travel,Marriott Hotels,4300.29,USD,2023-05-21T11:00:00,Flight to Chicago via Marriott Hotels for annual conference,False
TXN004024,Customer_0064,savings,Southeast,utilities,Verizon,4243.22,USD,2024-04-16T22:07:00,Verizon electricity bill for the apartment,False
TXN004025,Customer_0335,credit,West,entertainment,Netflix,1260.31,USD,2023-07-13T04:12:00,Netflix monthly subscription auto-renewal,False
TXN004026,Customer_0465,checking,Midwest,education,Udemy,2207.89,USD,2023-06-04T00:38:00,Udemy annual learning subscription,False
TXN004027,Customer_0058,savings,Southwest,groceries,Kroger,1076.88,USD,2024-04-11T02:39:00,"Monthly bulk purchase at Kroger, household supplies",False
TXN004028,Customer_0169,credit,Southeast,entertainment,Spotify,231.61,USD,2023-12-04T07:55:00,In-app purchase on Spotify platform,False
TXN004029,Customer_0351,credit,West,groceries,Aldi,1618.23,USD,2024-05-21T19:51:00,Quick stop at Aldi for produce and dairy,False
TXN004030,Customer_0251,checking,West,rent,Urban Living Co,1332.75,USD,2023-12-23T14:09:00,Security deposit — Urban Living Co,False
TXN004031,Customer_0299,checking,Northeast,dining,Panera Bread,3533.02,USD,2023-09-03T10:06:00,Morning coffee and pastry at Panera Bread,False
TXN004032,Customer_0244,savings,Southeast,dining,Starbucks,937.61,USD,2024-01-17T21:02:00,Morning coffee and pastry at Starbucks,False
TXN004033,Customer_0398,savings,Northeast,entertainment,Steam,1258.74,USD,2023-06-24T06:08:00,Movie tickets at Steam — family outing,False
TXN004034,Customer_0286,savings,Southeast,travel,Marriott Hotels,3853.18,USD,2024-06-20T10:56:00,Flight to Chicago via Marriott Hotels for annual conference,False
TXN004035,Customer_0426,checking,Southeast,education,Coursera,2591.97,USD,2024-05-06T00:33:00,Coursera annual learning subscription,False
TXN004036,Customer_0064,checking,Northeast,insurance,Allstate,926.93,USD,2024-03-10T23:35:00,Life insurance premium payment to Allstate,False
TXN004037,Customer_0306,checking,West,shopping,Amazon,34.32,USD,2023-03-11T11:06:00,Flash sale purchase at Amazon,False
TXN004038,Customer_0279,credit,Southeast,dining,Panera Bread,1360.67,USD,2023-01-04T06:28:00,Morning coffee and pastry at Panera Bread,False
TXN004039,Customer_0107,savings,Northeast,education,Udemy,559.24,USD,2023-09-14T18:17:00,Udemy annual learning subscription,False
TXN004040,Customer_0250,checking,Northeast,entertainment,AMC Theaters,1392.1,USD,2023-11-25T07:58:00,In-app purchase on AMC Theaters platform,False
TXN004041,Customer_0283,credit,Northeast,insurance,USAA,3843.98,USD,2023-05-08T16:01:00,Monthly USAA auto insurance premium,False
TXN004042,Customer_0165,checking,Southeast,travel,Hertz,3358.41,USD,2023-10-15T15:30:00,Car rental from Hertz for client site visit,False
TXN004043,Customer_0113,savings,Northeast,insurance,State Farm,2321.93,USD,2024-01-16T13:49:00,State Farm renters insurance quarterly payment,False
TXN004044,Customer_0009,savings,West,healthcare,Walgreens,3347.06,USD,2024-03-02T21:57:00,Prescription refill at Walgreens,False
TXN004045,Customer_0036,credit,West,shopping,Target,412.3,USD,2023-04-06T03:37:00,Online order from Target — home office equipment,False
TXN004046,Customer_0059,checking,Midwest,utilities,AT&T,1105.84,USD,2023-02-28T07:31:00,AT&T wireless plan — family plan renewal,False
TXN004047,Customer_0293,credit,Southeast,dining,Panera Bread,3483.94,USD,2023-01-29T13:06:00,"Lunch with the team at Panera Bread, celebrated Q3 results",False
TXN004048,Customer_0471,savings,Southwest,rent,Urban Living Co,4033.22,USD,2023-05-13T01:30:00,Monthly rent payment to Urban Living Co,False
TXN004049,Customer_0355,savings,Southeast,dining,Panera Bread,3727.42,USD,2023-11-02T13:35:00,"Lunch with the team at Panera Bread, celebrated Q3 results",False
TXN004050,Customer_0165,checking,West,education,Udemy,1624.03,USD,2023-12-03T04:36:00,Udemy course enrollment — data engineering,False
TXN004051,Customer_0469,savings,Southwest,groceries,Walmart Grocery,4010.53,USD,2023-05-03T04:01:00,"Monthly bulk purchase at Walmart Grocery, household supplies",False
TXN004052,Customer_0339,credit,Northeast,travel,Delta Airlines,1558.4,USD,2023-08-28T10:44:00,Car rental from Delta Airlines for client site visit,False
TXN004053,Customer_0411,savings,Southwest,healthcare,CVS Pharmacy,448.73,USD,2023-09-27T08:20:00,Lab work order from CVS Pharmacy,False
TXN004054,Customer_0151,checking,Northeast,education,Barnes & Noble,3710.55,USD,2023-11-19T08:03:00,Barnes & Noble course enrollment — data engineering,False
TXN004055,Customer_0215,savings,Midwest,healthcare,CVS Pharmacy,4154.97,USD,2023-01-10T18:50:00,Annual physical copay at CVS Pharmacy,False
TXN004056,Customer_0377,credit,Southeast,dining,Panera Bread,2245.37,USD,2023-02-06T00:04:00,Morning coffee and pastry at Panera Bread,False
TXN004057,Customer_0323,credit,Northeast,entertainment,Netflix,3929.71,USD,2024-02-01T20:30:00,In-app purchase on Netflix platform,True
TXN004058,Customer_0266,savings,Northeast,dining,The Cheesecake Factory,4290.68,USD,2023-02-20T00:02:00,"Client dinner at The Cheesecake Factory, discussed Q4 roadmap",False
TXN004059,Customer_0184,savings,Southwest,groceries,Whole Foods,3210.88,USD,2024-04-18T12:33:00,Quick stop at Whole Foods for produce and dairy,False
TXN004060,Customer_0010,savings,Southwest,entertainment,Apple iTunes,1582.78,USD,2023-05-26T09:25:00,In-app purchase on Apple iTunes platform,False
TXN004061,Customer_0272,checking,West,healthcare,Blue Cross Premium,277.03,USD,2023-12-06T23:05:00,Annual physical copay at Blue Cross Premium,False
TXN004062,Customer_0417,savings,Midwest,insurance,Geico,3005.81,USD,2023-07-01T21:42:00,Monthly Geico auto insurance premium,False
TXN004063,Customer_0158,checking,Northeast,insurance,Geico,2549.82,USD,2023-12-13T00:28:00,Geico renters insurance quarterly payment,False
TXN004064,Customer_0141,savings,West,dining,Panera Bread,324.85,USD,2024-02-01T06:52:00,"Client dinner at Panera Bread, discussed Q4 roadmap",False
TXN004065,Customer_0422,checking,Southeast,dining,Chipotle,4331.08,USD,2023-05-05T18:29:00,Morning coffee and pastry at Chipotle,False
TXN004066,Customer_0212,credit,Midwest,groceries,Trader Joe's,1386.26,USD,2023-10-27T08:24:00,Quick stop at Trader Joe's for produce and dairy,False
TXN004067,Customer_0093,savings,Midwest,entertainment,AMC Theaters,2275.32,USD,2023-03-28T21:34:00,Movie tickets at AMC Theaters — family outing,False
TXN004068,Customer_0443,savings,Southeast,insurance,Geico,3853.51,USD,2023-10-06T23:43:00,Monthly Geico auto insurance premium,False
TXN004069,Customer_0384,credit,Midwest,education,Barnes & Noble,711.25,USD,2023-04-05T22:54:00,Barnes & Noble annual learning subscription,False
TXN004070,Customer_0339,savings,West,entertainment,Apple iTunes,-7.46,USD,2023-12-14T17:16:00,Movie tickets at Apple iTunes — family outing,False
TXN004071,Customer_0380,credit,West,utilities,Verizon,2901.4,USD,2023-01-19T20:30:00,Monthly Verizon internet and cable bill,False
TXN004072,Customer_0215,savings,Southwest,education,Chegg,2875.51,USD,2024-04-26T06:28:00,Chegg annual learning subscription,False
TXN004073,Customer_0289,checking,Southwest,healthcare,Walgreens,3854.83,USD,2024-04-10T03:27:00,Annual physical copay at Walgreens,False
TXN004074,Customer_0235,savings,West,insurance,USAA,1383.22,USD,2024-02-14T01:44:00,USAA renters insurance quarterly payment,False
TXN004075,Customer_0195,savings,Southeast,rent,Apartment LLC,857.82,USD,2023-12-17T18:42:00,Lease renewal fee at Apartment LLC,False
TXN004076,Customer_0433,checking,Southwest,utilities,AT&T,1961.35,USD,2023-12-30T13:48:00,AT&T electricity bill for the apartment,False
TXN004077,Customer_0335,savings,Southeast,healthcare,Urgent Care Now,122.58,USD,2024-03-01T15:02:00,Prescription refill at Urgent Care Now,False
TXN004078,Customer_0057,savings,Northeast,entertainment,Steam,4347.05,USD,2023-12-30T14:54:00,In-app purchase on Steam platform,False
TXN004079,Customer_0357,checking,Midwest,groceries,Trader Joe's,4482.12,USD,2024-01-13T09:16:00,Quick stop at Trader Joe's for produce and dairy,False
TXN004080,Customer_0235,savings,Southeast,groceries,Aldi,2805.32,USD,2024-01-15T12:40:00,"Monthly bulk purchase at Aldi, household supplies",False
TXN004081,Customer_0376,savings,West,entertainment,AMC Theaters,2475.34,USD,2024-02-04T21:26:00,Movie tickets at AMC Theaters — family outing,False
TXN004082,Customer_0171,checking,Southwest,healthcare,LabCorp,19.49,USD,2023-12-16T06:49:00,Prescription refill at LabCorp,True
TXN004083,Customer_0271,credit,Southeast,education,Udemy,4178.77,USD,2024-05-01T12:36:00,Textbook purchase at Udemy for continuing ed,False
TXN004084,Customer_0298,savings,Southeast,insurance,USAA,275.56,USD,2024-03-12T12:01:00,USAA renters insurance quarterly payment,False
TXN004085,Customer_0399,savings,West,shopping,Zara,144.85,USD,2023-11-10T08:34:00,Flash sale purchase at Zara,False
TXN004086,Customer_0309,savings,Northeast,rent,Metro Realty,-480.45,USD,2024-03-18T11:14:00,Monthly rent payment to Metro Realty,False
TXN004087,Customer_0216,savings,Southwest,education,Barnes & Noble,632.35,USD,2023-03-08T18:07:00,Textbook purchase at Barnes & Noble for continuing ed,False
TXN004088,Customer_0242,checking,Midwest,shopping,Zara,102.57,USD,2023-06-30T11:02:00,In-store purchase at Zara — seasonal wardrobe,False
TXN004089,Customer_0032,savings,Southwest,rent,Apartment LLC,1924.78,USD,2024-06-05T04:13:00,Security deposit — Apartment LLC,False
TXN004090,Customer_0436,credit,Midwest,groceries,Whole Foods,289.59,USD,2023-01-19T04:13:00,"Monthly bulk purchase at Whole Foods, household supplies",False
TXN004091,Customer_0294,credit,Southeast,education,MIT OpenCourseWare,804.44,USD,2023-10-13T19:18:00,MIT OpenCourseWare course enrollment — data engineering,False
TXN004092,Customer_0181,credit,Southwest,groceries,Whole Foods,1710.11,USD,2023-05-01T03:41:00,"Monthly bulk purchase at Whole Foods, household supplies",False
TXN004093,Customer_0055,credit,Southeast,rent,Metro Realty,-38.74,USD,2024-04-18T19:57:00,Security deposit — Metro Realty,False
TXN004094,Customer_0335,checking,Northeast,shopping,Best Buy,1573.21,USD,2023-07-13T07:36:00,Flash sale purchase at Best Buy,False
TXN004095,Customer_0349,savings,Southwest,groceries,Walmart Grocery,4284.47,USD,2023-09-17T04:13:00,"Monthly bulk purchase at Walmart Grocery, household supplies",False
TXN004096,Customer_0183,credit,Midwest,entertainment,Spotify,3042.11,USD,2023-06-12T16:32:00,Movie tickets at Spotify — family outing,False
TXN004097,Customer_0282,credit,Midwest,utilities,National Grid,2159.64,USD,2023-02-24T23:15:00,National Grid wireless plan — family plan renewal,True
TXN004098,Customer_0041,savings,Southwest,travel,Airbnb,3557.59,USD,2023-07-29T02:25:00,Hotel stay at Airbnb during product summit,False
TXN004099,Customer_0317,credit,Southeast,groceries,Walmart Grocery,894.42,USD,2023-10-12T20:40:00,Quick stop at Walmart Grocery for produce and dairy,False
TXN004100,Customer_0286,credit,West,insurance,State Farm,2099.01,USD,2024-05-14T18:56:00,Life insurance premium payment to State Farm,False
TXN004101,Customer_0041,checking,Southwest,insurance,USAA,3745.35,USD,2024-03-22T14:10:00,Life insurance premium payment to USAA,False
TXN004102,Customer_0316,checking,Northeast,education,MIT OpenCourseWare,3549.09,USD,2023-10-29T00:28:00,Textbook purchase at MIT OpenCourseWare for continuing ed,False
TXN004103,Customer_0196,savings,Southeast,travel,Hertz,3898.57,USD,2023-10-16T03:47:00,Hotel stay at Hertz during product summit,False
TXN004104,Customer_0147,checking,Midwest,utilities,AT&T,2314.5,USD,2023-03-21T22:57:00,AT&T wireless plan — family plan renewal,True
TXN004105,Customer_0144,checking,Southeast,dining,Olive Garden,610.26,USD,2024-04-12T01:59:00,"Lunch with the team at Olive Garden, celebrated Q3 results",False
TXN004106,Customer_0203,checking,Midwest,healthcare,Blue Cross Premium,4154.62,USD,2023-11-22T00:05:00,Lab work order from Blue Cross Premium,False
TXN004107,Customer_0166,credit,Midwest,healthcare,Walgreens,-61.33,USD,2024-01-14T12:28:00,Prescription refill at Walgreens,False
TXN004108,Customer_0034,credit,West,dining,Starbucks,-350.19,USD,2023-10-09T18:12:00,"Client dinner at Starbucks, discussed Q4 roadmap",False
TXN004109,Customer_0120,checking,Southeast,education,MIT OpenCourseWare,4282.33,USD,2023-04-17T22:59:00,Textbook purchase at MIT OpenCourseWare for continuing ed,False
TXN004110,Customer_0247,credit,Northeast,education,Udemy,962.77,USD,2023-03-27T00:06:00,Textbook purchase at Udemy for continuing ed,False
TXN004111,Customer_0410,credit,Southwest,entertainment,Apple iTunes,1864.72,USD,2023-06-11T05:46:00,Apple iTunes monthly subscription auto-renewal,False
TXN004112,Customer_0196,savings,Midwest,entertainment,Netflix,1874.6,USD,2024-03-12T12:03:00,Netflix monthly subscription auto-renewal,False
TXN004113,Customer_0022,savings,West,healthcare,CVS Pharmacy,1126.73,USD,2023-03-27T02:53:00,Annual physical copay at CVS Pharmacy,False
TXN004114,Customer_0162,credit,Southeast,groceries,Whole Foods,1528.63,USD,2023-03-13T22:07:00,Quick stop at Whole Foods for produce and dairy,False
TXN004115,Customer_0078,savings,West,healthcare,Urgent Care Now,1831.97,USD,2023-07-15T22:55:00,Lab work order from Urgent Care Now,False
TXN004116,Customer_0468,credit,Midwest,education,Chegg,-167.03,USD,2024-01-21T04:20:00,Chegg annual learning subscription,False
TXN004117,Customer_0134,checking,West,groceries,Walmart Grocery,811.68,USD,2023-09-27T21:47:00,"Weekly grocery run at Walmart Grocery, stocked up on essentials",False
TXN004118,Customer_0133,checking,Southwest,shopping,Amazon,3421.57,USD,2023-06-13T15:49:00,Flash sale purchase at Amazon,False
TXN004119,Customer_0196,checking,Midwest,dining,The Cheesecake Factory,2513.55,USD,2023-01-22T02:36:00,Morning coffee and pastry at The Cheesecake Factory,False
TXN004120,Customer_0252,credit,Southwest,healthcare,LabCorp,193.96,USD,2024-01-26T10:56:00,Annual physical copay at LabCorp,False
TXN004121,Customer_0143,credit,Southeast,entertainment,AMC Theaters,4060.88,USD,2023-09-24T04:47:00,AMC Theaters monthly subscription auto-renewal,False
TXN004122,Customer_0023,checking,Midwest,groceries,Aldi,277.33,USD,2023-05-07T07:28:00,"Monthly bulk purchase at Aldi, household supplies",False
TXN004123,Customer_0486,savings,Northeast,shopping,Target,2296.77,USD,2023-10-28T04:16:00,In-store purchase at Target — seasonal wardrobe,False
TXN004124,Customer_0475,checking,West,rent,First Place Rentals,1330.18,USD,2024-01-27T21:34:00,Monthly rent payment to First Place Rentals,False
TXN004125,Customer_0113,savings,Midwest,groceries,Whole Foods,2409.26,USD,2024-04-28T04:42:00,Quick stop at Whole Foods for produce and dairy,False
TXN004126,Customer_0025,savings,Midwest,rent,Sunset Apartments,1852.97,USD,2023-05-05T14:50:00,Security deposit — Sunset Apartments,False
TXN004127,Customer_0426,savings,Midwest,groceries,Whole Foods,1948.73,USD,2023-04-24T22:47:00,Quick stop at Whole Foods for produce and dairy,False
TXN004128,Customer_0092,credit,Midwest,groceries,Whole Foods,4107.09,USD,2024-01-12T11:29:00,Quick stop at Whole Foods for produce and dairy,False
TXN004129,Customer_0068,credit,Northeast,insurance,Allstate,-216.8,USD,2023-06-13T05:35:00,Allstate renters insurance quarterly payment,False
TXN004130,Customer_0408,checking,Northeast,entertainment,Apple iTunes,-319.37,USD,2024-01-07T05:28:00,Apple iTunes monthly subscription auto-renewal,False
TXN004131,Customer_0489,savings,Midwest,healthcare,Urgent Care Now,2408.64,USD,2023-02-25T16:43:00,Annual physical copay at Urgent Care Now,False
TXN004132,Customer_0414,savings,West,travel,Delta Airlines,2670.57,USD,2024-02-05T18:47:00,Hotel stay at Delta Airlines during product summit,False
TXN004133,Customer_0176,savings,Southeast,insurance,Geico,797.77,USD,2023-03-04T17:13:00,Monthly Geico auto insurance premium,False
TXN004134,Customer_0422,credit,Northeast,groceries,Aldi,177.17,USD,2023-03-13T12:55:00,"Monthly bulk purchase at Aldi, household supplies",False
TXN004135,Customer_0462,savings,Midwest,groceries,Kroger,1088.11,USD,2023-12-27T19:06:00,"Monthly bulk purchase at Kroger, household supplies",False
TXN004136,Customer_0212,checking,Southwest,shopping,IKEA,3390.98,USD,2024-02-20T11:34:00,In-store purchase at IKEA — seasonal wardrobe,False
TXN004137,Customer_0442,savings,Southwest,utilities,National Grid,601.73,USD,2024-05-14T06:59:00,Monthly National Grid internet and cable bill,False
TXN004138,Customer_0185,checking,Southwest,groceries,Aldi,804.16,USD,2023-01-21T12:39:00,"Weekly grocery run at Aldi, stocked up on essentials",False
TXN004139,Customer_0105,credit,Southwest,rent,Sunset Apartments,3604.4,USD,2024-05-24T03:52:00,Lease renewal fee at Sunset Apartments,False
TXN004140,Customer_0328,checking,West,utilities,ConEdison,3397.24,USD,2024-02-03T10:34:00,Monthly ConEdison internet and cable bill,False
TXN004141,Customer_0119,checking,Northeast,entertainment,Spotify,3399.83,USD,2023-10-11T13:03:00,Movie tickets at Spotify — family outing,False
TXN004142,Customer_0437,credit,West,healthcare,Blue Cross Premium,3191.6,USD,2023-02-09T12:17:00,Prescription refill at Blue Cross Premium,False
TXN004143,Customer_0453,credit,Northeast,utilities,National Grid,-144.91,USD,2023-11-19T23:35:00,National Grid electricity bill for the apartment,False
TXN004144,Customer_0272,credit,Northeast,groceries,Walmart Grocery,71.33,USD,2023-06-13T14:27:00,Quick stop at Walmart Grocery for produce and dairy,False
TXN004145,Customer_0165,credit,Northeast,dining,Starbucks,3086.9,USD,2023-05-02T19:34:00,"Lunch with the team at Starbucks, celebrated Q3 results",False
TXN004146,Customer_0278,credit,Northeast,healthcare,Blue Cross Premium,1348.03,USD,2023-10-17T05:31:00,Annual physical copay at Blue Cross Premium,False
TXN004147,Customer_0002,savings,Southeast,shopping,Target,744.92,USD,2023-12-19T10:14:00,Flash sale purchase at Target,False
TXN004148,Customer_0190,checking,Northeast,healthcare,Walgreens,1626.47,USD,2023-07-13T10:10:00,Lab work order from Walgreens,False
TXN004149,Customer_0390,savings,Northeast,dining,Chipotle,2490.1,USD,2024-01-06T03:13:00,"Client dinner at Chipotle, discussed Q4 roadmap",False
TXN004150,Customer_0013,savings,Northeast,rent,Apartment LLC,2859.79,USD,2023-10-24T03:08:00,Lease renewal fee at Apartment LLC,True
TXN004151,Customer_0192,checking,Midwest,groceries,Kroger,-141.05,USD,2024-03-14T18:38:00,Quick stop at Kroger for produce and dairy,False
TXN004152,Customer_0075,savings,Southwest,utilities,Comcast Xfinity,2130.33,USD,2023-09-29T14:14:00,Monthly Comcast Xfinity internet and cable bill,False
TXN004153,Customer_0190,checking,Southeast,rent,Urban Living Co,2555.24,USD,2023-02-19T12:03:00,Monthly rent payment to Urban Living Co,False
TXN004154,Customer_0425,checking,Southeast,utilities,National Grid,1978.03,USD,2024-05-03T06:39:00,Monthly National Grid internet and cable bill,False
TXN004155,Customer_0417,checking,Southwest,rent,Apartment LLC,2905.09,USD,2023-08-16T13:24:00,Monthly rent payment to Apartment LLC,False
TXN004156,Customer_0348,credit,Southeast,utilities,National Grid,937.99,USD,2023-03-28T21:19:00,National Grid electricity bill for the apartment,False
TXN004157,Customer_0390,checking,Midwest,healthcare,Urgent Care Now,1680.88,USD,2023-02-02T17:37:00,Annual physical copay at Urgent Care Now,False
TXN004158,Customer_0476,checking,Southwest,dining,The Cheesecake Factory,3157.08,USD,2024-04-03T19:35:00,"Client dinner at The Cheesecake Factory, discussed Q4 roadmap",False
TXN004159,Customer_0066,checking,Northeast,shopping,Target,4390.91,USD,2023-10-15T04:51:00,Online order from Target — home office equipment,False
TXN004160,Customer_0123,checking,Southwest,utilities,Comcast Xfinity,2334.07,USD,2024-01-31T00:49:00,Comcast Xfinity wireless plan — family plan renewal,False
TXN004161,Customer_0009,savings,Northeast,groceries,Aldi,3213.11,USD,2023-01-25T09:15:00,"Monthly bulk purchase at Aldi, household supplies",False
TXN004162,Customer_0021,savings,Southeast,insurance,Allstate,1932.19,USD,2024-02-03T01:47:00,Allstate renters insurance quarterly payment,False
TXN004163,Customer_0219,checking,West,healthcare,Blue Cross Premium,2280.55,USD,2024-05-30T00:22:00,Lab work order from Blue Cross Premium,False
TXN004164,Customer_0270,checking,Southeast,education,Udemy,265.19,USD,2023-07-14T01:36:00,Udemy annual learning subscription,False
TXN004165,Customer_0256,checking,West,dining,Olive Garden,2441.32,USD,2024-01-06T03:33:00,Morning coffee and pastry at Olive Garden,False
TXN004166,Customer_0321,credit,West,shopping,Target,19.3,USD,2023-07-12T12:29:00,Online order from Target — home office equipment,False
TXN004167,Customer_0279,credit,West,travel,Hertz,2927.52,USD,2023-01-12T00:24:00,Car rental from Hertz for client site visit,False
TXN004168,Customer_0465,checking,West,shopping,Zara,4086.79,USD,2023-02-18T09:46:00,Flash sale purchase at Zara,False
TXN004169,Customer_0258,checking,West,healthcare,Walgreens,3025.57,USD,2023-03-18T21:28:00,Lab work order from Walgreens,False
TXN004170,Customer_0234,credit,West,travel,Uber,2997.89,USD,2023-01-09T06:07:00,Flight to Chicago via Uber for annual conference,False
TXN004171,Customer_0317,credit,Midwest,groceries,Aldi,1193.5,USD,2023-09-22T08:58:00,"Weekly grocery run at Aldi, stocked up on essentials",False
TXN004172,Customer_0485,savings,Southwest,education,Barnes & Noble,205.14,USD,2023-09-10T06:16:00,Barnes & Noble annual learning subscription,False
TXN004173,Customer_0377,credit,Southeast,healthcare,Urgent Care Now,4131.13,USD,2024-02-01T01:11:00,Annual physical copay at Urgent Care Now,False
TXN004174,Customer_0383,credit,West,dining,Olive Garden,137.84,USD,2023-11-01T01:20:00,Morning coffee and pastry at Olive Garden,False
TXN004175,Customer_0328,checking,Southwest,rent,First Place Rentals,2861.19,USD,2024-05-25T23:35:00,Security deposit — First Place Rentals,True
TXN004176,Customer_0398,savings,Southeast,utilities,National Grid,782.54,USD,2024-03-25T03:08:00,National Grid wireless plan — family plan renewal,False
TXN004177,Customer_0042,savings,Midwest,insurance,USAA,108.94,USD,2024-05-13T17:40:00,USAA renters insurance quarterly payment,False
TXN004178,Customer_0499,checking,West,education,Udemy,354.83,USD,2023-12-13T12:08:00,Udemy annual learning subscription,False
TXN004179,Customer_0101,checking,West,rent,First Place Rentals,4344.82,USD,2023-06-12T14:14:00,Security deposit — First Place Rentals,False
TXN004180,Customer_0223,checking,Northeast,groceries,Walmart Grocery,3888.78,USD,2024-06-24T09:52:00,"Monthly bulk purchase at Walmart Grocery, household supplies",True
TXN004181,Customer_0460,checking,Northeast,education,Barnes & Noble,3218.85,USD,2023-12-07T14:28:00,Textbook purchase at Barnes & Noble for continuing ed,False
TXN004182,Customer_0262,credit,Midwest,shopping,Target,2701.54,USD,2024-03-13T10:40:00,Online order from Target — home office equipment,False
TXN004183,Customer_0217,savings,West,healthcare,LabCorp,1187.46,USD,2023-06-28T19:11:00,Prescription refill at LabCorp,False
TXN004184,Customer_0242,credit,Midwest,groceries,Kroger,613.04,USD,2023-02-14T13:42:00,"Weekly grocery run at Kroger, stocked up on essentials",True
TXN004185,Customer_0368,checking,Southwest,healthcare,LabCorp,1028.35,USD,2024-02-21T21:34:00,Prescription refill at LabCorp,False
TXN004186,Customer_0342,credit,Southwest,utilities,Verizon,3616.66,USD,2024-02-04T04:09:00,Monthly Verizon internet and cable bill,False
TXN004187,Customer_0289,savings,West,entertainment,Steam,2256.96,USD,2023-03-30T01:14:00,Movie tickets at Steam — family outing,False
TXN004188,Customer_0103,savings,Northeast,healthcare,Blue Cross Premium,-457.39,USD,2023-11-09T18:10:00,Annual physical copay at Blue Cross Premium,False
TXN004189,Customer_0017,checking,Northeast,education,Udemy,1648.52,USD,2023-06-02T13:26:00,Udemy annual learning subscription,False
TXN004190,Customer_0310,checking,Southwest,shopping,Amazon,3598.2,USD,2023-03-27T00:03:00,Flash sale purchase at Amazon,False
TXN004191,Customer_0166,savings,Midwest,shopping,IKEA,3756.22,USD,2023-11-15T23:15:00,In-store purchase at IKEA — seasonal wardrobe,False
TXN004192,Customer_0067,credit,West,dining,Panera Bread,3912.45,USD,2023-11-02T20:44:00,Morning coffee and pastry at Panera Bread,False
TXN004193,Customer_0341,credit,Southwest,groceries,Walmart Grocery,3696.94,USD,2024-06-02T14:43:00,"Weekly grocery run at Walmart Grocery, stocked up on essentials",False
TXN004194,Customer_0056,savings,West,utilities,AT&T,3482.91,USD,2024-01-18T12:36:00,AT&T electricity bill for the apartment,False
TXN004195,Customer_0207,checking,Northeast,groceries,Kroger,2824.26,USD,2024-05-21T02:13:00,"Weekly grocery run at Kroger, stocked up on essentials",False
TXN004196,Customer_0139,checking,Southeast,entertainment,Netflix,-16.11,USD,2024-04-14T13:58:00,Movie tickets at Netflix — family outing,False
TXN004197,Customer_0212,savings,Southeast,utilities,ConEdison,2910.39,USD,2024-03-17T21:43:00,ConEdison wireless plan — family plan renewal,False
TXN004198,Customer_0345,savings,Northeast,groceries,Walmart Grocery,1283.59,USD,2023-03-25T13:00:00,"Weekly grocery run at Walmart Grocery, stocked up on essentials",False
TXN004199,Customer_0463,credit,Southwest,healthcare,Urgent Care Now,869.15,USD,2024-05-25T10:22:00,Annual physical copay at Urgent Care Now,False
TXN004200,Customer_0031,savings,Northeast,insurance,Allstate,2539.19,USD,2023-12-19T10:10:00,Allstate renters insurance quarterly payment,False
TXN004201,Customer_0205,savings,Southeast,insurance,State Farm,228.55,USD,2023-01-21T21:15:00,Monthly State Farm auto insurance premium,False
TXN004202,Customer_0330,savings,Southeast,travel,Hertz,2063.64,USD,2023-08-22T22:09:00,Hotel stay at Hertz during product summit,False
TXN004203,Customer_0471,savings,Midwest,entertainment,AMC Theaters,2057.19,USD,2023-02-25T09:54:00,Movie tickets at AMC Theaters — family outing,False
TXN004204,Customer_0369,savings,Southwest,education,Udemy,2865.13,USD,2024-05-07T04:50:00,Textbook purchase at Udemy for continuing ed,False
TXN004205,Customer_0408,checking,West,insurance,State Farm,3482.12,USD,2024-04-06T20:57:00,Life insurance premium payment to State Farm,False
TXN004206,Customer_0150,savings,Southeast,dining,Chipotle,2685.98,USD,2024-06-04T05:37:00,"Lunch with the team at Chipotle, celebrated Q3 results",False
TXN004207,Customer_0258,checking,West,dining,Panera Bread,1172.23,USD,2023-12-31T16:22:00,Morning coffee and pastry at Panera Bread,False
TXN004208,Customer_0001,savings,Midwest,education,Coursera,1282.42,USD,2024-04-25T18:36:00,Coursera course enrollment — data engineering,False
TXN004209,Customer_0180,savings,Midwest,healthcare,Urgent Care Now,1178.39,USD,2023-04-30T20:09:00,Lab work order from Urgent Care Now,False
TXN004210,Customer_0367,savings,Northeast,utilities,ConEdison,4136.47,USD,2024-06-10T00:26:00,Monthly ConEdison internet and cable bill,False
TXN004211,Customer_0333,savings,Southeast,utilities,AT&T,1080.83,USD,2023-11-27T14:34:00,AT&T wireless plan — family plan renewal,False
TXN004212,Customer_0354,credit,Northeast,entertainment,AMC Theaters,97.37,USD,2023-06-09T16:10:00,Movie tickets at AMC Theaters — family outing,False
TXN004213,Customer_0049,credit,Southwest,dining,Chipotle,1773.56,USD,2023-03-22T10:16:00,"Lunch with the team at Chipotle, celebrated Q3 results",False
TXN004214,Customer_0326,savings,Northeast,education,Barnes & Noble,2628.39,USD,2024-05-14T01:23:00,Barnes & Noble annual learning subscription,False
TXN004215,Customer_0011,credit,West,education,Coursera,1672.77,USD,2023-05-14T12:42:00,Coursera annual learning subscription,False
TXN004216,Customer_0448,checking,Southeast,education,Chegg,4192.88,USD,2024-03-13T10:28:00,Chegg course enrollment — data engineering,False
TXN004217,Customer_0021,savings,Southwest,education,Barnes & Noble,241.33,USD,2023-09-05T14:38:00,Barnes & Noble annual learning subscription,False
TXN004218,Customer_0334,checking,Southwest,education,Chegg,1483.01,USD,2024-03-21T06:24:00,Chegg annual learning subscription,False
TXN004219,Customer_0444,credit,Southwest,dining,Olive Garden,1631.96,USD,2023-08-18T16:58:00,"Client dinner at Olive Garden, discussed Q4 roadmap",False
TXN004220,Customer_0381,credit,Northeast,rent,Urban Living Co,749.28,USD,2023-04-14T13:51:00,Lease renewal fee at Urban Living Co,False
TXN004221,Customer_0247,savings,West,dining,The Cheesecake Factory,3257.13,USD,2024-05-20T03:23:00,Morning coffee and pastry at The Cheesecake Factory,False
TXN004222,Customer_0294,checking,Northeast,utilities,Comcast Xfinity,322.69,USD,2023-08-07T20:19:00,Monthly Comcast Xfinity internet and cable bill,False
TXN004223,Customer_0049,savings,West,healthcare,Blue Cross Premium,2775.09,USD,2024-01-05T20:03:00,Prescription refill at Blue Cross Premium,False
TXN004224,Customer_0158,credit,Southwest,groceries,Whole Foods,776.03,USD,2024-01-01T16:42:00,"Weekly grocery run at Whole Foods, stocked up on essentials",False
TXN004225,Customer_0483,savings,Southeast,education,Coursera,1582.9,USD,2024-06-09T20:03:00,Coursera course enrollment — data engineering,False
TXN004226,Customer_0455,savings,West,shopping,Target,-450.67,USD,2023-08-02T05:46:00,Online order from Target — home office equipment,False
TXN004227,Customer_0147,credit,West,rent,Urban Living Co,3920.11,USD,2023-07-11T05:25:00,Lease renewal fee at Urban Living Co,False
TXN004228,Customer_0452,savings,Southeast,rent,Sunset Apartments,878.98,USD,2023-09-24T06:34:00,Security deposit — Sunset Apartments,False
TXN004229,Customer_0050,savings,Midwest,groceries,Kroger,2010.07,USD,2023-09-15T20:38:00,Quick stop at Kroger for produce and dairy,False
TXN004230,Customer_0162,credit,Southwest,dining,Olive Garden,2542.36,USD,2024-01-29T05:40:00,Morning coffee and pastry at Olive Garden,False
TXN004231,Customer_0478,credit,Southeast,utilities,Verizon,33.51,USD,2024-05-19T14:42:00,Verizon electricity bill for the apartment,False
TXN004232,Customer_0170,checking,West,healthcare,Blue Cross Premium,2997.61,USD,2023-03-02T10:43:00,Prescription refill at Blue Cross Premium,False
TXN004233,Customer_0405,checking,Southeast,insurance,State Farm,403.59,USD,2023-04-02T20:34:00,State Farm renters insurance quarterly payment,False
TXN004234,Customer_0143,credit,Midwest,travel,Delta Airlines,1601.3,USD,2024-02-29T13:58:00,Hotel stay at Delta Airlines during product summit,False
TXN004235,Customer_0005,checking,Midwest,shopping,IKEA,2068.74,USD,2023-02-25T22:17:00,Flash sale purchase at IKEA,False
TXN004236,Customer_0191,savings,West,groceries,Whole Foods,4442.65,USD,2024-01-23T22:19:00,"Weekly grocery run at Whole Foods, stocked up on essentials",False
TXN004237,Customer_0372,checking,Southwest,shopping,IKEA,3358.49,USD,2024-05-03T15:19:00,In-store purchase at IKEA — seasonal wardrobe,False
TXN004238,Customer_0011,credit,Southeast,groceries,Walmart Grocery,1952.33,USD,2023-09-05T07:03:00,"Weekly grocery run at Walmart Grocery, stocked up on essentials",False
TXN004239,Customer_0249,credit,Northeast,entertainment,Steam,840.26,USD,2024-03-04T03:53:00,Movie tickets at Steam — family outing,False
TXN004240,Customer_0007,savings,Southeast,healthcare,Walgreens,992.68,USD,2023-10-31T05:34:00,Annual physical copay at Walgreens,False
TXN004241,Customer_0077,credit,Southeast,education,Barnes & Noble,2859.08,USD,2023-03-05T18:51:00,Barnes & Noble course enrollment — data engineering,False
TXN004242,Customer_0026,savings,West,dining,The Cheesecake Factory,2158.12,USD,2023-05-05T12:38:00,"Lunch with the team at The Cheesecake Factory, celebrated Q3 results",False
TXN004243,Customer_0236,credit,Southwest,shopping,IKEA,-63.61,USD,2024-04-25T14:38:00,Online order from IKEA — home office equipment,False
TXN004244,Customer_0227,checking,Southwest,utilities,AT&T,2590.78,USD,2024-02-01T21:03:00,AT&T wireless plan — family plan renewal,False
TXN004245,Customer_0077,credit,Southwest,entertainment,Apple iTunes,3724.15,USD,2023-08-13T00:32:00,In-app purchase on Apple iTunes platform,False
TXN004246,Customer_0435,credit,Southwest,education,Barnes & Noble,1402.81,USD,2024-06-04T16:09:00,Barnes & Noble annual learning subscription,False
TXN004247,Customer_0380,savings,Southwest,utilities,National Grid,2799.64,USD,2024-03-17T05:28:00,National Grid electricity bill for the apartment,False
TXN004248,Customer_0484,checking,Southwest,insurance,State Farm,1058.32,USD,2024-03-26T02:57:00,Life insurance premium payment to State Farm,False
TXN004249,Customer_0100,checking,West,education,MIT OpenCourseWare,-407.14,USD,2024-04-08T04:46:00,MIT OpenCourseWare annual learning subscription,False
TXN004250,Customer_0496,checking,Midwest,dining,The Cheesecake Factory,2010.12,USD,2023-01-19T17:10:00,"Client dinner at The Cheesecake Factory, discussed Q4 roadmap",False
TXN004251,Customer_0425,checking,Southeast,travel,Uber,1392.09,USD,2024-04-05T02:26:00,Hotel stay at Uber during product summit,False
TXN004252,Customer_0415,checking,Northeast,groceries,Aldi,3017.13,USD,2024-01-18T18:26:00,Quick stop at Aldi for produce and dairy,False
TXN004253,Customer_0335,credit,Northeast,education,Barnes & Noble,3584.4,USD,2024-01-09T03:32:00,Barnes & Noble course enrollment — data engineering,False
TXN004254,Customer_0305,checking,Midwest,utilities,National Grid,-451.84,USD,2024-03-18T23:19:00,National Grid wireless plan — family plan renewal,False
TXN004255,Customer_0169,checking,Southwest,entertainment,Netflix,3072.18,USD,2023-08-17T19:16:00,In-app purchase on Netflix platform,False
TXN004256,Customer_0361,credit,Northeast,education,Barnes & Noble,3990.42,USD,2023-06-14T13:50:00,Barnes & Noble annual learning subscription,False
TXN004257,Customer_0219,credit,Northeast,rent,Apartment LLC,2808.22,USD,2024-03-08T16:04:00,Monthly rent payment to Apartment LLC,False
TXN004258,Customer_0446,credit,West,entertainment,AMC Theaters,1932.9,USD,2023-04-09T03:30:00,AMC Theaters monthly subscription auto-renewal,False
TXN004259,Customer_0241,checking,Southwest,travel,Hertz,-444.85,USD,2023-01-31T10:47:00,Hotel stay at Hertz during product summit,False
TXN004260,Customer_0131,credit,West,healthcare,Urgent Care Now,1264.19,USD,2024-05-11T22:43:00,Prescription refill at Urgent Care Now,False
TXN004261,Customer_0102,checking,Midwest,healthcare,Blue Cross Premium,-119.08,USD,2023-03-08T23:50:00,Prescription refill at Blue Cross Premium,False
TXN004262,Customer_0223,checking,Southeast,shopping,Amazon,1567.23,USD,2023-11-14T19:19:00,In-store purchase at Amazon — seasonal wardrobe,False
TXN004263,Customer_0139,credit,Midwest,education,Chegg,2905.48,USD,2024-06-02T06:11:00,Textbook purchase at Chegg for continuing ed,False
TXN004264,Customer_0415,savings,Southeast,dining,Olive Garden,-431.14,USD,2023-08-06T08:59:00,Morning coffee and pastry at Olive Garden,False
TXN004265,Customer_0390,savings,Northeast,travel,Marriott Hotels,4137.45,USD,2024-06-28T10:36:00,Hotel stay at Marriott Hotels during product summit,False
TXN004266,Customer_0381,savings,Midwest,travel,Airbnb,779.5,USD,2023-09-28T06:44:00,Car rental from Airbnb for client site visit,False
TXN004267,Customer_0061,checking,Midwest,insurance,State Farm,1088.48,USD,2023-12-14T15:25:00,Monthly State Farm auto insurance premium,False
TXN004268,Customer_0458,savings,Midwest,dining,The Cheesecake Factory,952.19,USD,2023-09-12T05:57:00,"Lunch with the team at The Cheesecake Factory, celebrated Q3 results",False
TXN004269,Customer_0254,checking,Northeast,education,MIT OpenCourseWare,2271.56,USD,2024-04-18T10:57:00,MIT OpenCourseWare course enrollment — data engineering,False
TXN004270,Customer_0143,checking,Midwest,healthcare,Walgreens,4413.01,USD,2023-05-29T03:47:00,Lab work order from Walgreens,False
TXN004271,Customer_0224,checking,Southwest,healthcare,Blue Cross Premium,3986.89,USD,2023-01-07T15:12:00,Lab work order from Blue Cross Premium,False
TXN004272,Customer_0354,savings,Midwest,healthcare,CVS Pharmacy,1894.32,USD,2024-06-19T01:57:00,Prescription refill at CVS Pharmacy,False
TXN004273,Customer_0278,checking,Southwest,insurance,State Farm,-429.67,USD,2024-01-24T05:23:00,Life insurance premium payment to State Farm,False
TXN004274,Customer_0376,credit,West,insurance,Allstate,812.75,USD,2023-01-24T13:56:00,Life insurance premium payment to Allstate,False
TXN004275,Customer_0269,checking,Midwest,healthcare,Urgent Care Now,3259.15,USD,2023-12-27T17:08:00,Annual physical copay at Urgent Care Now,False
TXN004276,Customer_0341,checking,West,travel,Airbnb,3402.02,USD,2024-04-16T11:54:00,Flight to Chicago via Airbnb for annual conference,True
TXN004277,Customer_0231,credit,Northeast,dining,The Cheesecake Factory,3826.26,USD,2023-08-09T09:49:00,"Lunch with the team at The Cheesecake Factory, celebrated Q3 results",False
TXN004278,Customer_0436,credit,Southwest,entertainment,Steam,4162.31,USD,2024-06-05T22:43:00,In-app purchase on Steam platform,False
TXN004279,Customer_0301,credit,West,education,Coursera,4442.67,USD,2023-01-09T16:01:00,Coursera course enrollment — data engineering,False
TXN004280,Customer_0282,credit,Northeast,healthcare,Walgreens,833.48,USD,2023-06-30T22:09:00,Lab work order from Walgreens,False
TXN004281,Customer_0353,credit,Midwest,utilities,Verizon,3605.73,USD,2023-07-19T20:31:00,Verizon electricity bill for the apartment,False
TXN004282,Customer_0168,savings,Southeast,shopping,Best Buy,1498.13,USD,2023-06-23T04:00:00,In-store purchase at Best Buy — seasonal wardrobe,False
TXN004283,Customer_0410,checking,Southwest,utilities,ConEdison,3740.89,USD,2024-01-31T03:13:00,ConEdison electricity bill for the apartment,False
TXN004284,Customer_0023,credit,West,education,Coursera,3051.61,USD,2023-07-27T19:38:00,Coursera annual learning subscription,False
TXN004285,Customer_0266,credit,Southeast,dining,Chipotle,2962.81,USD,2023-05-25T02:24:00,"Client dinner at Chipotle, discussed Q4 roadmap",False
TXN004286,Customer_0095,savings,Southwest,rent,First Place Rentals,1702.82,USD,2024-01-18T22:31:00,Lease renewal fee at First Place Rentals,False
TXN004287,Customer_0007,savings,West,dining,Chipotle,1899.68,USD,2023-12-08T20:41:00,"Lunch with the team at Chipotle, celebrated Q3 results",False
TXN004288,Customer_0315,savings,Northeast,travel,Uber,160.36,USD,2023-05-24T06:20:00,Car rental from Uber for client site visit,False
TXN004289,Customer_0001,credit,Southwest,insurance,USAA,2623.04,USD,2024-06-10T16:59:00,Life insurance premium payment to USAA,False
TXN004290,Customer_0236,checking,Midwest,groceries,Aldi,417.47,USD,2023-06-28T06:45:00,"Weekly grocery run at Aldi, stocked up on essentials",False
TXN004291,Customer_0286,credit,Southwest,utilities,National Grid,136.91,USD,2023-10-21T08:50:00,National Grid wireless plan — family plan renewal,False
TXN004292,Customer_0089,savings,West,utilities,National Grid,3509.17,USD,2024-05-22T13:13:00,Monthly National Grid internet and cable bill,False
TXN004293,Customer_0259,checking,Midwest,utilities,AT&T,2645.09,USD,2023-08-27T16:57:00,AT&T wireless plan — family plan renewal,False
TXN004294,Customer_0250,savings,West,utilities,AT&T,4425.26,USD,2024-06-08T22:50:00,AT&T wireless plan — family plan renewal,False
TXN004295,Customer_0034,credit,West,dining,Olive Garden,2504.85,USD,2023-10-13T14:10:00,"Lunch with the team at Olive Garden, celebrated Q3 results",False
TXN004296,Customer_0317,credit,West,utilities,AT&T,721.9,USD,2023-11-13T12:00:00,Monthly AT&T internet and cable bill,False
TXN004297,Customer_0059,savings,Northeast,travel,Marriott Hotels,602.53,USD,2023-11-12T05:45:00,Flight to Chicago via Marriott Hotels for annual conference,False
TXN004298,Customer_0447,checking,Southwest,travel,Airbnb,2368.84,USD,2023-11-22T19:51:00,Hotel stay at Airbnb during product summit,False
TXN004299,Customer_0177,checking,West,shopping,Target,3857.37,USD,2023-06-21T12:05:00,Online order from Target — home office equipment,False
TXN004300,Customer_0479,checking,Northeast,rent,Apartment LLC,2588.7,USD,2023-03-13T14:38:00,Monthly rent payment to Apartment LLC,False
TXN004301,Customer_0087,checking,Southeast,travel,Uber,1018.63,USD,2023-01-19T02:13:00,Flight to Chicago via Uber for annual conference,False
TXN004302,Customer_0287,checking,Southwest,groceries,Trader Joe's,3828.32,USD,2023-11-16T00:04:00,"Weekly grocery run at Trader Joe's, stocked up on essentials",False
TXN004303,Customer_0121,savings,Northeast,entertainment,Steam,1746.88,USD,2024-04-21T15:09:00,Movie tickets at Steam — family outing,False
TXN004304,Customer_0357,credit,Southwest,travel,Delta Airlines,3344.75,USD,2023-01-08T13:47:00,Car rental from Delta Airlines for client site visit,False
TXN004305,Customer_0014,checking,West,utilities,ConEdison,1088.19,USD,2023-07-11T13:08:00,Monthly ConEdison internet and cable bill,False
TXN004306,Customer_0194,checking,West,dining,Chipotle,3794.66,USD,2023-09-08T01:56:00,"Client dinner at Chipotle, discussed Q4 roadmap",False
TXN004307,Customer_0016,credit,West,dining,The Cheesecake Factory,935.2,USD,2024-03-29T06:03:00,"Lunch with the team at The Cheesecake Factory, celebrated Q3 results",False
TXN004308,Customer_0048,credit,Southeast,rent,Urban Living Co,4389.71,USD,2023-12-13T18:40:00,Security deposit — Urban Living Co,False
TXN004309,Customer_0116,credit,Southwest,shopping,Best Buy,-398.7,USD,2024-01-06T15:17:00,Online order from Best Buy — home office equipment,False
TXN004310,Customer_0360,checking,Northeast,rent,Apartment LLC,1443.78,USD,2023-11-02T03:25:00,Lease renewal fee at Apartment LLC,False
TXN004311,Customer_0221,credit,Southeast,shopping,IKEA,201.88,USD,2023-05-05T08:25:00,In-store purchase at IKEA — seasonal wardrobe,False
TXN004312,Customer_0190,savings,Southwest,groceries,Trader Joe's,1154.26,USD,2023-10-25T12:55:00,"Monthly bulk purchase at Trader Joe's, household supplies",False
TXN004313,Customer_0469,credit,Northeast,travel,Delta Airlines,2261.51,USD,2023-05-24T06:10:00,Flight to Chicago via Delta Airlines for annual conference,True
TXN004314,Customer_0310,checking,West,shopping,Best Buy,2702.21,USD,2023-01-17T19:07:00,Online order from Best Buy — home office equipment,False
TXN004315,Customer_0381,credit,Southeast,healthcare,CVS Pharmacy,4360.82,USD,2024-02-04T14:30:00,Annual physical copay at CVS Pharmacy,False
TXN004316,Customer_0082,credit,Southeast,groceries,Walmart Grocery,428.18,USD,2024-06-11T20:18:00,Quick stop at Walmart Grocery for produce and dairy,False
TXN004317,Customer_0446,credit,Southwest,rent,Sunset Apartments,1915.27,USD,2024-05-26T05:00:00,Security deposit — Sunset Apartments,False
TXN004318,Customer_0016,checking,West,groceries,Walmart Grocery,4405.96,USD,2023-12-14T07:18:00,"Monthly bulk purchase at Walmart Grocery, household supplies",False
TXN004319,Customer_0494,credit,West,entertainment,Netflix,1315.16,USD,2023-04-28T21:58:00,In-app purchase on Netflix platform,False
TXN004320,Customer_0187,credit,Midwest,education,MIT OpenCourseWare,984.38,USD,2023-12-30T00:35:00,Textbook purchase at MIT OpenCourseWare for continuing ed,False
TXN004321,Customer_0299,savings,Midwest,groceries,Trader Joe's,-216.13,USD,2024-04-26T06:20:00,"Monthly bulk purchase at Trader Joe's, household supplies",False
TXN004322,Customer_0105,savings,Northeast,entertainment,Spotify,3097.23,USD,2023-02-08T19:01:00,In-app purchase on Spotify platform,False
TXN004323,Customer_0136,credit,West,travel,Uber,259.81,USD,2023-11-01T14:02:00,Hotel stay at Uber during product summit,False
TXN004324,Customer_0031,savings,Northeast,utilities,National Grid,1981.41,USD,2023-06-21T05:23:00,Monthly National Grid internet and cable bill,False
TXN004325,Customer_0381,checking,West,healthcare,Walgreens,2964.59,USD,2024-03-07T05:11:00,Lab work order from Walgreens,False
TXN004326,Customer_0137,credit,Northeast,rent,Metro Realty,4167.84,USD,2023-04-09T12:15:00,Security deposit — Metro Realty,False
TXN004327,Customer_0284,checking,Southwest,education,Barnes & Noble,1582.72,USD,2023-04-27T14:12:00,Barnes & Noble course enrollment — data engineering,False
TXN004328,Customer_0053,checking,Southwest,utilities,Verizon,1830.43,USD,2023-06-17T18:27:00,Verizon wireless plan — family plan renewal,False
TXN004329,Customer_0431,savings,Midwest,healthcare,Blue Cross Premium,619.1,USD,2024-01-31T08:46:00,Prescription refill at Blue Cross Premium,False
TXN004330,Customer_0196,checking,Midwest,education,Chegg,2088.6,USD,2023-02-18T17:16:00,Textbook purchase at Chegg for continuing ed,False
TXN004331,Customer_0157,checking,Southwest,groceries,Whole Foods,3901.86,USD,2023-06-08T11:29:00,"Monthly bulk purchase at Whole Foods, household supplies",False
TXN004332,Customer_0074,credit,Midwest,rent,First Place Rentals,2318.31,USD,2023-12-09T03:16:00,Monthly rent payment to First Place Rentals,False
TXN004333,Customer_0474,credit,Southwest,travel,Uber,-96.9,USD,2024-02-24T10:53:00,Car rental from Uber for client site visit,False
TXN004334,Customer_0399,savings,Southeast,insurance,Geico,3563.49,USD,2024-06-26T06:51:00,Life insurance premium payment to Geico,False
TXN004335,Customer_0113,checking,Southwest,groceries,Walmart Grocery,72.93,USD,2023-08-19T01:14:00,"Weekly grocery run at Walmart Grocery, stocked up on essentials",False
TXN004336,Customer_0244,savings,West,insurance,Progressive,475.19,USD,2023-05-26T22:44:00,Monthly Progressive auto insurance premium,False
TXN004337,Customer_0052,credit,West,rent,Apartment LLC,-247.36,USD,2023-02-05T19:22:00,Lease renewal fee at Apartment LLC,False
TXN004338,Customer_0436,savings,Southwest,entertainment,AMC Theaters,4213.25,USD,2023-04-30T09:15:00,In-app purchase on AMC Theaters platform,False
TXN004339,Customer_0060,credit,Midwest,shopping,IKEA,2487.61,USD,2024-01-17T13:31:00,Online order from IKEA — home office equipment,False
TXN004340,Customer_0093,credit,West,healthcare,Urgent Care Now,2814.07,USD,2023-08-21T05:45:00,Annual physical copay at Urgent Care Now,False
TXN004341,Customer_0325,credit,Northeast,travel,Uber,-339.81,USD,2023-02-11T10:26:00,Flight to Chicago via Uber for annual conference,False
TXN004342,Customer_0098,checking,West,healthcare,CVS Pharmacy,287.7,USD,2024-02-11T16:41:00,Annual physical copay at CVS Pharmacy,False
TXN004343,Customer_0281,checking,West,travel,Hertz,2000.59,USD,2023-02-04T11:51:00,Car rental from Hertz for client site visit,False
TXN004344,Customer_0096,checking,West,dining,Olive Garden,-341.95,USD,2023-09-04T14:16:00,"Lunch with the team at Olive Garden, celebrated Q3 results",False
TXN004345,Customer_0497,checking,Southwest,utilities,National Grid,2405.84,USD,2023-09-27T06:18:00,Monthly National Grid internet and cable bill,False
TXN004346,Customer_0288,checking,West,healthcare,Blue Cross Premium,541.34,USD,2023-05-08T02:06:00,Lab work order from Blue Cross Premium,False
TXN004347,Customer_0228,checking,Midwest,entertainment,Steam,4163.78,USD,2024-04-17T17:30:00,In-app purchase on Steam platform,False
TXN004348,Customer_0166,savings,West,utilities,ConEdison,549.08,USD,2023-11-09T14:57:00,ConEdison electricity bill for the apartment,False
TXN004349,Customer_0274,savings,Southwest,utilities,AT&T,444.22,USD,2023-06-30T12:25:00,AT&T wireless plan — family plan renewal,False
TXN004350,Customer_0310,savings,Southeast,groceries,Whole Foods,3907.46,USD,2023-07-19T01:07:00,"Monthly bulk purchase at Whole Foods, household supplies",False
TXN004351,Customer_0208,savings,West,healthcare,Blue Cross Premium,3312.42,USD,2023-01-11T16:33:00,Lab work order from Blue Cross Premium,False
TXN004352,Customer_0067,savings,Midwest,entertainment,Netflix,-475.19,USD,2024-02-16T22:11:00,Movie tickets at Netflix — family outing,False
TXN004353,Customer_0194,checking,Southwest,travel,Airbnb,2105.46,USD,2024-04-13T06:48:00,Flight to Chicago via Airbnb for annual conference,False
TXN004354,Customer_0265,checking,Southeast,utilities,AT&T,2540.06,USD,2024-04-07T04:48:00,AT&T electricity bill for the apartment,False
TXN004355,Customer_0004,credit,Southeast,utilities,Verizon,4480.36,USD,2023-01-04T20:33:00,Verizon wireless plan — family plan renewal,False
TXN004356,Customer_0147,savings,West,utilities,ConEdison,508.19,USD,2023-09-19T18:11:00,ConEdison wireless plan — family plan renewal,False
TXN004357,Customer_0050,checking,Southeast,utilities,Verizon,4382.56,USD,2024-05-01T20:08:00,Verizon wireless plan — family plan renewal,False
TXN004358,Customer_0039,savings,Midwest,travel,Airbnb,3515.37,USD,2023-08-01T21:37:00,Car rental from Airbnb for client site visit,False
TXN004359,Customer_0103,savings,West,insurance,USAA,158.63,USD,2023-03-06T13:03:00,Monthly USAA auto insurance premium,False
TXN004360,Customer_0389,credit,West,utilities,Verizon,331.65,USD,2024-02-18T00:09:00,Verizon electricity bill for the apartment,False
TXN004361,Customer_0354,credit,Midwest,entertainment,Apple iTunes,2126.99,USD,2024-06-27T16:04:00,Apple iTunes monthly subscription auto-renewal,True
TXN004362,Customer_0039,checking,Southwest,groceries,Trader Joe's,400.9,USD,2024-06-06T21:15:00,"Monthly bulk purchase at Trader Joe's, household supplies",False
TXN004363,Customer_0291,checking,Northeast,utilities,Verizon,2432.51,USD,2023-06-08T05:50:00,Verizon wireless plan — family plan renewal,False
TXN004364,Customer_0304,savings,Southeast,insurance,Geico,1918.52,USD,2024-03-07T18:33:00,Geico renters insurance quarterly payment,False
TXN004365,Customer_0417,credit,West,utilities,Comcast Xfinity,1976.83,USD,2023-04-12T21:05:00,Monthly Comcast Xfinity internet and cable bill,False
TXN004366,Customer_0283,checking,Northeast,travel,Marriott Hotels,3680.1,USD,2023-10-14T12:31:00,Flight to Chicago via Marriott Hotels for annual conference,False
TXN004367,Customer_0288,checking,Midwest,dining,The Cheesecake Factory,4426.39,USD,2023-10-29T14:06:00,Morning coffee and pastry at The Cheesecake Factory,False
TXN004368,Customer_0146,credit,West,travel,Delta Airlines,910.95,USD,2023-11-11T16:21:00,Car rental from Delta Airlines for client site visit,False
TXN004369,Customer_0360,checking,West,utilities,National Grid,2911.2,USD,2023-08-15T04:51:00,National Grid wireless plan — family plan renewal,False
TXN004370,Customer_0313,credit,Midwest,shopping,Amazon,1874.99,USD,2023-03-09T22:15:00,Flash sale purchase at Amazon,False
TXN004371,Customer_0150,checking,West,rent,First Place Rentals,1922.76,USD,2023-09-15T20:14:00,Monthly rent payment to First Place Rentals,False
TXN004372,Customer_0380,savings,West,shopping,IKEA,1100.36,USD,2023-03-29T16:17:00,Flash sale purchase at IKEA,False
TXN004373,Customer_0269,savings,Southwest,healthcare,Blue Cross Premium,2170.06,USD,2023-05-22T22:39:00,Annual physical copay at Blue Cross Premium,False
TXN004374,Customer_0349,credit,Southeast,healthcare,Urgent Care Now,1865.92,USD,2024-03-26T09:19:00,Prescription refill at Urgent Care Now,False
TXN004375,Customer_0194,checking,Midwest,rent,Urban Living Co,3414.83,USD,2023-05-14T08:17:00,Monthly rent payment to Urban Living Co,False
TXN004376,Customer_0062,savings,Southwest,travel,Uber,2236.91,USD,2023-06-27T19:21:00,Hotel stay at Uber during product summit,False
TXN004377,Customer_0389,checking,Northeast,rent,First Place Rentals,4108.87,USD,2023-08-28T14:46:00,Lease renewal fee at First Place Rentals,False
TXN004378,Customer_0261,credit,Northeast,travel,Hertz,16.48,USD,2023-11-08T06:31:00,Hotel stay at Hertz during product summit,False
TXN004379,Customer_0005,credit,West,travel,Airbnb,4014.24,USD,2023-11-23T10:54:00,Car rental from Airbnb for client site visit,False
TXN004380,Customer_0470,checking,West,insurance,Allstate,2768.16,USD,2024-05-29T06:39:00,Monthly Allstate auto insurance premium,False
TXN004381,Customer_0407,savings,Southwest,dining,Starbucks,-339.74,USD,2023-10-25T05:22:00,"Lunch with the team at Starbucks, celebrated Q3 results",False
TXN004382,Customer_0244,savings,Southwest,dining,Panera Bread,2020.15,USD,2024-01-23T06:40:00,"Client dinner at Panera Bread, discussed Q4 roadmap",False
TXN004383,Customer_0384,checking,Midwest,dining,Chipotle,4080.11,USD,2024-02-08T01:55:00,Morning coffee and pastry at Chipotle,False
TXN004384,Customer_0490,savings,Northeast,healthcare,Blue Cross Premium,2357.55,USD,2023-02-22T18:25:00,Prescription refill at Blue Cross Premium,True
TXN004385,Customer_0499,credit,Northeast,groceries,Kroger,3727.08,USD,2023-12-18T06:05:00,Quick stop at Kroger for produce and dairy,False
TXN004386,Customer_0192,savings,Southwest,shopping,Amazon,744.53,USD,2024-04-19T22:37:00,Flash sale purchase at Amazon,False
TXN004387,Customer_0450,savings,Southwest,dining,The Cheesecake Factory,1039.49,USD,2024-04-07T10:29:00,"Lunch with the team at The Cheesecake Factory, celebrated Q3 results",False
TXN004388,Customer_0098,savings,Southeast,healthcare,LabCorp,3534.97,USD,2024-03-03T00:23:00,Annual physical copay at LabCorp,False
TXN004389,Customer_0361,credit,West,insurance,USAA,3658.86,USD,2024-02-14T12:46:00,Monthly USAA auto insurance premium,False
TXN004390,Customer_0019,savings,Northeast,dining,Olive Garden,3411.3,USD,2023-10-24T20:01:00,"Client dinner at Olive Garden, discussed Q4 roadmap",False
TXN004391,Customer_0071,credit,West,utilities,ConEdison,2004.88,USD,2023-05-04T18:56:00,ConEdison wireless plan — family plan renewal,False
TXN004392,Customer_0381,credit,Southeast,education,Barnes & Noble,3897.42,USD,2023-01-23T19:41:00,Barnes & Noble course enrollment — data engineering,False
TXN004393,Customer_0102,savings,Midwest,entertainment,Spotify,3090.85,USD,2023-12-05T14:38:00,Spotify monthly subscription auto-renewal,False
TXN004394,Customer_0401,credit,West,groceries,Whole Foods,839.0,USD,2023-05-15T07:03:00,Quick stop at Whole Foods for produce and dairy,False
TXN004395,Customer_0102,savings,Northeast,utilities,National Grid,2013.12,USD,2024-01-15T03:50:00,National Grid electricity bill for the apartment,False
TXN004396,Customer_0195,savings,Southwest,dining,Starbucks,2188.14,USD,2024-01-05T18:42:00,"Client dinner at Starbucks, discussed Q4 roadmap",False
TXN004397,Customer_0308,savings,West,utilities,Comcast Xfinity,4284.98,USD,2023-08-12T14:05:00,Comcast Xfinity wireless plan — family plan renewal,False
TXN004398,Customer_0061,checking,Northeast,education,MIT OpenCourseWare,3508.69,USD,2023-11-10T10:16:00,Textbook purchase at MIT OpenCourseWare for continuing ed,False
TXN004399,Customer_0462,savings,Southeast,travel,Hertz,2812.49,USD,2024-06-25T04:24:00,Car rental from Hertz for client site visit,False
TXN004400,Customer_0346,savings,West,education,Chegg,1258.34,USD,2024-05-13T08:49:00,Chegg annual learning subscription,False
TXN004401,Customer_0447,checking,Southwest,shopping,Zara,4455.8,USD,2024-05-05T16:27:00,Flash sale purchase at Zara,False
TXN004402,Customer_0300,checking,Southwest,dining,The Cheesecake Factory,2428.84,USD,2023-10-20T19:03:00,"Lunch with the team at The Cheesecake Factory, celebrated Q3 results",False
TXN004403,Customer_0232,checking,Midwest,entertainment,AMC Theaters,1258.37,USD,2023-11-04T08:21:00,In-app purchase on AMC Theaters platform,False
TXN004404,Customer_0130,savings,Southeast,education,Barnes & Noble,291.53,USD,2024-05-01T08:57:00,Textbook purchase at Barnes & Noble for continuing ed,False
TXN004405,Customer_0130,savings,Northeast,healthcare,CVS Pharmacy,1109.37,USD,2023-09-02T14:34:00,Lab work order from CVS Pharmacy,False
TXN004406,Customer_0307,credit,Northeast,insurance,Geico,1417.09,USD,2023-01-20T17:41:00,Monthly Geico auto insurance premium,False
TXN004407,Customer_0241,savings,Northeast,insurance,Allstate,2068.43,USD,2023-04-19T06:36:00,Allstate renters insurance quarterly payment,False
TXN004408,Customer_0202,savings,Southwest,rent,Urban Living Co,2827.51,USD,2024-05-04T22:49:00,Lease renewal fee at Urban Living Co,False
TXN004409,Customer_0247,checking,Southwest,shopping,Target,3435.02,USD,2024-02-17T05:26:00,Online order from Target — home office equipment,False
TXN004410,Customer_0408,checking,Southwest,education,Barnes & Noble,319.66,USD,2024-02-06T06:50:00,Textbook purchase at Barnes & Noble for continuing ed,False
TXN004411,Customer_0067,savings,Southwest,utilities,AT&T,645.15,USD,2024-06-12T13:19:00,Monthly AT&T internet and cable bill,True
TXN004412,Customer_0291,savings,West,entertainment,Steam,1651.37,USD,2023-02-01T10:14:00,In-app purchase on Steam platform,False
TXN004413,Customer_0148,checking,Southeast,entertainment,Spotify,4346.31,USD,2023-04-22T20:29:00,In-app purchase on Spotify platform,False
TXN004414,Customer_0091,credit,Southwest,groceries,Aldi,146.16,USD,2023-09-13T08:58:00,"Monthly bulk purchase at Aldi, household supplies",False
TXN004415,Customer_0422,checking,Midwest,insurance,Geico,3555.41,USD,2023-09-10T12:20:00,Monthly Geico auto insurance premium,True
TXN004416,Customer_0021,checking,Northeast,healthcare,Blue Cross Premium,1921.29,USD,2023-06-23T06:12:00,Lab work order from Blue Cross Premium,False
TXN004417,Customer_0488,checking,Midwest,healthcare,Walgreens,70.54,USD,2024-04-12T10:32:00,Annual physical copay at Walgreens,False
TXN004418,Customer_0048,credit,Southeast,travel,Airbnb,2330.13,USD,2024-05-06T14:52:00,Hotel stay at Airbnb during product summit,False
TXN004419,Customer_0224,credit,Midwest,rent,Urban Living Co,1021.77,USD,2023-06-08T00:05:00,Monthly rent payment to Urban Living Co,False
TXN004420,Customer_0213,credit,Southeast,entertainment,AMC Theaters,1774.85,USD,2024-01-08T01:46:00,In-app purchase on AMC Theaters platform,False
TXN004421,Customer_0326,credit,West,dining,Chipotle,354.77,USD,2023-09-09T21:11:00,"Lunch with the team at Chipotle, celebrated Q3 results",False
TXN004422,Customer_0190,credit,Midwest,healthcare,Walgreens,1154.07,USD,2023-10-16T13:47:00,Prescription refill at Walgreens,False
TXN004423,Customer_0233,credit,Southeast,groceries,Trader Joe's,1265.61,USD,2024-03-22T08:19:00,"Monthly bulk purchase at Trader Joe's, household supplies",False
TXN004424,Customer_0262,credit,Northeast,dining,Olive Garden,2781.35,USD,2023-11-04T21:13:00,Morning coffee and pastry at Olive Garden,False
TXN004425,Customer_0323,credit,West,utilities,ConEdison,1183.36,USD,2023-05-09T17:42:00,ConEdison wireless plan — family plan renewal,False
TXN004426,Customer_0389,checking,Southwest,groceries,Kroger,4453.88,USD,2023-10-18T22:29:00,"Monthly bulk purchase at Kroger, household supplies",False
TXN004427,Customer_0238,credit,Midwest,dining,Starbucks,3442.32,USD,2023-04-01T16:55:00,Morning coffee and pastry at Starbucks,False
TXN004428,Customer_0071,credit,Midwest,groceries,Walmart Grocery,3946.83,USD,2023-02-23T11:42:00,"Monthly bulk purchase at Walmart Grocery, household supplies",False
TXN004429,Customer_0206,credit,Northeast,entertainment,Steam,1584.19,USD,2024-03-17T03:06:00,Movie tickets at Steam — family outing,False
TXN004430,Customer_0169,checking,Northeast,healthcare,Urgent Care Now,987.27,USD,2023-08-26T03:20:00,Annual physical copay at Urgent Care Now,False
TXN004431,Customer_0129,savings,Southeast,shopping,Best Buy,4346.81,USD,2023-01-17T22:20:00,Online order from Best Buy — home office equipment,False
TXN004432,Customer_0375,checking,Northeast,groceries,Whole Foods,4454.26,USD,2023-12-30T01:30:00,"Monthly bulk purchase at Whole Foods, household supplies",False
TXN004433,Customer_0435,checking,Southeast,utilities,AT&T,3082.01,USD,2023-10-06T20:46:00,AT&T electricity bill for the apartment,False
TXN004434,Customer_0073,checking,Midwest,utilities,Comcast Xfinity,2804.28,USD,2024-01-09T22:23:00,Comcast Xfinity wireless plan — family plan renewal,False
TXN004435,Customer_0197,savings,West,shopping,Target,1360.39,USD,2023-08-13T07:38:00,Flash sale purchase at Target,False
TXN004436,Customer_0180,checking,Southwest,rent,Metro Realty,327.02,USD,2024-05-31T16:22:00,Monthly rent payment to Metro Realty,False
TXN004437,Customer_0272,checking,Southwest,insurance,Allstate,4145.48,USD,2023-12-15T15:11:00,Life insurance premium payment to Allstate,False
TXN004438,Customer_0350,checking,Southwest,insurance,State Farm,2008.41,USD,2024-03-18T11:40:00,Life insurance premium payment to State Farm,False
TXN004439,Customer_0375,checking,West,insurance,Progressive,3402.65,USD,2023-10-27T10:55:00,Progressive renters insurance quarterly payment,False
TXN004440,Customer_0468,checking,West,healthcare,Blue Cross Premium,2107.57,USD,2023-04-12T17:51:00,Lab work order from Blue Cross Premium,False
TXN004441,Customer_0407,credit,Southwest,education,MIT OpenCourseWare,2036.73,USD,2023-02-02T21:08:00,MIT OpenCourseWare annual learning subscription,False
TXN004442,Customer_0300,checking,West,healthcare,Walgreens,1138.11,USD,2023-10-22T06:37:00,Prescription refill at Walgreens,True
TXN004443,Customer_0098,credit,Southeast,shopping,Best Buy,1135.02,USD,2023-02-12T04:19:00,Flash sale purchase at Best Buy,False
TXN004444,Customer_0052,credit,West,entertainment,AMC Theaters,3070.89,USD,2023-03-24T17:41:00,AMC Theaters monthly subscription auto-renewal,False
TXN004445,Customer_0388,savings,West,groceries,Whole Foods,818.03,USD,2023-07-04T19:43:00,"Weekly grocery run at Whole Foods, stocked up on essentials",False
TXN004446,Customer_0065,savings,Northeast,dining,Panera Bread,3625.58,USD,2024-02-06T13:42:00,Morning coffee and pastry at Panera Bread,False
TXN004447,Customer_0178,checking,West,education,Coursera,2201.77,USD,2023-12-16T13:23:00,Coursera course enrollment — data engineering,False
TXN004448,Customer_0459,checking,Northeast,groceries,Aldi,483.25,USD,2023-01-06T02:47:00,"Weekly grocery run at Aldi, stocked up on essentials",False
TXN004449,Customer_0292,checking,Northeast,insurance,State Farm,412.15,USD,2024-05-19T09:04:00,Monthly State Farm auto insurance premium,False
TXN004450,Customer_0020,credit,West,shopping,IKEA,3132.32,USD,2023-01-25T09:09:00,Flash sale purchase at IKEA,False
TXN004451,Customer_0436,savings,West,utilities,AT&T,2210.86,USD,2023-09-16T08:30:00,AT&T electricity bill for the apartment,False
TXN004452,Customer_0330,checking,West,shopping,Amazon,280.57,USD,2024-04-09T16:34:00,In-store purchase at Amazon — seasonal wardrobe,False
TXN004453,Customer_0031,savings,Southeast,travel,Delta Airlines,554.51,USD,2023-01-27T16:42:00,Hotel stay at Delta Airlines during product summit,False
TXN004454,Customer_0049,savings,Northeast,rent,First Place Rentals,213.96,USD,2023-12-20T12:17:00,Lease renewal fee at First Place Rentals,False
TXN004455,Customer_0187,savings,Southwest,shopping,Best Buy,2835.93,USD,2023-01-22T07:51:00,Flash sale purchase at Best Buy,False
TXN004456,Customer_0373,savings,West,shopping,IKEA,1444.3,USD,2023-03-27T00:52:00,Flash sale purchase at IKEA,False
TXN004457,Customer_0423,savings,Southwest,rent,First Place Rentals,3773.52,USD,2023-10-17T17:45:00,Lease renewal fee at First Place Rentals,False
TXN004458,Customer_0148,savings,Southeast,healthcare,Walgreens,3470.25,USD,2023-07-18T08:56:00,Prescription refill at Walgreens,False
TXN004459,Customer_0435,checking,Northeast,entertainment,Apple iTunes,787.57,USD,2023-01-25T04:25:00,Movie tickets at Apple iTunes — family outing,False
TXN004460,Customer_0416,credit,Southwest,education,MIT OpenCourseWare,1182.2,USD,2024-03-20T09:50:00,Textbook purchase at MIT OpenCourseWare for continuing ed,False
TXN004461,Customer_0242,checking,Southeast,shopping,Target,632.06,USD,2023-02-23T06:53:00,Flash sale purchase at Target,False
TXN004462,Customer_0199,checking,Southeast,insurance,State Farm,2138.78,USD,2023-01-30T17:49:00,Monthly State Farm auto insurance premium,False
TXN004463,Customer_0264,credit,West,entertainment,Apple iTunes,-445.07,USD,2023-03-22T03:10:00,Movie tickets at Apple iTunes — family outing,False
TXN004464,Customer_0031,savings,Midwest,insurance,Geico,1373.94,USD,2024-04-20T15:08:00,Geico renters insurance quarterly payment,False
TXN004465,Customer_0001,credit,Southwest,travel,Airbnb,3162.14,USD,2023-04-08T21:55:00,Flight to Chicago via Airbnb for annual conference,False
TXN004466,Customer_0171,checking,West,shopping,IKEA,4108.3,USD,2024-05-10T06:52:00,Online order from IKEA — home office equipment,False
TXN004467,Customer_0211,credit,West,dining,Chipotle,-200.49,USD,2023-10-08T13:47:00,"Lunch with the team at Chipotle, celebrated Q3 results",False
TXN004468,Customer_0311,savings,West,dining,The Cheesecake Factory,3989.24,USD,2023-12-10T06:40:00,"Client dinner at The Cheesecake Factory, discussed Q4 roadmap",False
TXN004469,Customer_0195,credit,Southwest,travel,Uber,1432.2,USD,2024-05-18T22:30:00,Flight to Chicago via Uber for annual conference,False
TXN004470,Customer_0198,checking,Southeast,utilities,Verizon,402.53,USD,2023-06-14T21:41:00,Verizon electricity bill for the apartment,False
TXN004471,Customer_0452,credit,Midwest,education,Coursera,1196.35,USD,2023-03-05T21:28:00,Coursera course enrollment — data engineering,False
TXN004472,Customer_0313,savings,Southeast,dining,The Cheesecake Factory,4480.19,USD,2023-05-25T07:03:00,Morning coffee and pastry at The Cheesecake Factory,False
TXN004473,Customer_0039,credit,Northeast,education,Chegg,1518.87,USD,2024-01-06T20:41:00,Chegg course enrollment — data engineering,False
TXN004474,Customer_0150,checking,West,healthcare,Walgreens,3620.56,USD,2023-05-09T21:52:00,Prescription refill at Walgreens,False
TXN004475,Customer_0045,savings,West,groceries,Kroger,2466.2,USD,2024-02-12T01:42:00,"Weekly grocery run at Kroger, stocked up on essentials",False
TXN004476,Customer_0043,credit,Southwest,utilities,AT&T,2410.48,USD,2023-08-09T08:59:00,AT&T wireless plan — family plan renewal,False
TXN004477,Customer_0032,credit,Southwest,rent,Urban Living Co,1127.31,USD,2024-05-25T14:39:00,Security deposit — Urban Living Co,False
TXN004478,Customer_0134,checking,West,utilities,ConEdison,656.65,USD,2024-04-19T12:09:00,ConEdison electricity bill for the apartment,False
TXN004479,Customer_0256,savings,Southeast,insurance,Allstate,-206.5,USD,2023-07-25T04:25:00,Life insurance premium payment to Allstate,False
TXN004480,Customer_0327,checking,Southwest,entertainment,Apple iTunes,113.69,USD,2023-12-10T03:26:00,In-app purchase on Apple iTunes platform,False
TXN004481,Customer_0270,checking,West,insurance,USAA,2506.41,USD,2023-05-24T14:30:00,Monthly USAA auto insurance premium,False
TXN004482,Customer_0344,credit,West,utilities,AT&T,1522.6,USD,2024-02-07T12:14:00,Monthly AT&T internet and cable bill,False
TXN004483,Customer_0130,savings,West,entertainment,Netflix,1993.25,USD,2024-03-11T10:45:00,Movie tickets at Netflix — family outing,False
TXN004484,Customer_0409,savings,Northeast,travel,Uber,3802.39,USD,2024-02-27T18:11:00,Hotel stay at Uber during product summit,False
TXN004485,Customer_0337,checking,Southwest,healthcare,CVS Pharmacy,473.88,USD,2023-11-01T10:16:00,Annual physical copay at CVS Pharmacy,False
TXN004486,Customer_0453,savings,Midwest,groceries,Walmart Grocery,2817.14,USD,2023-12-07T22:33:00,"Weekly grocery run at Walmart Grocery, stocked up on essentials",False
TXN004487,Customer_0153,checking,Southeast,education,Chegg,1409.25,USD,2023-09-13T03:11:00,Textbook purchase at Chegg for continuing ed,False
TXN004488,Customer_0311,savings,Southwest,groceries,Kroger,3479.75,USD,2023-06-30T20:58:00,"Monthly bulk purchase at Kroger, household supplies",False
TXN004489,Customer_0412,credit,Southwest,travel,Uber,574.96,USD,2023-05-02T12:55:00,Hotel stay at Uber during product summit,True
TXN004490,Customer_0359,savings,Midwest,utilities,ConEdison,1394.93,USD,2024-02-22T03:51:00,Monthly ConEdison internet and cable bill,False
TXN004491,Customer_0150,credit,West,dining,Olive Garden,495.92,USD,2023-08-16T18:41:00,Morning coffee and pastry at Olive Garden,False
TXN004492,Customer_0482,savings,Southwest,dining,Starbucks,2281.47,USD,2023-09-14T09:35:00,Morning coffee and pastry at Starbucks,False
TXN004493,Customer_0454,savings,West,groceries,Whole Foods,2066.79,USD,2023-04-18T10:24:00,"Weekly grocery run at Whole Foods, stocked up on essentials",False
TXN004494,Customer_0349,savings,Midwest,healthcare,Walgreens,25.2,USD,2023-10-05T15:36:00,Lab work order from Walgreens,False
TXN004495,Customer_0407,credit,Southwest,entertainment,Netflix,13.95,USD,2023-06-13T05:36:00,Movie tickets at Netflix — family outing,False
TXN004496,Customer_0167,credit,Midwest,shopping,Best Buy,2724.57,USD,2023-02-03T04:44:00,Online order from Best Buy — home office equipment,False
TXN004497,Customer_0328,savings,Southwest,education,Chegg,1452.18,USD,2024-04-08T04:33:00,Textbook purchase at Chegg for continuing ed,True
TXN004498,Customer_0092,savings,Northeast,travel,Marriott Hotels,3954.17,USD,2023-01-14T17:00:00,Car rental from Marriott Hotels for client site visit,False
TXN004499,Customer_0394,credit,Southwest,insurance,Geico,3910.38,USD,2023-01-14T00:44:00,Life insurance premium payment to Geico,False
TXN004500,Customer_0498,savings,Southwest,groceries,Walmart Grocery,2055.01,USD,2024-05-05T20:10:00,"Weekly grocery run at Walmart Grocery, stocked up on essentials",False
TXN004501,Customer_0440,credit,Northeast,travel,Delta Airlines,50.31,USD,2024-03-10T18:47:00,Flight to Chicago via Delta Airlines for annual conference,False
TXN004502,Customer_0332,savings,Southeast,travel,Marriott Hotels,2658.48,USD,2023-04-26T11:17:00,Car rental from Marriott Hotels for client site visit,False
TXN004503,Customer_0459,checking,West,dining,Olive Garden,-390.41,USD,2023-05-18T19:42:00,Morning coffee and pastry at Olive Garden,False
TXN004504,Customer_0171,credit,Southeast,rent,Metro Realty,2981.61,USD,2023-11-10T18:10:00,Monthly rent payment to Metro Realty,False
TXN004505,Customer_0420,credit,West,shopping,Target,2623.9,USD,2023-10-03T19:20:00,Flash sale purchase at Target,False
TXN004506,Customer_0118,checking,Midwest,dining,Chipotle,637.88,USD,2024-01-07T16:32:00,Morning coffee and pastry at Chipotle,False
TXN004507,Customer_0111,credit,Southwest,travel,Hertz,998.69,USD,2023-04-10T13:05:00,Car rental from Hertz for client site visit,False
TXN004508,Customer_0188,checking,Northeast,groceries,Walmart Grocery,4320.31,USD,2023-06-03T18:26:00,Quick stop at Walmart Grocery for produce and dairy,False
TXN004509,Customer_0449,credit,Southwest,rent,First Place Rentals,3412.2,USD,2023-11-01T02:27:00,Lease renewal fee at First Place Rentals,False
TXN004510,Customer_0400,credit,Southwest,healthcare,Walgreens,194.46,USD,2023-04-09T08:21:00,Lab work order from Walgreens,False
TXN004511,Customer_0062,savings,Southeast,insurance,Geico,2533.1,USD,2024-06-09T08:21:00,Monthly Geico auto insurance premium,False
TXN004512,Customer_0022,checking,Southwest,entertainment,Apple iTunes,2178.99,USD,2023-06-28T13:11:00,Movie tickets at Apple iTunes — family outing,False
TXN004513,Customer_0454,savings,Southeast,insurance,Allstate,3308.91,USD,2023-01-22T01:35:00,Allstate renters insurance quarterly payment,False
TXN004514,Customer_0463,savings,Midwest,groceries,Walmart Grocery,3610.74,USD,2023-08-04T21:42:00,Quick stop at Walmart Grocery for produce and dairy,False
TXN004515,Customer_0066,savings,Midwest,education,MIT OpenCourseWare,665.13,USD,2024-01-18T20:26:00,MIT OpenCourseWare annual learning subscription,False
TXN004516,Customer_0001,checking,Midwest,insurance,Progressive,3681.69,USD,2023-04-24T04:49:00,Progressive renters insurance quarterly payment,False
TXN004517,Customer_0350,savings,West,travel,Uber,846.61,USD,2023-02-08T00:08:00,Car rental from Uber for client site visit,False
TXN004518,Customer_0334,savings,Southeast,healthcare,CVS Pharmacy,3118.32,USD,2023-11-12T22:17:00,Lab work order from CVS Pharmacy,False
TXN004519,Customer_0249,checking,Midwest,groceries,Aldi,3640.64,USD,2024-06-29T15:31:00,Quick stop at Aldi for produce and dairy,False
TXN004520,Customer_0171,savings,Southeast,shopping,Target,4247.94,USD,2023-01-31T19:06:00,Online order from Target — home office equipment,False
TXN004521,Customer_0137,credit,West,groceries,Whole Foods,3110.12,USD,2023-11-11T20:49:00,"Monthly bulk purchase at Whole Foods, household supplies",False
TXN004522,Customer_0348,checking,Southeast,insurance,Geico,4002.75,USD,2023-07-19T00:20:00,Geico renters insurance quarterly payment,False
TXN004523,Customer_0398,savings,Southwest,rent,Sunset Apartments,2057.81,USD,2023-07-11T16:54:00,Security deposit — Sunset Apartments,False
TXN004524,Customer_0170,credit,West,healthcare,Blue Cross Premium,3275.87,USD,2023-11-28T12:56:00,Annual physical copay at Blue Cross Premium,False
TXN004525,Customer_0245,credit,Southeast,groceries,Kroger,1206.84,USD,2024-02-15T09:55:00,Quick stop at Kroger for produce and dairy,False
TXN004526,Customer_0134,savings,Midwest,education,Coursera,-174.99,USD,2023-12-15T07:15:00,Coursera course enrollment — data engineering,False
TXN004527,Customer_0321,credit,Midwest,rent,First Place Rentals,617.36,USD,2023-10-22T14:00:00,Security deposit — First Place Rentals,False
TXN004528,Customer_0198,checking,Southeast,dining,The Cheesecake Factory,163.34,USD,2024-05-08T01:27:00,"Client dinner at The Cheesecake Factory, discussed Q4 roadmap",False
TXN004529,Customer_0332,checking,Southeast,healthcare,CVS Pharmacy,2353.98,USD,2024-03-27T11:41:00,Prescription refill at CVS Pharmacy,False
TXN004530,Customer_0481,checking,Southeast,healthcare,Urgent Care Now,740.08,USD,2023-09-10T20:09:00,Annual physical copay at Urgent Care Now,False
TXN004531,Customer_0369,checking,Northeast,rent,First Place Rentals,3812.92,USD,2024-06-16T00:55:00,Security deposit — First Place Rentals,False
TXN004532,Customer_0419,checking,West,shopping,IKEA,3528.07,USD,2023-02-22T08:34:00,Flash sale purchase at IKEA,False
TXN004533,Customer_0051,savings,Southeast,groceries,Aldi,1496.62,USD,2024-03-01T18:49:00,"Monthly bulk purchase at Aldi, household supplies",False
TXN004534,Customer_0246,savings,Southwest,entertainment,Apple iTunes,4361.94,USD,2024-06-30T18:13:00,Apple iTunes monthly subscription auto-renewal,False
TXN004535,Customer_0473,credit,West,shopping,Amazon,2845.18,USD,2024-04-15T12:19:00,In-store purchase at Amazon — seasonal wardrobe,False
TXN004536,Customer_0042,credit,West,healthcare,Urgent Care Now,255.66,USD,2023-11-22T05:46:00,Lab work order from Urgent Care Now,False
TXN004537,Customer_0441,savings,Southeast,education,Barnes & Noble,168.08,USD,2023-03-08T04:26:00,Barnes & Noble annual learning subscription,True
TXN004538,Customer_0410,credit,Midwest,healthcare,Blue Cross Premium,284.21,USD,2023-12-11T19:23:00,Annual physical copay at Blue Cross Premium,False
TXN004539,Customer_0431,checking,Southeast,education,Chegg,1447.88,USD,2024-03-01T16:05:00,Chegg annual learning subscription,False
TXN004540,Customer_0401,credit,Southeast,education,Barnes & Noble,2032.34,USD,2023-12-23T18:58:00,Barnes & Noble course enrollment — data engineering,False
TXN004541,Customer_0368,checking,Southeast,travel,Marriott Hotels,4450.79,USD,2023-06-30T11:44:00,Car rental from Marriott Hotels for client site visit,False
TXN004542,Customer_0470,checking,West,travel,Uber,1440.05,USD,2023-07-03T22:29:00,Hotel stay at Uber during product summit,False
TXN004543,Customer_0065,credit,West,utilities,ConEdison,4097.25,USD,2023-07-25T04:31:00,Monthly ConEdison internet and cable bill,False
TXN004544,Customer_0490,checking,Southeast,travel,Marriott Hotels,2093.7,USD,2024-06-21T23:04:00,Flight to Chicago via Marriott Hotels for annual conference,False
TXN004545,Customer_0426,savings,Midwest,shopping,Amazon,3839.95,USD,2023-08-01T06:17:00,Flash sale purchase at Amazon,False
TXN004546,Customer_0193,checking,Southeast,groceries,Trader Joe's,4498.93,USD,2024-01-11T12:17:00,"Monthly bulk purchase at Trader Joe's, household supplies",False
TXN004547,Customer_0254,checking,Southeast,shopping,Target,3622.09,USD,2023-12-05T04:06:00,Flash sale purchase at Target,False
TXN004548,Customer_0485,savings,Northeast,dining,The Cheesecake Factory,2881.03,USD,2024-05-01T04:41:00,Morning coffee and pastry at The Cheesecake Factory,False
TXN004549,Customer_0407,credit,Midwest,shopping,Zara,200.79,USD,2024-01-08T05:24:00,In-store purchase at Zara — seasonal wardrobe,False
TXN004550,Customer_0450,checking,Midwest,travel,Marriott Hotels,1296.43,USD,2023-02-06T10:59:00,Hotel stay at Marriott Hotels during product summit,False
TXN004551,Customer_0493,checking,Southeast,healthcare,Walgreens,3438.48,USD,2023-01-18T00:17:00,Prescription refill at Walgreens,False
TXN004552,Customer_0085,checking,Midwest,insurance,USAA,2132.35,USD,2023-02-22T16:31:00,Monthly USAA auto insurance premium,False
TXN004553,Customer_0341,checking,Southeast,healthcare,Blue Cross Premium,3577.22,USD,2023-12-09T11:22:00,Lab work order from Blue Cross Premium,False
TXN004554,Customer_0079,credit,Midwest,insurance,Progressive,2498.89,USD,2023-08-03T19:36:00,Life insurance premium payment to Progressive,False
TXN004555,Customer_0367,savings,West,entertainment,Apple iTunes,-437.74,USD,2023-08-02T06:58:00,In-app purchase on Apple iTunes platform,False
TXN004556,Customer_0199,checking,Southwest,education,Barnes & Noble,4362.69,USD,2023-10-23T00:19:00,Barnes & Noble annual learning subscription,False
TXN004557,Customer_0171,savings,West,healthcare,CVS Pharmacy,2050.14,USD,2023-12-22T10:33:00,Prescription refill at CVS Pharmacy,False
TXN004558,Customer_0204,credit,West,rent,Apartment LLC,1792.77,USD,2023-05-17T05:12:00,Lease renewal fee at Apartment LLC,False
TXN004559,Customer_0123,credit,Northeast,travel,Delta Airlines,1084.84,USD,2023-04-18T01:52:00,Hotel stay at Delta Airlines during product summit,False
TXN004560,Customer_0389,checking,Midwest,rent,Sunset Apartments,3326.75,USD,2023-03-22T21:51:00,Monthly rent payment to Sunset Apartments,False
TXN004561,Customer_0204,checking,Southeast,entertainment,Spotify,4391.73,USD,2023-05-28T06:10:00,Spotify monthly subscription auto-renewal,False
TXN004562,Customer_0148,savings,Midwest,dining,The Cheesecake Factory,3222.4,USD,2023-05-20T04:16:00,"Lunch with the team at The Cheesecake Factory, celebrated Q3 results",False
TXN004563,Customer_0354,checking,Northeast,travel,Marriott Hotels,1083.16,USD,2023-01-16T00:06:00,Hotel stay at Marriott Hotels during product summit,False
TXN004564,Customer_0083,savings,Southeast,education,Barnes & Noble,774.99,USD,2023-12-07T01:41:00,Barnes & Noble annual learning subscription,False
TXN004565,Customer_0118,checking,Southwest,education,Barnes & Noble,3215.09,USD,2023-11-27T12:07:00,Barnes & Noble course enrollment — data engineering,False
TXN004566,Customer_0357,credit,Midwest,education,Chegg,2649.78,USD,2024-02-22T23:31:00,Chegg course enrollment — data engineering,False
TXN004567,Customer_0306,savings,West,entertainment,Netflix,3392.51,USD,2024-01-07T06:24:00,Movie tickets at Netflix — family outing,False
TXN004568,Customer_0021,credit,Northeast,entertainment,Netflix,855.54,USD,2024-02-06T07:57:00,Movie tickets at Netflix — family outing,False
TXN004569,Customer_0063,credit,Midwest,shopping,Amazon,2185.77,USD,2024-03-09T15:53:00,Online order from Amazon — home office equipment,False
TXN004570,Customer_0102,savings,Southeast,shopping,Amazon,3357.76,USD,2023-05-30T09:20:00,In-store purchase at Amazon — seasonal wardrobe,False
TXN004571,Customer_0101,credit,Southeast,insurance,USAA,3186.08,USD,2023-11-04T06:32:00,USAA renters insurance quarterly payment,False
TXN004572,Customer_0083,credit,Southeast,entertainment,Steam,2675.07,USD,2023-07-21T16:46:00,Steam monthly subscription auto-renewal,False
TXN004573,Customer_0173,credit,Northeast,utilities,Verizon,798.82,USD,2024-01-30T04:31:00,Verizon electricity bill for the apartment,False
TXN004574,Customer_0143,savings,Northeast,rent,Metro Realty,3949.12,USD,2023-06-25T09:21:00,Monthly rent payment to Metro Realty,False
TXN004575,Customer_0227,credit,Northeast,travel,Hertz,1136.12,USD,2024-06-18T21:52:00,Flight to Chicago via Hertz for annual conference,False
TXN004576,Customer_0330,savings,Northeast,utilities,Verizon,1023.99,USD,2023-10-14T13:58:00,Verizon wireless plan — family plan renewal,False
TXN004577,Customer_0058,savings,Southeast,rent,Urban Living Co,2894.04,USD,2023-12-17T17:52:00,Monthly rent payment to Urban Living Co,False
TXN004578,Customer_0483,credit,Midwest,utilities,Comcast Xfinity,2352.68,USD,2023-03-23T23:57:00,Comcast Xfinity wireless plan — family plan renewal,False
TXN004579,Customer_0138,savings,Southwest,rent,Apartment LLC,-321.31,USD,2024-05-08T11:36:00,Security deposit — Apartment LLC,False
TXN004580,Customer_0116,checking,Southeast,insurance,State Farm,3639.75,USD,2023-01-15T00:30:00,State Farm renters insurance quarterly payment,True
TXN004581,Customer_0258,savings,West,shopping,Amazon,1963.61,USD,2024-04-12T09:29:00,Flash sale purchase at Amazon,False
TXN004582,Customer_0128,credit,Midwest,healthcare,Walgreens,2790.87,USD,2024-01-25T11:02:00,Lab work order from Walgreens,False
TXN004583,Customer_0433,credit,Northeast,shopping,Zara,2992.25,USD,2023-06-26T10:52:00,Online order from Zara — home office equipment,False
TXN004584,Customer_0342,checking,Midwest,healthcare,LabCorp,469.35,USD,2023-12-30T23:26:00,Lab work order from LabCorp,False
TXN004585,Customer_0216,credit,Southwest,entertainment,Netflix,1905.58,USD,2023-01-27T20:59:00,Netflix monthly subscription auto-renewal,False
TXN004586,Customer_0248,checking,Southeast,entertainment,Netflix,1412.27,USD,2023-07-25T13:52:00,Movie tickets at Netflix — family outing,False
TXN004587,Customer_0221,savings,Midwest,entertainment,AMC Theaters,4402.97,USD,2023-08-19T04:26:00,AMC Theaters monthly subscription auto-renewal,False
TXN004588,Customer_0464,checking,West,entertainment,Spotify,3908.8,USD,2023-03-14T11:09:00,In-app purchase on Spotify platform,False
TXN004589,Customer_0347,savings,Southwest,entertainment,Spotify,198.33,USD,2023-09-11T20:58:00,Spotify monthly subscription auto-renewal,False
TXN004590,Customer_0096,checking,Midwest,healthcare,Walgreens,4356.46,USD,2023-06-17T23:55:00,Lab work order from Walgreens,False
TXN004591,Customer_0032,savings,West,entertainment,Apple iTunes,1271.36,USD,2024-01-26T09:18:00,In-app purchase on Apple iTunes platform,False
TXN004592,Customer_0016,savings,Southwest,shopping,Target,2102.73,USD,2023-03-23T23:02:00,Online order from Target — home office equipment,False
TXN004593,Customer_0149,credit,Northeast,groceries,Whole Foods,1327.99,USD,2024-01-16T12:38:00,"Weekly grocery run at Whole Foods, stocked up on essentials",False
TXN004594,Customer_0367,credit,Northeast,travel,Delta Airlines,3326.31,USD,2023-01-27T08:16:00,Flight to Chicago via Delta Airlines for annual conference,False
TXN004595,Customer_0037,credit,Midwest,groceries,Whole Foods,767.12,USD,2023-06-27T00:18:00,Quick stop at Whole Foods for produce and dairy,False
TXN004596,Customer_0455,savings,Northeast,utilities,AT&T,4309.49,USD,2023-05-14T02:03:00,AT&T wireless plan — family plan renewal,False
TXN004597,Customer_0403,checking,Southeast,entertainment,Spotify,136.35,USD,2023-04-01T11:46:00,Spotify monthly subscription auto-renewal,False
TXN004598,Customer_0395,savings,West,education,Barnes & Noble,179.84,USD,2024-01-02T20:07:00,Textbook purchase at Barnes & Noble for continuing ed,False
TXN004599,Customer_0207,checking,Southwest,entertainment,Apple iTunes,1558.31,USD,2023-12-26T03:17:00,Apple iTunes monthly subscription auto-renewal,False
TXN004600,Customer_0399,checking,Southwest,education,Chegg,3085.42,USD,2024-02-02T03:06:00,Chegg course enrollment — data engineering,False
TXN004601,Customer_0443,credit,West,dining,Chipotle,4082.93,USD,2023-04-09T08:13:00,"Lunch with the team at Chipotle, celebrated Q3 results",False
TXN004602,Customer_0332,savings,Midwest,rent,Urban Living Co,507.82,USD,2023-01-11T20:16:00,Security deposit — Urban Living Co,False
TXN004603,Customer_0358,checking,West,education,Udemy,1568.19,USD,2023-07-24T15:57:00,Textbook purchase at Udemy for continuing ed,False
TXN004604,Customer_0280,credit,Midwest,travel,Delta Airlines,656.92,USD,2023-11-25T23:47:00,Hotel stay at Delta Airlines during product summit,False
TXN004605,Customer_0379,credit,West,groceries,Aldi,1969.12,USD,2023-05-12T10:49:00,"Monthly bulk purchase at Aldi, household supplies",False
TXN004606,Customer_0377,credit,Southwest,utilities,National Grid,-465.69,USD,2023-09-01T02:53:00,Monthly National Grid internet and cable bill,False
TXN004607,Customer_0350,credit,Northeast,dining,The Cheesecake Factory,120.7,USD,2023-06-18T23:55:00,"Lunch with the team at The Cheesecake Factory, celebrated Q3 results",False
TXN004608,Customer_0330,checking,Southwest,dining,Olive Garden,2979.64,USD,2024-06-17T14:54:00,"Lunch with the team at Olive Garden, celebrated Q3 results",False
TXN004609,Customer_0319,checking,Midwest,dining,The Cheesecake Factory,2662.25,USD,2023-09-29T20:12:00,Morning coffee and pastry at The Cheesecake Factory,False
TXN004610,Customer_0089,savings,Southeast,healthcare,CVS Pharmacy,1826.26,USD,2024-06-29T22:27:00,Prescription refill at CVS Pharmacy,False
TXN004611,Customer_0020,savings,Northeast,shopping,IKEA,2471.43,USD,2023-06-25T18:40:00,In-store purchase at IKEA — seasonal wardrobe,False
TXN004612,Customer_0253,savings,West,education,Udemy,854.67,USD,2024-06-13T07:42:00,Textbook purchase at Udemy for continuing ed,False
TXN004613,Customer_0069,savings,Northeast,education,Barnes & Noble,-347.13,USD,2024-05-30T19:50:00,Barnes & Noble course enrollment — data engineering,False
TXN004614,Customer_0098,credit,Northeast,healthcare,CVS Pharmacy,3127.3,USD,2023-12-30T14:36:00,Lab work order from CVS Pharmacy,False
TXN004615,Customer_0043,credit,West,insurance,State Farm,1124.02,USD,2023-06-17T00:05:00,Life insurance premium payment to State Farm,False
TXN004616,Customer_0196,credit,West,travel,Hertz,3302.07,USD,2023-03-01T21:35:00,Hotel stay at Hertz during product summit,False
TXN004617,Customer_0436,checking,Southwest,shopping,Zara,3492.6,USD,2023-10-05T00:43:00,In-store purchase at Zara — seasonal wardrobe,False
TXN004618,Customer_0245,savings,West,groceries,Aldi,2964.01,USD,2023-08-10T13:01:00,"Weekly grocery run at Aldi, stocked up on essentials",False
TXN004619,Customer_0332,savings,Northeast,shopping,Target,987.36,USD,2024-02-05T12:44:00,Online order from Target — home office equipment,False
TXN004620,Customer_0011,credit,Northeast,education,Chegg,3565.24,USD,2023-02-07T10:53:00,Chegg course enrollment — data engineering,False
TXN004621,Customer_0319,checking,Midwest,rent,Apartment LLC,985.42,USD,2023-02-19T22:45:00,Lease renewal fee at Apartment LLC,False
TXN004622,Customer_0457,savings,Midwest,insurance,Geico,4426.01,USD,2023-11-16T02:37:00,Geico renters insurance quarterly payment,False
TXN004623,Customer_0201,checking,Midwest,entertainment,Netflix,1179.32,USD,2023-01-14T22:11:00,Netflix monthly subscription auto-renewal,False
TXN004624,Customer_0061,credit,Southwest,rent,First Place Rentals,1983.78,USD,2023-04-23T23:57:00,Monthly rent payment to First Place Rentals,False
TXN004625,Customer_0313,checking,Southeast,rent,First Place Rentals,1861.69,USD,2023-05-18T02:28:00,Monthly rent payment to First Place Rentals,False
TXN004626,Customer_0171,savings,Northeast,rent,Apartment LLC,3451.88,USD,2023-02-11T08:12:00,Monthly rent payment to Apartment LLC,False
TXN004627,Customer_0229,savings,Southeast,healthcare,Walgreens,3935.84,USD,2023-07-01T19:20:00,Lab work order from Walgreens,False
TXN004628,Customer_0485,credit,Northeast,insurance,State Farm,1774.51,USD,2023-08-07T13:31:00,Life insurance premium payment to State Farm,False
TXN004629,Customer_0189,checking,Midwest,shopping,IKEA,3971.79,USD,2023-03-18T10:15:00,In-store purchase at IKEA — seasonal wardrobe,False
TXN004630,Customer_0001,credit,Northeast,education,MIT OpenCourseWare,2695.06,USD,2023-06-24T01:29:00,MIT OpenCourseWare course enrollment — data engineering,False
TXN004631,Customer_0060,checking,Southeast,groceries,Trader Joe's,2431.28,USD,2023-05-27T00:32:00,Quick stop at Trader Joe's for produce and dairy,False
TXN004632,Customer_0306,credit,Southwest,utilities,ConEdison,3658.28,USD,2023-01-26T18:29:00,Monthly ConEdison internet and cable bill,False
TXN004633,Customer_0044,credit,Northeast,insurance,USAA,516.4,USD,2024-05-25T12:16:00,USAA renters insurance quarterly payment,False
TXN004634,Customer_0382,credit,West,rent,Apartment LLC,1009.12,USD,2023-03-18T13:41:00,Security deposit — Apartment LLC,False
TXN004635,Customer_0221,checking,Northeast,travel,Airbnb,3781.09,USD,2023-12-15T08:49:00,Car rental from Airbnb for client site visit,False
TXN004636,Customer_0093,credit,Midwest,groceries,Trader Joe's,1720.13,USD,2024-02-27T11:46:00,"Monthly bulk purchase at Trader Joe's, household supplies",False
TXN004637,Customer_0277,credit,West,travel,Delta Airlines,2389.15,USD,2023-09-14T19:36:00,Car rental from Delta Airlines for client site visit,False
TXN004638,Customer_0449,credit,Northeast,utilities,Verizon,4406.64,USD,2024-06-29T01:11:00,Verizon electricity bill for the apartment,False
TXN004639,Customer_0156,savings,Midwest,entertainment,Apple iTunes,1850.73,USD,2023-08-18T23:45:00,In-app purchase on Apple iTunes platform,False
TXN004640,Customer_0318,checking,Southwest,education,Udemy,3471.26,USD,2023-12-04T14:21:00,Textbook purchase at Udemy for continuing ed,False
TXN004641,Customer_0054,credit,Southeast,education,Barnes & Noble,1995.33,USD,2023-09-19T05:45:00,Textbook purchase at Barnes & Noble for continuing ed,False
TXN004642,Customer_0250,credit,Midwest,groceries,Trader Joe's,4196.52,USD,2023-06-10T06:18:00,Quick stop at Trader Joe's for produce and dairy,False
TXN004643,Customer_0082,checking,West,dining,The Cheesecake Factory,3553.77,USD,2024-05-18T12:47:00,"Lunch with the team at The Cheesecake Factory, celebrated Q3 results",True
TXN004644,Customer_0219,savings,Southwest,insurance,USAA,-472.99,USD,2024-04-01T16:43:00,USAA renters insurance quarterly payment,False
TXN004645,Customer_0283,checking,Southwest,entertainment,Spotify,1665.99,USD,2023-08-12T17:52:00,Movie tickets at Spotify — family outing,False
TXN004646,Customer_0353,checking,Southwest,groceries,Walmart Grocery,1329.14,USD,2024-02-13T06:33:00,"Monthly bulk purchase at Walmart Grocery, household supplies",False
TXN004647,Customer_0309,checking,Southwest,utilities,ConEdison,4410.5,USD,2023-05-03T08:18:00,ConEdison electricity bill for the apartment,False
TXN004648,Customer_0170,checking,Southeast,shopping,Amazon,2724.57,USD,2023-08-17T02:22:00,Online order from Amazon — home office equipment,False
TXN004649,Customer_0409,checking,Southwest,utilities,AT&T,79.86,USD,2023-02-13T09:45:00,AT&T electricity bill for the apartment,False
TXN004650,Customer_0032,credit,Southeast,education,Barnes & Noble,4247.44,USD,2023-09-02T08:51:00,Textbook purchase at Barnes & Noble for continuing ed,False
TXN004651,Customer_0381,savings,Midwest,travel,Hertz,674.61,USD,2023-10-07T02:32:00,Car rental from Hertz for client site visit,False
TXN004652,Customer_0386,credit,Midwest,education,Barnes & Noble,490.69,USD,2023-05-29T11:01:00,Barnes & Noble annual learning subscription,False
TXN004653,Customer_0183,credit,Northeast,entertainment,Spotify,-104.0,USD,2023-02-26T14:32:00,Movie tickets at Spotify — family outing,False
TXN004654,Customer_0098,credit,Midwest,education,MIT OpenCourseWare,7.64,USD,2024-05-10T20:40:00,Textbook purchase at MIT OpenCourseWare for continuing ed,False
TXN004655,Customer_0107,checking,West,shopping,Amazon,993.66,USD,2023-03-11T08:11:00,Flash sale purchase at Amazon,False
TXN004656,Customer_0048,savings,Southeast,education,MIT OpenCourseWare,4477.94,USD,2023-06-03T19:20:00,MIT OpenCourseWare course enrollment — data engineering,False
TXN004657,Customer_0354,checking,Midwest,dining,The Cheesecake Factory,3964.96,USD,2023-09-05T13:19:00,Morning coffee and pastry at The Cheesecake Factory,False
TXN004658,Customer_0186,credit,West,dining,Panera Bread,733.02,USD,2024-04-30T06:03:00,Morning coffee and pastry at Panera Bread,False
TXN004659,Customer_0131,checking,Southwest,dining,The Cheesecake Factory,137.52,USD,2024-01-22T09:01:00,"Client dinner at The Cheesecake Factory, discussed Q4 roadmap",False
TXN004660,Customer_0347,credit,Southeast,groceries,Whole Foods,2648.83,USD,2023-12-04T19:41:00,"Monthly bulk purchase at Whole Foods, household supplies",False
TXN004661,Customer_0286,savings,West,travel,Airbnb,1126.08,USD,2024-05-05T12:21:00,Car rental from Airbnb for client site visit,False
TXN004662,Customer_0063,savings,Midwest,travel,Marriott Hotels,4225.35,USD,2023-04-28T06:28:00,Hotel stay at Marriott Hotels during product summit,False
TXN004663,Customer_0420,savings,West,groceries,Trader Joe's,2915.48,USD,2023-12-17T05:36:00,"Monthly bulk purchase at Trader Joe's, household supplies",False
TXN004664,Customer_0390,savings,Midwest,shopping,IKEA,1751.28,USD,2023-09-22T00:14:00,In-store purchase at IKEA — seasonal wardrobe,False
TXN004665,Customer_0318,savings,Midwest,rent,First Place Rentals,1114.37,USD,2023-08-31T12:42:00,Lease renewal fee at First Place Rentals,False
TXN004666,Customer_0225,checking,Midwest,travel,Marriott Hotels,225.68,USD,2023-09-21T08:31:00,Car rental from Marriott Hotels for client site visit,False
TXN004667,Customer_0393,credit,Northeast,healthcare,Urgent Care Now,3143.87,USD,2023-03-11T17:46:00,Lab work order from Urgent Care Now,False
TXN004668,Customer_0440,checking,Southwest,shopping,Zara,3757.52,USD,2023-12-06T23:09:00,Online order from Zara — home office equipment,False
TXN004669,Customer_0354,credit,Southeast,insurance,Allstate,3831.54,USD,2023-10-05T20:41:00,Monthly Allstate auto insurance premium,False
TXN004670,Customer_0340,savings,Southeast,utilities,AT&T,3704.25,USD,2023-11-22T09:17:00,Monthly AT&T internet and cable bill,False
TXN004671,Customer_0394,savings,Southwest,travel,Uber,705.49,USD,2023-01-08T09:44:00,Flight to Chicago via Uber for annual conference,False
TXN004672,Customer_0365,credit,Southwest,insurance,Allstate,3259.43,USD,2023-02-17T17:45:00,Life insurance premium payment to Allstate,False
TXN004673,Customer_0225,savings,Northeast,utilities,ConEdison,787.57,USD,2023-04-25T11:28:00,ConEdison wireless plan — family plan renewal,False
TXN004674,Customer_0063,savings,Southeast,utilities,National Grid,387.42,USD,2023-03-08T23:31:00,National Grid wireless plan — family plan renewal,False
TXN004675,Customer_0102,checking,Midwest,education,Coursera,3340.53,USD,2023-01-21T22:40:00,Coursera course enrollment — data engineering,False
TXN004676,Customer_0213,credit,Northeast,dining,Olive Garden,3796.44,USD,2024-03-10T05:19:00,Morning coffee and pastry at Olive Garden,False
TXN004677,Customer_0330,credit,West,shopping,Zara,2457.2,USD,2024-05-06T12:11:00,Flash sale purchase at Zara,False
TXN004678,Customer_0499,credit,Southeast,dining,Olive Garden,814.81,USD,2023-05-09T08:31:00,"Lunch with the team at Olive Garden, celebrated Q3 results",False
TXN004679,Customer_0053,savings,West,insurance,Allstate,195.66,USD,2023-04-05T20:17:00,Allstate renters insurance quarterly payment,False
TXN004680,Customer_0275,savings,Southeast,rent,Metro Realty,2745.53,USD,2023-07-16T10:09:00,Security deposit — Metro Realty,False
TXN004681,Customer_0115,savings,Southeast,groceries,Whole Foods,855.04,USD,2023-09-15T10:17:00,"Monthly bulk purchase at Whole Foods, household supplies",False
TXN004682,Customer_0162,credit,Southeast,entertainment,Steam,4338.5,USD,2023-07-05T02:35:00,Steam monthly subscription auto-renewal,False
TXN004683,Customer_0496,checking,West,rent,Metro Realty,2003.55,USD,2023-01-27T13:29:00,Monthly rent payment to Metro Realty,False
TXN004684,Customer_0050,savings,Midwest,shopping,Zara,3721.05,USD,2023-11-17T07:35:00,Online order from Zara — home office equipment,False
TXN004685,Customer_0438,checking,Midwest,shopping,Best Buy,1572.77,USD,2023-09-08T07:44:00,Online order from Best Buy — home office equipment,False
TXN004686,Customer_0154,credit,West,travel,Delta Airlines,455.54,USD,2024-04-06T10:49:00,Flight to Chicago via Delta Airlines for annual conference,False
TXN004687,Customer_0435,credit,West,dining,The Cheesecake Factory,2651.49,USD,2024-04-27T01:14:00,Morning coffee and pastry at The Cheesecake Factory,False
TXN004688,Customer_0065,savings,Southwest,education,Coursera,1931.54,USD,2023-07-20T05:02:00,Textbook purchase at Coursera for continuing ed,False
TXN004689,Customer_0469,checking,West,entertainment,Spotify,1383.24,USD,2024-04-27T19:32:00,In-app purchase on Spotify platform,False
TXN004690,Customer_0437,savings,Midwest,utilities,National Grid,1953.95,USD,2023-11-13T18:32:00,National Grid wireless plan — family plan renewal,False
TXN004691,Customer_0441,savings,Southeast,groceries,Kroger,3383.4,USD,2023-05-23T20:01:00,"Weekly grocery run at Kroger, stocked up on essentials",False
TXN004692,Customer_0076,credit,Southwest,groceries,Walmart Grocery,3904.63,USD,2023-05-24T02:05:00,"Weekly grocery run at Walmart Grocery, stocked up on essentials",False
TXN004693,Customer_0390,credit,Midwest,travel,Uber,1185.59,USD,2023-02-21T13:38:00,Hotel stay at Uber during product summit,False
TXN004694,Customer_0258,savings,Southeast,insurance,State Farm,2593.45,USD,2023-05-02T03:08:00,Monthly State Farm auto insurance premium,False
TXN004695,Customer_0099,credit,Southwest,utilities,Verizon,3256.21,USD,2023-02-11T03:23:00,Monthly Verizon internet and cable bill,False
TXN004696,Customer_0219,checking,West,healthcare,Urgent Care Now,4231.35,USD,2023-03-04T23:40:00,Annual physical copay at Urgent Care Now,False
TXN004697,Customer_0438,checking,Northeast,insurance,Geico,176.36,USD,2023-12-01T21:44:00,Monthly Geico auto insurance premium,False
TXN004698,Customer_0103,checking,Midwest,shopping,Zara,361.2,USD,2023-08-05T07:26:00,Online order from Zara — home office equipment,True
TXN004699,Customer_0452,checking,Northeast,healthcare,Blue Cross Premium,886.15,USD,2023-12-19T08:36:00,Annual physical copay at Blue Cross Premium,False
TXN004700,Customer_0305,credit,Northeast,rent,Urban Living Co,373.6,USD,2024-01-24T19:51:00,Lease renewal fee at Urban Living Co,False
TXN004701,Customer_0330,savings,Midwest,rent,Apartment LLC,1709.84,USD,2023-05-12T00:58:00,Monthly rent payment to Apartment LLC,False
TXN004702,Customer_0204,checking,Southwest,healthcare,Urgent Care Now,2441.44,USD,2023-01-28T02:26:00,Annual physical copay at Urgent Care Now,False
TXN004703,Customer_0339,checking,West,groceries,Whole Foods,1534.77,USD,2023-01-19T19:24:00,"Weekly grocery run at Whole Foods, stocked up on essentials",False
TXN004704,Customer_0336,savings,Southwest,rent,Metro Realty,2844.34,USD,2024-05-19T06:08:00,Security deposit — Metro Realty,False
TXN004705,Customer_0172,checking,Northeast,rent,Sunset Apartments,4256.91,USD,2024-01-03T07:11:00,Monthly rent payment to Sunset Apartments,False
TXN004706,Customer_0288,credit,Southwest,healthcare,Blue Cross Premium,781.69,USD,2023-01-18T09:38:00,Lab work order from Blue Cross Premium,False
TXN004707,Customer_0166,savings,Northeast,entertainment,Steam,2483.4,USD,2024-02-19T18:46:00,In-app purchase on Steam platform,False
TXN004708,Customer_0231,credit,Midwest,entertainment,Netflix,4015.71,USD,2023-04-13T02:58:00,In-app purchase on Netflix platform,False
TXN004709,Customer_0121,credit,Southwest,utilities,ConEdison,2552.79,USD,2023-03-17T22:25:00,Monthly ConEdison internet and cable bill,False
TXN004710,Customer_0348,savings,Southeast,shopping,IKEA,3094.06,USD,2023-03-16T16:58:00,In-store purchase at IKEA — seasonal wardrobe,False
TXN004711,Customer_0097,credit,Midwest,insurance,Allstate,-349.04,USD,2023-05-28T18:00:00,Life insurance premium payment to Allstate,False
TXN004712,Customer_0467,credit,Midwest,insurance,USAA,4441.97,USD,2024-05-10T16:50:00,Life insurance premium payment to USAA,False
TXN004713,Customer_0242,checking,Northeast,insurance,Geico,2154.77,USD,2023-06-07T01:23:00,Monthly Geico auto insurance premium,False
TXN004714,Customer_0182,checking,Northeast,insurance,Allstate,2892.85,USD,2024-04-12T08:33:00,Life insurance premium payment to Allstate,False
TXN004715,Customer_0354,credit,Northeast,insurance,Geico,-298.3,USD,2023-10-08T00:20:00,Monthly Geico auto insurance premium,False
TXN004716,Customer_0198,checking,West,dining,Olive Garden,1096.18,USD,2023-02-04T00:02:00,"Lunch with the team at Olive Garden, celebrated Q3 results",False
TXN004717,Customer_0436,credit,Southeast,insurance,Progressive,3278.06,USD,2023-07-16T21:16:00,Progressive renters insurance quarterly payment,False
TXN004718,Customer_0085,savings,Midwest,dining,Chipotle,2624.08,USD,2023-09-12T22:36:00,Morning coffee and pastry at Chipotle,False
TXN004719,Customer_0480,checking,Southwest,healthcare,LabCorp,357.04,USD,2024-04-01T01:04:00,Annual physical copay at LabCorp,False
TXN004720,Customer_0075,credit,Midwest,groceries,Aldi,2977.72,USD,2023-04-21T15:51:00,"Weekly grocery run at Aldi, stocked up on essentials",False
TXN004721,Customer_0129,credit,Northeast,dining,Chipotle,2320.4,USD,2024-02-20T23:21:00,"Client dinner at Chipotle, discussed Q4 roadmap",False
TXN004722,Customer_0404,savings,Southwest,travel,Airbnb,597.06,USD,2023-11-02T16:05:00,Flight to Chicago via Airbnb for annual conference,False
TXN004723,Customer_0113,credit,Northeast,groceries,Whole Foods,293.94,USD,2023-05-06T13:29:00,"Weekly grocery run at Whole Foods, stocked up on essentials",False
TXN004724,Customer_0238,checking,Southeast,shopping,Best Buy,2817.28,USD,2023-08-15T17:46:00,In-store purchase at Best Buy — seasonal wardrobe,False
TXN004725,Customer_0158,savings,West,utilities,National Grid,1386.9,USD,2023-06-23T05:51:00,National Grid wireless plan — family plan renewal,False
TXN004726,Customer_0263,credit,Southwest,education,MIT OpenCourseWare,-490.79,USD,2023-01-14T10:46:00,MIT OpenCourseWare annual learning subscription,False
TXN004727,Customer_0329,checking,West,groceries,Aldi,4365.7,USD,2023-08-25T12:09:00,"Monthly bulk purchase at Aldi, household supplies",False
TXN004728,Customer_0252,checking,West,education,Chegg,390.6,USD,2023-10-21T03:03:00,Chegg course enrollment — data engineering,False
TXN004729,Customer_0380,savings,Southwest,healthcare,Urgent Care Now,4124.03,USD,2024-06-05T23:53:00,Prescription refill at Urgent Care Now,False
TXN004730,Customer_0304,savings,Midwest,dining,The Cheesecake Factory,1516.0,USD,2023-06-21T19:27:00,"Client dinner at The Cheesecake Factory, discussed Q4 roadmap",False
TXN004731,Customer_0283,savings,Southeast,healthcare,Walgreens,436.65,USD,2023-09-28T16:30:00,Prescription refill at Walgreens,False
TXN004732,Customer_0457,checking,Southwest,travel,Hertz,273.44,USD,2023-03-19T20:59:00,Car rental from Hertz for client site visit,False
TXN004733,Customer_0125,credit,Midwest,travel,Airbnb,3488.32,USD,2023-05-30T01:19:00,Hotel stay at Airbnb during product summit,False
TXN004734,Customer_0149,savings,West,education,Barnes & Noble,4443.98,USD,2023-05-21T23:23:00,Barnes & Noble course enrollment — data engineering,False
TXN004735,Customer_0009,checking,Northeast,utilities,AT&T,1266.42,USD,2023-04-26T06:04:00,Monthly AT&T internet and cable bill,False
TXN004736,Customer_0329,savings,Southwest,entertainment,AMC Theaters,381.0,USD,2023-01-29T11:21:00,AMC Theaters monthly subscription auto-renewal,False
TXN004737,Customer_0243,checking,Southeast,rent,Urban Living Co,603.45,USD,2024-03-13T01:47:00,Lease renewal fee at Urban Living Co,False
TXN004738,Customer_0299,credit,Southwest,education,Chegg,4207.97,USD,2024-04-05T22:11:00,Chegg annual learning subscription,False
TXN004739,Customer_0109,savings,Northeast,rent,Sunset Apartments,3510.09,USD,2024-04-03T22:27:00,Lease renewal fee at Sunset Apartments,False
TXN004740,Customer_0362,savings,Southeast,rent,First Place Rentals,2035.39,USD,2023-08-11T18:26:00,Security deposit — First Place Rentals,False
TXN004741,Customer_0145,savings,Midwest,groceries,Kroger,4098.76,USD,2023-02-18T21:49:00,"Weekly grocery run at Kroger, stocked up on essentials",False
TXN004742,Customer_0432,savings,Northeast,travel,Marriott Hotels,432.7,USD,2023-10-16T04:08:00,Flight to Chicago via Marriott Hotels for annual conference,False
TXN004743,Customer_0466,checking,Southeast,healthcare,Urgent Care Now,1009.18,USD,2023-03-29T09:14:00,Lab work order from Urgent Care Now,False
TXN004744,Customer_0319,credit,West,shopping,Amazon,4431.85,USD,2023-11-11T21:19:00,In-store purchase at Amazon — seasonal wardrobe,False
TXN004745,Customer_0310,credit,Southwest,shopping,Zara,183.31,USD,2023-12-05T02:50:00,In-store purchase at Zara — seasonal wardrobe,False
TXN004746,Customer_0299,checking,Southeast,healthcare,Blue Cross Premium,4062.27,USD,2024-05-21T03:20:00,Lab work order from Blue Cross Premium,False
TXN004747,Customer_0108,savings,Southeast,insurance,Allstate,822.05,USD,2023-11-06T10:51:00,Monthly Allstate auto insurance premium,False
TXN004748,Customer_0036,savings,West,entertainment,Steam,2615.51,USD,2024-05-23T11:55:00,Movie tickets at Steam — family outing,True
TXN004749,Customer_0035,savings,Southwest,groceries,Walmart Grocery,3123.24,USD,2023-09-22T20:19:00,"Monthly bulk purchase at Walmart Grocery, household supplies",False
TXN004750,Customer_0261,credit,Midwest,groceries,Trader Joe's,2195.63,USD,2023-06-24T08:19:00,"Monthly bulk purchase at Trader Joe's, household supplies",False
TXN004751,Customer_0027,savings,Midwest,education,Barnes & Noble,1830.03,USD,2024-02-11T23:29:00,Barnes & Noble course enrollment — data engineering,False
TXN004752,Customer_0379,savings,West,insurance,USAA,1834.99,USD,2023-08-14T09:52:00,Monthly USAA auto insurance premium,False
TXN004753,Customer_0150,savings,Southeast,entertainment,Apple iTunes,1974.5,USD,2024-04-18T07:44:00,In-app purchase on Apple iTunes platform,False
TXN004754,Customer_0168,savings,Northeast,dining,Olive Garden,474.97,USD,2023-08-07T10:17:00,Morning coffee and pastry at Olive Garden,False
TXN004755,Customer_0414,checking,West,healthcare,LabCorp,1974.65,USD,2023-03-04T15:57:00,Lab work order from LabCorp,False
TXN004756,Customer_0108,checking,Northeast,groceries,Walmart Grocery,2881.35,USD,2023-03-14T15:12:00,"Monthly bulk purchase at Walmart Grocery, household supplies",False
TXN004757,Customer_0301,checking,Northeast,entertainment,Netflix,2121.05,USD,2023-07-07T18:40:00,Netflix monthly subscription auto-renewal,False
TXN004758,Customer_0404,credit,Southeast,shopping,IKEA,-186.18,USD,2023-12-01T03:31:00,Flash sale purchase at IKEA,False
TXN004759,Customer_0207,savings,Southeast,insurance,Progressive,1446.62,USD,2023-10-04T06:28:00,Progressive renters insurance quarterly payment,False
TXN004760,Customer_0141,checking,Northeast,insurance,State Farm,111.4,USD,2024-03-04T09:57:00,Monthly State Farm auto insurance premium,False
TXN004761,Customer_0032,credit,Northeast,groceries,Kroger,1695.08,USD,2023-10-13T16:29:00,"Weekly grocery run at Kroger, stocked up on essentials",False
TXN004762,Customer_0192,checking,Northeast,rent,Sunset Apartments,4277.93,USD,2023-09-02T05:07:00,Security deposit — Sunset Apartments,False
TXN004763,Customer_0405,checking,Northeast,healthcare,Blue Cross Premium,3778.37,USD,2024-01-19T23:00:00,Lab work order from Blue Cross Premium,False
TXN004764,Customer_0322,checking,Midwest,healthcare,CVS Pharmacy,4021.67,USD,2024-06-16T08:17:00,Annual physical copay at CVS Pharmacy,False
TXN004765,Customer_0037,checking,Northeast,travel,Marriott Hotels,1128.95,USD,2023-02-04T21:10:00,Hotel stay at Marriott Hotels during product summit,False
TXN004766,Customer_0405,savings,Southeast,rent,Sunset Apartments,-33.95,USD,2023-09-08T05:06:00,Security deposit — Sunset Apartments,False
TXN004767,Customer_0303,checking,Southwest,dining,Panera Bread,565.12,USD,2024-02-22T00:21:00,"Client dinner at Panera Bread, discussed Q4 roadmap",False
TXN004768,Customer_0109,savings,Southeast,healthcare,Walgreens,4272.19,USD,2023-07-03T01:31:00,Prescription refill at Walgreens,False
TXN004769,Customer_0087,checking,Southeast,entertainment,Spotify,-230.44,USD,2024-04-22T08:39:00,Spotify monthly subscription auto-renewal,False
TXN004770,Customer_0250,savings,Southeast,rent,Metro Realty,2551.02,USD,2024-02-12T01:05:00,Lease renewal fee at Metro Realty,False
TXN004771,Customer_0110,credit,Southwest,shopping,IKEA,3899.73,USD,2023-02-28T03:06:00,Flash sale purchase at IKEA,False
TXN004772,Customer_0298,checking,Southeast,utilities,AT&T,1578.57,USD,2024-06-26T07:23:00,AT&T wireless plan — family plan renewal,False
TXN004773,Customer_0139,savings,Southwest,travel,Marriott Hotels,2097.23,USD,2023-01-31T12:41:00,Flight to Chicago via Marriott Hotels for annual conference,False
TXN004774,Customer_0282,savings,West,travel,Uber,2478.42,USD,2023-02-05T08:54:00,Hotel stay at Uber during product summit,False
TXN004775,Customer_0167,credit,Midwest,travel,Airbnb,1785.09,USD,2023-05-13T14:37:00,Flight to Chicago via Airbnb for annual conference,False
TXN004776,Customer_0453,savings,West,rent,First Place Rentals,255.33,USD,2023-03-21T23:24:00,Security deposit — First Place Rentals,False
TXN004777,Customer_0077,credit,West,groceries,Walmart Grocery,3013.92,USD,2024-01-11T08:18:00,Quick stop at Walmart Grocery for produce and dairy,False
TXN004778,Customer_0086,credit,West,groceries,Walmart Grocery,2204.32,USD,2024-04-14T01:21:00,"Weekly grocery run at Walmart Grocery, stocked up on essentials",True
TXN004779,Customer_0096,savings,West,healthcare,Blue Cross Premium,1073.3,USD,2023-10-02T10:51:00,Prescription refill at Blue Cross Premium,False
TXN004780,Customer_0304,checking,West,entertainment,Apple iTunes,3926.1,USD,2023-11-24T12:46:00,In-app purchase on Apple iTunes platform,False
TXN004781,Customer_0040,savings,Southwest,travel,Airbnb,2725.38,USD,2023-12-11T03:11:00,Hotel stay at Airbnb during product summit,False
TXN004782,Customer_0208,credit,Midwest,travel,Airbnb,3585.34,USD,2023-05-23T04:08:00,Flight to Chicago via Airbnb for annual conference,False
TXN004783,Customer_0283,savings,Midwest,rent,Urban Living Co,1114.2,USD,2024-05-04T12:05:00,Security deposit — Urban Living Co,False
TXN004784,Customer_0468,savings,Southwest,healthcare,Blue Cross Premium,723.65,USD,2024-06-16T07:27:00,Prescription refill at Blue Cross Premium,False
TXN004785,Customer_0145,checking,Southwest,education,Barnes & Noble,977.22,USD,2023-07-25T23:52:00,Barnes & Noble annual learning subscription,False
TXN004786,Customer_0181,credit,Southwest,education,Barnes & Noble,1768.68,USD,2023-07-06T12:26:00,Barnes & Noble course enrollment — data engineering,False
TXN004787,Customer_0214,savings,Southeast,shopping,Zara,-296.48,USD,2023-02-22T00:03:00,Online order from Zara — home office equipment,False
TXN004788,Customer_0210,credit,Northeast,travel,Airbnb,65.77,USD,2023-10-15T15:55:00,Hotel stay at Airbnb during product summit,True
TXN004789,Customer_0411,checking,Midwest,travel,Hertz,1060.71,USD,2023-05-26T21:07:00,Flight to Chicago via Hertz for annual conference,False
TXN004790,Customer_0292,checking,Southwest,education,MIT OpenCourseWare,3708.96,USD,2023-06-29T20:09:00,Textbook purchase at MIT OpenCourseWare for continuing ed,False
TXN004791,Customer_0081,savings,West,insurance,USAA,3933.79,USD,2023-05-09T19:15:00,USAA renters insurance quarterly payment,False
TXN004792,Customer_0110,checking,Midwest,utilities,National Grid,2585.62,USD,2023-01-31T21:30:00,National Grid wireless plan — family plan renewal,False
TXN004793,Customer_0054,credit,West,insurance,Geico,3731.4,USD,2023-03-19T21:32:00,Life insurance premium payment to Geico,True
TXN004794,Customer_0135,checking,Southwest,insurance,Geico,2406.5,USD,2023-08-01T07:25:00,Life insurance premium payment to Geico,False
TXN004795,Customer_0066,checking,West,education,Udemy,3500.8,USD,2024-01-04T19:16:00,Textbook purchase at Udemy for continuing ed,False
TXN004796,Customer_0248,checking,Southeast,education,Udemy,3104.32,USD,2023-06-01T03:51:00,Udemy course enrollment — data engineering,False
TXN004797,Customer_0201,credit,Southwest,healthcare,Walgreens,1443.79,USD,2023-07-12T05:36:00,Prescription refill at Walgreens,False
TXN004798,Customer_0203,savings,Northeast,education,MIT OpenCourseWare,439.23,USD,2024-03-08T00:34:00,Textbook purchase at MIT OpenCourseWare for continuing ed,False
TXN004799,Customer_0298,savings,West,entertainment,Apple iTunes,3954.96,USD,2023-01-05T23:21:00,In-app purchase on Apple iTunes platform,False
TXN004800,Customer_0157,savings,Northeast,healthcare,Walgreens,2589.45,USD,2023-04-06T16:05:00,Lab work order from Walgreens,False
TXN004801,Customer_0061,credit,Northeast,travel,Delta Airlines,701.92,USD,2023-09-27T12:21:00,Hotel stay at Delta Airlines during product summit,False
TXN004802,Customer_0440,credit,Midwest,groceries,Kroger,1949.68,USD,2023-03-06T12:29:00,"Weekly grocery run at Kroger, stocked up on essentials",False
TXN004803,Customer_0298,checking,Southwest,shopping,Best Buy,2792.13,USD,2024-01-24T13:37:00,In-store purchase at Best Buy — seasonal wardrobe,False
TXN004804,Customer_0157,credit,Southwest,groceries,Trader Joe's,891.92,USD,2023-12-22T21:06:00,"Weekly grocery run at Trader Joe's, stocked up on essentials",False
TXN004805,Customer_0455,credit,Midwest,utilities,National Grid,25.36,USD,2023-06-08T09:38:00,National Grid wireless plan — family plan renewal,False
TXN004806,Customer_0241,savings,Midwest,shopping,Target,892.91,USD,2023-06-01T05:09:00,In-store purchase at Target — seasonal wardrobe,False
TXN004807,Customer_0367,credit,West,travel,Uber,4351.95,USD,2023-07-16T16:05:00,Flight to Chicago via Uber for annual conference,False
TXN004808,Customer_0233,savings,Northeast,rent,Apartment LLC,1161.89,USD,2023-02-02T21:11:00,Monthly rent payment to Apartment LLC,False
TXN004809,Customer_0260,credit,Southeast,healthcare,Urgent Care Now,3280.69,USD,2023-08-29T05:30:00,Prescription refill at Urgent Care Now,False
TXN004810,Customer_0495,checking,Midwest,entertainment,AMC Theaters,3313.53,USD,2024-03-12T23:12:00,AMC Theaters monthly subscription auto-renewal,False
TXN004811,Customer_0310,credit,Northeast,entertainment,Spotify,3137.0,USD,2024-01-25T07:59:00,Spotify monthly subscription auto-renewal,False
TXN004812,Customer_0447,savings,Southeast,healthcare,LabCorp,2828.84,USD,2023-09-06T20:40:00,Annual physical copay at LabCorp,False
TXN004813,Customer_0279,credit,Southeast,travel,Uber,489.35,USD,2023-05-31T01:25:00,Hotel stay at Uber during product summit,False
TXN004814,Customer_0175,credit,Northeast,travel,Hertz,2665.44,USD,2023-06-27T16:59:00,Car rental from Hertz for client site visit,False
TXN004815,Customer_0352,checking,Southwest,education,Coursera,2507.17,USD,2024-06-10T02:27:00,Coursera annual learning subscription,False
TXN004816,Customer_0155,savings,Southeast,healthcare,LabCorp,2724.69,USD,2024-03-04T10:06:00,Lab work order from LabCorp,False
TXN004817,Customer_0355,savings,West,insurance,Allstate,3541.18,USD,2023-03-25T13:06:00,Monthly Allstate auto insurance premium,False
TXN004818,Customer_0011,savings,Southeast,groceries,Walmart Grocery,1088.33,USD,2024-01-27T15:05:00,Quick stop at Walmart Grocery for produce and dairy,False
TXN004819,Customer_0438,savings,Southeast,entertainment,Steam,1882.13,USD,2023-03-21T05:06:00,Steam monthly subscription auto-renewal,False
TXN004820,Customer_0199,credit,West,insurance,USAA,3853.91,USD,2023-05-24T19:27:00,USAA renters insurance quarterly payment,False
TXN004821,Customer_0314,checking,Northeast,travel,Delta Airlines,405.38,USD,2023-04-19T20:24:00,Hotel stay at Delta Airlines during product summit,False
TXN004822,Customer_0198,credit,Midwest,insurance,Allstate,3346.53,USD,2024-05-18T08:00:00,Allstate renters insurance quarterly payment,False
TXN004823,Customer_0450,checking,West,dining,Olive Garden,2873.65,USD,2023-12-09T10:51:00,"Lunch with the team at Olive Garden, celebrated Q3 results",True
TXN004824,Customer_0278,credit,Midwest,shopping,Amazon,509.31,USD,2023-02-20T07:38:00,In-store purchase at Amazon — seasonal wardrobe,False
TXN004825,Customer_0215,credit,Northeast,travel,Airbnb,1516.67,USD,2023-10-29T02:16:00,Hotel stay at Airbnb during product summit,False
TXN004826,Customer_0375,checking,Southeast,groceries,Aldi,1768.47,USD,2024-06-05T10:41:00,Quick stop at Aldi for produce and dairy,False
TXN004827,Customer_0077,credit,Southwest,insurance,USAA,858.28,USD,2024-03-13T15:32:00,Monthly USAA auto insurance premium,False
TXN004828,Customer_0187,credit,Southwest,entertainment,Spotify,2413.34,USD,2023-04-21T19:29:00,In-app purchase on Spotify platform,False
TXN004829,Customer_0201,credit,Southwest,education,Chegg,2307.55,USD,2023-06-01T04:21:00,Chegg course enrollment — data engineering,False
TXN004830,Customer_0208,checking,Southwest,entertainment,Spotify,3116.96,USD,2024-05-24T03:04:00,In-app purchase on Spotify platform,False
TXN004831,Customer_0176,credit,Midwest,dining,Panera Bread,3876.16,USD,2023-12-22T06:38:00,"Client dinner at Panera Bread, discussed Q4 roadmap",False
TXN004832,Customer_0173,credit,Southeast,healthcare,CVS Pharmacy,2996.33,USD,2023-09-27T17:26:00,Annual physical copay at CVS Pharmacy,False
TXN004833,Customer_0267,savings,Midwest,groceries,Aldi,3290.91,USD,2023-10-11T03:28:00,"Monthly bulk purchase at Aldi, household supplies",False
TXN004834,Customer_0361,checking,Midwest,rent,Metro Realty,387.75,USD,2023-06-12T02:22:00,Monthly rent payment to Metro Realty,False
TXN004835,Customer_0160,checking,Southwest,groceries,Aldi,2084.44,USD,2024-01-05T15:16:00,Quick stop at Aldi for produce and dairy,False
TXN004836,Customer_0326,credit,West,groceries,Walmart Grocery,3351.96,USD,2023-01-21T06:23:00,"Weekly grocery run at Walmart Grocery, stocked up on essentials",False
TXN004837,Customer_0119,checking,West,education,Chegg,4202.97,USD,2024-03-28T18:51:00,Textbook purchase at Chegg for continuing ed,False
TXN004838,Customer_0203,credit,Midwest,healthcare,CVS Pharmacy,2903.21,USD,2023-04-11T19:54:00,Lab work order from CVS Pharmacy,False
TXN004839,Customer_0053,savings,Northeast,education,Udemy,1265.8,USD,2023-10-06T03:45:00,Udemy course enrollment — data engineering,False
TXN004840,Customer_0027,credit,Southeast,education,Coursera,692.47,USD,2023-11-22T02:48:00,Coursera annual learning subscription,False
TXN004841,Customer_0023,checking,Northeast,rent,Apartment LLC,811.12,USD,2023-11-08T14:16:00,Monthly rent payment to Apartment LLC,False
TXN004842,Customer_0190,savings,Southeast,education,Udemy,2576.99,USD,2023-09-04T15:32:00,Udemy annual learning subscription,False
TXN004843,Customer_0177,savings,Midwest,rent,Apartment LLC,2761.32,USD,2023-11-17T12:59:00,Security deposit — Apartment LLC,False
TXN004844,Customer_0484,checking,Southwest,entertainment,Spotify,1047.35,USD,2023-11-11T23:55:00,In-app purchase on Spotify platform,False
TXN004845,Customer_0103,checking,Southwest,dining,Olive Garden,936.26,USD,2023-05-22T09:05:00,"Lunch with the team at Olive Garden, celebrated Q3 results",False
TXN004846,Customer_0131,credit,Midwest,dining,Panera Bread,1828.12,USD,2023-02-12T06:23:00,"Lunch with the team at Panera Bread, celebrated Q3 results",False
TXN004847,Customer_0249,credit,West,rent,Urban Living Co,4173.04,USD,2023-07-19T06:18:00,Security deposit — Urban Living Co,False
TXN004848,Customer_0057,credit,Southeast,utilities,AT&T,3754.96,USD,2023-04-13T20:54:00,AT&T wireless plan — family plan renewal,False
TXN004849,Customer_0097,credit,Southeast,dining,Panera Bread,80.84,USD,2023-08-14T02:33:00,Morning coffee and pastry at Panera Bread,False
TXN004850,Customer_0422,checking,Southwest,education,Barnes & Noble,3039.85,USD,2023-03-04T04:59:00,Barnes & Noble course enrollment — data engineering,False
TXN004851,Customer_0349,savings,Northeast,insurance,USAA,3993.52,USD,2023-05-24T21:50:00,Monthly USAA auto insurance premium,False
TXN004852,Customer_0139,credit,Northeast,rent,Metro Realty,3521.61,USD,2023-03-13T19:41:00,Monthly rent payment to Metro Realty,False
TXN004853,Customer_0128,credit,Southwest,healthcare,LabCorp,3124.37,USD,2024-02-06T05:19:00,Annual physical copay at LabCorp,False
TXN004854,Customer_0074,checking,Southeast,travel,Marriott Hotels,3162.24,USD,2023-03-14T15:40:00,Car rental from Marriott Hotels for client site visit,False
TXN004855,Customer_0336,checking,Southwest,dining,The Cheesecake Factory,-323.14,USD,2024-01-09T15:08:00,"Client dinner at The Cheesecake Factory, discussed Q4 roadmap",False
TXN004856,Customer_0487,credit,Northeast,shopping,Zara,2768.83,USD,2023-01-26T12:54:00,Online order from Zara — home office equipment,False
TXN004857,Customer_0197,savings,Southeast,utilities,Comcast Xfinity,4138.95,USD,2023-10-30T17:42:00,Monthly Comcast Xfinity internet and cable bill,False
TXN004858,Customer_0295,credit,Southeast,travel,Uber,1754.47,USD,2023-08-30T17:23:00,Car rental from Uber for client site visit,False
TXN004859,Customer_0058,credit,Midwest,healthcare,Walgreens,335.05,USD,2023-11-14T09:49:00,Prescription refill at Walgreens,False
TXN004860,Customer_0030,savings,Northeast,entertainment,Steam,639.71,USD,2024-04-22T00:12:00,Movie tickets at Steam — family outing,False
TXN004861,Customer_0316,credit,Northeast,travel,Delta Airlines,2934.48,USD,2023-05-18T11:49:00,Car rental from Delta Airlines for client site visit,False
TXN004862,Customer_0091,checking,Midwest,rent,First Place Rentals,-492.53,USD,2023-04-19T23:03:00,Monthly rent payment to First Place Rentals,False
TXN004863,Customer_0386,credit,West,education,Udemy,-79.34,USD,2023-06-26T19:21:00,Udemy annual learning subscription,False
TXN004864,Customer_0221,checking,West,education,MIT OpenCourseWare,3981.38,USD,2023-02-27T20:03:00,Textbook purchase at MIT OpenCourseWare for continuing ed,False
TXN004865,Customer_0012,checking,Southeast,rent,Sunset Apartments,3352.3,USD,2023-12-24T03:29:00,Lease renewal fee at Sunset Apartments,False
TXN004866,Customer_0085,savings,Midwest,shopping,Zara,2752.15,USD,2024-03-03T05:06:00,Flash sale purchase at Zara,False
TXN004867,Customer_0288,checking,Southwest,utilities,ConEdison,2599.08,USD,2024-01-12T12:59:00,ConEdison electricity bill for the apartment,False
TXN004868,Customer_0372,savings,Southwest,travel,Delta Airlines,4294.97,USD,2023-02-03T18:57:00,Car rental from Delta Airlines for client site visit,False
TXN004869,Customer_0471,checking,West,entertainment,AMC Theaters,3379.42,USD,2024-03-13T06:48:00,AMC Theaters monthly subscription auto-renewal,False
TXN004870,Customer_0395,credit,Midwest,insurance,State Farm,4326.13,USD,2024-03-14T09:31:00,State Farm renters insurance quarterly payment,False
TXN004871,Customer_0371,checking,Midwest,rent,Metro Realty,1458.05,USD,2023-05-01T17:26:00,Lease renewal fee at Metro Realty,False
TXN004872,Customer_0212,savings,Midwest,groceries,Kroger,2697.85,USD,2023-03-10T03:23:00,Quick stop at Kroger for produce and dairy,False
TXN004873,Customer_0170,savings,Southwest,groceries,Walmart Grocery,622.38,USD,2024-04-12T00:19:00,"Monthly bulk purchase at Walmart Grocery, household supplies",False
TXN004874,Customer_0183,checking,Southwest,shopping,Best Buy,4308.64,USD,2023-02-18T09:44:00,In-store purchase at Best Buy — seasonal wardrobe,False
TXN004875,Customer_0425,checking,Southwest,groceries,Kroger,2284.95,USD,2024-01-16T01:45:00,"Weekly grocery run at Kroger, stocked up on essentials",False
TXN004876,Customer_0323,credit,Southeast,shopping,Target,1489.43,USD,2023-01-29T20:39:00,In-store purchase at Target — seasonal wardrobe,False
TXN004877,Customer_0115,credit,Northeast,healthcare,Walgreens,834.07,USD,2023-06-28T18:52:00,Prescription refill at Walgreens,False
TXN004878,Customer_0450,checking,West,entertainment,AMC Theaters,3691.39,USD,2024-01-23T07:20:00,Movie tickets at AMC Theaters — family outing,False
TXN004879,Customer_0242,credit,Northeast,dining,The Cheesecake Factory,2090.84,USD,2023-11-19T21:06:00,Morning coffee and pastry at The Cheesecake Factory,False
TXN004880,Customer_0307,checking,Southwest,rent,Metro Realty,1666.81,USD,2023-11-17T07:57:00,Security deposit — Metro Realty,False
TXN004881,Customer_0312,credit,Southwest,utilities,ConEdison,3887.32,USD,2023-03-10T13:37:00,ConEdison wireless plan — family plan renewal,False
TXN004882,Customer_0367,savings,Midwest,healthcare,Urgent Care Now,1532.17,USD,2023-03-23T04:00:00,Lab work order from Urgent Care Now,False
TXN004883,Customer_0387,credit,West,groceries,Whole Foods,408.72,USD,2023-09-13T02:07:00,"Monthly bulk purchase at Whole Foods, household supplies",False
TXN004884,Customer_0290,credit,Southwest,rent,Sunset Apartments,948.73,USD,2023-04-09T01:20:00,Monthly rent payment to Sunset Apartments,False
TXN004885,Customer_0053,credit,West,entertainment,AMC Theaters,3384.87,USD,2023-10-03T01:01:00,Movie tickets at AMC Theaters — family outing,False
TXN004886,Customer_0135,credit,Midwest,healthcare,Urgent Care Now,1654.77,USD,2024-01-02T19:47:00,Annual physical copay at Urgent Care Now,False
TXN004887,Customer_0151,checking,Southwest,dining,Chipotle,-256.92,USD,2023-07-11T17:40:00,Morning coffee and pastry at Chipotle,False
TXN004888,Customer_0281,savings,Southeast,shopping,Best Buy,2568.38,USD,2023-11-29T10:02:00,In-store purchase at Best Buy — seasonal wardrobe,False
TXN004889,Customer_0025,credit,Southeast,entertainment,Netflix,4466.93,USD,2024-04-13T11:53:00,In-app purchase on Netflix platform,False
TXN004890,Customer_0195,credit,Northeast,education,Coursera,3728.65,USD,2024-02-16T02:58:00,Textbook purchase at Coursera for continuing ed,False
TXN004891,Customer_0052,checking,Southwest,rent,Metro Realty,954.59,USD,2023-09-26T17:13:00,Monthly rent payment to Metro Realty,False
TXN004892,Customer_0497,checking,West,rent,Metro Realty,2647.91,USD,2024-04-19T23:03:00,Security deposit — Metro Realty,False
TXN004893,Customer_0430,credit,Northeast,rent,First Place Rentals,3988.45,USD,2024-01-19T12:36:00,Monthly rent payment to First Place Rentals,False
TXN004894,Customer_0092,savings,West,entertainment,Apple iTunes,-264.24,USD,2023-05-08T00:00:00,Apple iTunes monthly subscription auto-renewal,False
TXN004895,Customer_0445,savings,Midwest,utilities,ConEdison,-313.84,USD,2024-01-28T18:07:00,Monthly ConEdison internet and cable bill,False
TXN004896,Customer_0100,credit,Midwest,education,Udemy,1177.84,USD,2024-03-09T06:13:00,Udemy annual learning subscription,False
TXN004897,Customer_0044,checking,Southwest,rent,First Place Rentals,3246.56,USD,2024-04-29T22:33:00,Lease renewal fee at First Place Rentals,False
TXN004898,Customer_0340,credit,Northeast,groceries,Whole Foods,2323.82,USD,2023-05-03T23:14:00,"Monthly bulk purchase at Whole Foods, household supplies",False
TXN004899,Customer_0107,checking,Northeast,education,Barnes & Noble,3948.97,USD,2023-09-30T07:10:00,Textbook purchase at Barnes & Noble for continuing ed,False
TXN004900,Customer_0051,checking,West,education,Coursera,2096.58,USD,2024-05-30T15:49:00,Coursera annual learning subscription,False
TXN004901,Customer_0316,credit,Northeast,utilities,Comcast Xfinity,2296.96,USD,2024-06-08T23:04:00,Comcast Xfinity wireless plan — family plan renewal,False
TXN004902,Customer_0073,checking,Northeast,travel,Marriott Hotels,232.05,USD,2023-11-09T09:33:00,Car rental from Marriott Hotels for client site visit,False
TXN004903,Customer_0449,credit,Northeast,utilities,ConEdison,2718.74,USD,2024-03-01T08:37:00,Monthly ConEdison internet and cable bill,False
TXN004904,Customer_0175,credit,Southwest,dining,Chipotle,4375.89,USD,2023-01-18T00:45:00,"Client dinner at Chipotle, discussed Q4 roadmap",False
TXN004905,Customer_0050,savings,Northeast,travel,Hertz,742.46,USD,2023-05-08T17:51:00,Hotel stay at Hertz during product summit,False
TXN004906,Customer_0108,savings,Northeast,utilities,AT&T,2227.44,USD,2023-08-18T01:53:00,Monthly AT&T internet and cable bill,False
TXN004907,Customer_0047,savings,Southeast,education,Barnes & Noble,1497.76,USD,2023-08-17T07:58:00,Barnes & Noble course enrollment — data engineering,False
TXN004908,Customer_0025,checking,Midwest,dining,Starbucks,2256.25,USD,2023-06-09T19:59:00,"Client dinner at Starbucks, discussed Q4 roadmap",False
TXN004909,Customer_0090,checking,Northeast,rent,Sunset Apartments,1659.24,USD,2024-01-30T14:00:00,Lease renewal fee at Sunset Apartments,False
TXN004910,Customer_0422,checking,Midwest,shopping,Target,2316.13,USD,2023-01-11T14:53:00,Online order from Target — home office equipment,False
TXN004911,Customer_0342,checking,West,shopping,IKEA,3237.06,USD,2023-06-06T18:08:00,In-store purchase at IKEA — seasonal wardrobe,False
TXN004912,Customer_0123,savings,Midwest,utilities,ConEdison,2850.27,USD,2024-01-22T17:58:00,Monthly ConEdison internet and cable bill,False
TXN004913,Customer_0043,credit,Midwest,rent,Metro Realty,2656.6,USD,2024-06-04T18:59:00,Monthly rent payment to Metro Realty,False
TXN004914,Customer_0377,credit,West,healthcare,LabCorp,4101.96,USD,2023-05-25T11:18:00,Lab work order from LabCorp,False
TXN004915,Customer_0157,checking,Northeast,travel,Delta Airlines,2205.28,USD,2024-04-03T11:26:00,Hotel stay at Delta Airlines during product summit,False
TXN004916,Customer_0167,checking,Midwest,entertainment,Apple iTunes,4236.23,USD,2023-11-05T08:19:00,Apple iTunes monthly subscription auto-renewal,False
TXN004917,Customer_0379,savings,Southeast,healthcare,Blue Cross Premium,2328.07,USD,2023-11-21T04:45:00,Annual physical copay at Blue Cross Premium,False
TXN004918,Customer_0163,checking,Southwest,insurance,USAA,3588.48,USD,2023-08-23T00:16:00,Life insurance premium payment to USAA,False
TXN004919,Customer_0481,credit,Northeast,dining,Panera Bread,1325.39,USD,2023-08-18T13:44:00,Morning coffee and pastry at Panera Bread,False
TXN004920,Customer_0250,savings,West,education,MIT OpenCourseWare,2373.57,USD,2023-05-16T23:49:00,Textbook purchase at MIT OpenCourseWare for continuing ed,False
TXN004921,Customer_0060,checking,Midwest,dining,The Cheesecake Factory,3762.15,USD,2023-01-02T22:13:00,"Client dinner at The Cheesecake Factory, discussed Q4 roadmap",False
TXN004922,Customer_0093,checking,West,utilities,ConEdison,841.24,USD,2023-05-30T01:28:00,Monthly ConEdison internet and cable bill,False
TXN004923,Customer_0026,credit,Northeast,dining,Olive Garden,1558.19,USD,2024-03-15T07:10:00,"Client dinner at Olive Garden, discussed Q4 roadmap",False
TXN004924,Customer_0481,savings,Southeast,rent,First Place Rentals,2823.43,USD,2023-08-20T11:10:00,Lease renewal fee at First Place Rentals,False
TXN004925,Customer_0328,savings,Midwest,groceries,Aldi,4122.72,USD,2023-12-31T21:59:00,Quick stop at Aldi for produce and dairy,False
TXN004926,Customer_0310,savings,Midwest,travel,Airbnb,720.23,USD,2023-04-13T23:03:00,Flight to Chicago via Airbnb for annual conference,False
TXN004927,Customer_0499,credit,Northeast,healthcare,Urgent Care Now,3177.71,USD,2024-06-24T03:58:00,Lab work order from Urgent Care Now,False
TXN004928,Customer_0419,credit,Southwest,rent,First Place Rentals,820.14,USD,2023-08-29T09:08:00,Security deposit — First Place Rentals,False
TXN004929,Customer_0302,credit,Midwest,groceries,Kroger,857.7,USD,2023-12-14T06:51:00,Quick stop at Kroger for produce and dairy,False
TXN004930,Customer_0394,credit,West,utilities,ConEdison,3048.97,USD,2023-05-11T20:00:00,ConEdison wireless plan — family plan renewal,False
TXN004931,Customer_0101,credit,Northeast,rent,Urban Living Co,1313.23,USD,2023-01-26T19:41:00,Monthly rent payment to Urban Living Co,False
TXN004932,Customer_0151,credit,Southeast,education,Udemy,1695.93,USD,2023-01-04T21:33:00,Udemy course enrollment — data engineering,False
TXN004933,Customer_0430,credit,Northeast,education,Udemy,1148.94,USD,2024-05-12T03:57:00,Textbook purchase at Udemy for continuing ed,False
TXN004934,Customer_0302,savings,Southwest,travel,Uber,2789.31,USD,2023-03-21T01:09:00,Hotel stay at Uber during product summit,False
TXN004935,Customer_0242,checking,Midwest,dining,Olive Garden,3763.07,USD,2023-10-25T20:39:00,Morning coffee and pastry at Olive Garden,False
TXN004936,Customer_0040,savings,Southeast,groceries,Kroger,2569.58,USD,2023-08-04T02:05:00,Quick stop at Kroger for produce and dairy,False
TXN004937,Customer_0219,savings,Midwest,rent,Sunset Apartments,2282.76,USD,2023-02-27T03:56:00,Security deposit — Sunset Apartments,False
TXN004938,Customer_0225,savings,Northeast,groceries,Walmart Grocery,-76.24,USD,2023-04-30T21:55:00,Quick stop at Walmart Grocery for produce and dairy,False
TXN004939,Customer_0048,checking,Northeast,dining,Panera Bread,1531.07,USD,2023-01-20T06:24:00,"Lunch with the team at Panera Bread, celebrated Q3 results",False
TXN004940,Customer_0399,savings,Southeast,insurance,Progressive,3874.93,USD,2023-10-04T14:40:00,Progressive renters insurance quarterly payment,False
TXN004941,Customer_0039,savings,Southeast,dining,Olive Garden,3609.67,USD,2023-02-18T05:06:00,"Client dinner at Olive Garden, discussed Q4 roadmap",False
TXN004942,Customer_0437,savings,Southeast,dining,Olive Garden,868.04,USD,2023-12-05T03:05:00,"Lunch with the team at Olive Garden, celebrated Q3 results",False
TXN004943,Customer_0369,checking,Northeast,insurance,Geico,3917.86,USD,2023-06-07T12:09:00,Life insurance premium payment to Geico,False
TXN004944,Customer_0151,credit,Southeast,groceries,Walmart Grocery,1729.25,USD,2023-12-25T05:55:00,"Weekly grocery run at Walmart Grocery, stocked up on essentials",False
TXN004945,Customer_0202,savings,Midwest,rent,Urban Living Co,1269.67,USD,2024-05-21T12:14:00,Security deposit — Urban Living Co,False
TXN004946,Customer_0305,checking,Southeast,shopping,Zara,1339.54,USD,2024-01-30T10:14:00,Online order from Zara — home office equipment,False
TXN004947,Customer_0131,savings,West,entertainment,Spotify,1987.15,USD,2024-04-07T12:47:00,Spotify monthly subscription auto-renewal,False
TXN004948,Customer_0156,credit,West,travel,Airbnb,2170.85,USD,2023-01-13T08:51:00,Car rental from Airbnb for client site visit,False
TXN004949,Customer_0355,checking,Midwest,healthcare,Walgreens,1327.63,USD,2024-03-13T08:09:00,Prescription refill at Walgreens,False
TXN004950,Customer_0247,checking,Southwest,rent,Sunset Apartments,241.43,USD,2024-02-12T01:44:00,Lease renewal fee at Sunset Apartments,False
TXN004951,Customer_0036,checking,West,entertainment,Apple iTunes,2188.75,USD,2023-02-17T03:22:00,Movie tickets at Apple iTunes — family outing,False
TXN004952,Customer_0048,checking,Midwest,healthcare,Walgreens,2715.4,USD,2023-10-14T05:16:00,Lab work order from Walgreens,True
TXN004953,Customer_0328,savings,Southwest,healthcare,CVS Pharmacy,3337.28,USD,2023-03-04T22:33:00,Lab work order from CVS Pharmacy,False
TXN004954,Customer_0270,credit,Midwest,insurance,Geico,3621.66,USD,2023-12-27T16:41:00,Life insurance premium payment to Geico,False
TXN004955,Customer_0230,savings,Southwest,utilities,National Grid,1446.49,USD,2024-04-04T18:36:00,National Grid electricity bill for the apartment,False
TXN004956,Customer_0083,credit,Southwest,education,MIT OpenCourseWare,1575.74,USD,2023-03-01T23:49:00,MIT OpenCourseWare course enrollment — data engineering,False
TXN004957,Customer_0207,credit,Midwest,utilities,National Grid,758.26,USD,2024-05-21T21:33:00,National Grid wireless plan — family plan renewal,False
TXN004958,Customer_0247,checking,Midwest,education,Barnes & Noble,3933.64,USD,2023-08-27T01:48:00,Barnes & Noble annual learning subscription,False
TXN004959,Customer_0225,credit,Southwest,healthcare,Urgent Care Now,2447.28,USD,2023-09-25T11:06:00,Prescription refill at Urgent Care Now,False
TXN004960,Customer_0146,savings,West,rent,Urban Living Co,4075.69,USD,2023-03-14T20:45:00,Lease renewal fee at Urban Living Co,False
TXN004961,Customer_0225,checking,Northeast,rent,First Place Rentals,2091.4,USD,2023-01-09T23:09:00,Monthly rent payment to First Place Rentals,False
TXN004962,Customer_0038,credit,West,rent,Metro Realty,2884.63,USD,2023-12-26T14:03:00,Lease renewal fee at Metro Realty,False
TXN004963,Customer_0114,credit,Northeast,travel,Delta Airlines,3233.88,USD,2023-03-08T09:19:00,Car rental from Delta Airlines for client site visit,False
TXN004964,Customer_0289,credit,Midwest,entertainment,Netflix,4310.28,USD,2023-03-14T21:03:00,Movie tickets at Netflix — family outing,False
TXN004965,Customer_0400,credit,Southeast,education,MIT OpenCourseWare,4288.56,USD,2023-06-07T22:46:00,MIT OpenCourseWare annual learning subscription,False
TXN004966,Customer_0234,checking,Southeast,insurance,USAA,183.91,USD,2023-02-04T07:45:00,USAA renters insurance quarterly payment,False
TXN004967,Customer_0235,credit,Northeast,rent,Sunset Apartments,2382.98,USD,2024-04-21T15:51:00,Monthly rent payment to Sunset Apartments,False
TXN004968,Customer_0293,checking,West,education,Udemy,479.57,USD,2023-12-20T19:10:00,Udemy annual learning subscription,False
TXN004969,Customer_0327,credit,West,shopping,Amazon,198.89,USD,2024-04-26T09:03:00,Online order from Amazon — home office equipment,True
TXN004970,Customer_0323,credit,West,education,Coursera,2313.78,USD,2024-01-26T23:55:00,Coursera course enrollment — data engineering,False
TXN004971,Customer_0403,checking,West,groceries,Kroger,19.53,USD,2023-02-11T00:31:00,"Weekly grocery run at Kroger, stocked up on essentials",False
TXN004972,Customer_0068,credit,Northeast,groceries,Whole Foods,4136.88,USD,2023-06-23T22:25:00,"Weekly grocery run at Whole Foods, stocked up on essentials",False
TXN004973,Customer_0019,checking,Northeast,utilities,Verizon,1437.25,USD,2023-03-11T23:24:00,Monthly Verizon internet and cable bill,False
TXN004974,Customer_0238,savings,Southwest,entertainment,Apple iTunes,28.33,USD,2024-06-14T15:53:00,Apple iTunes monthly subscription auto-renewal,False
TXN004975,Customer_0412,savings,Southeast,dining,The Cheesecake Factory,1375.6,USD,2023-07-03T17:09:00,Morning coffee and pastry at The Cheesecake Factory,False
TXN004976,Customer_0467,credit,Midwest,healthcare,CVS Pharmacy,1718.2,USD,2024-06-03T20:24:00,Lab work order from CVS Pharmacy,False
TXN004977,Customer_0011,checking,Midwest,education,Udemy,287.79,USD,2023-09-17T09:50:00,Udemy course enrollment — data engineering,False
TXN004978,Customer_0142,credit,Southeast,shopping,Best Buy,166.97,USD,2023-03-27T16:42:00,In-store purchase at Best Buy — seasonal wardrobe,False
TXN004979,Customer_0486,savings,Southwest,travel,Uber,-349.18,USD,2023-12-03T00:56:00,Hotel stay at Uber during product summit,False
TXN004980,Customer_0126,savings,Southeast,travel,Uber,3454.24,USD,2023-08-21T03:42:00,Car rental from Uber for client site visit,False
TXN004981,Customer_0433,credit,Southeast,healthcare,LabCorp,1994.63,USD,2023-06-07T00:09:00,Lab work order from LabCorp,True
TXN004982,Customer_0121,checking,Southwest,dining,Starbucks,3609.91,USD,2024-03-01T14:27:00,Morning coffee and pastry at Starbucks,False
TXN004983,Customer_0262,credit,West,education,MIT OpenCourseWare,2333.69,USD,2023-01-12T15:58:00,Textbook purchase at MIT OpenCourseWare for continuing ed,False
TXN004984,Customer_0358,credit,West,groceries,Whole Foods,2756.57,USD,2024-03-03T12:55:00,Quick stop at Whole Foods for produce and dairy,False
TXN004985,Customer_0486,credit,Southwest,shopping,Target,1705.65,USD,2024-03-20T20:19:00,Flash sale purchase at Target,False
TXN004986,Customer_0253,checking,West,rent,Apartment LLC,191.83,USD,2023-11-01T19:20:00,Lease renewal fee at Apartment LLC,False
TXN004987,Customer_0177,savings,West,healthcare,Urgent Care Now,3299.42,USD,2023-05-01T07:44:00,Annual physical copay at Urgent Care Now,False
TXN004988,Customer_0258,credit,Southwest,education,Coursera,892.86,USD,2023-08-05T20:53:00,Textbook purchase at Coursera for continuing ed,False
TXN004989,Customer_0413,savings,West,education,Udemy,4218.09,USD,2024-03-12T10:16:00,Udemy course enrollment — data engineering,False
TXN004990,Customer_0305,savings,West,insurance,Progressive,2250.79,USD,2023-11-09T10:40:00,Monthly Progressive auto insurance premium,False
TXN004991,Customer_0436,savings,Southeast,groceries,Trader Joe's,-323.38,USD,2024-01-29T13:20:00,"Monthly bulk purchase at Trader Joe's, household supplies",False
TXN004992,Customer_0284,checking,Southeast,rent,Metro Realty,4046.55,USD,2023-05-20T07:19:00,Security deposit — Metro Realty,False
TXN004993,Customer_0415,checking,Southeast,healthcare,Walgreens,1574.24,USD,2024-06-20T19:46:00,Prescription refill at Walgreens,False
TXN004994,Customer_0325,checking,Northeast,healthcare,Blue Cross Premium,1661.8,USD,2023-08-15T22:39:00,Lab work order from Blue Cross Premium,False
TXN004995,Customer_0204,checking,Southwest,dining,Starbucks,3643.59,USD,2023-03-21T11:43:00,"Lunch with the team at Starbucks, celebrated Q3 results",False
TXN004996,Customer_0041,savings,Southwest,groceries,Whole Foods,3945.53,USD,2023-04-21T20:24:00,Quick stop at Whole Foods for produce and dairy,False
TXN004997,Customer_0281,checking,Northeast,utilities,AT&T,1098.85,USD,2024-01-02T17:29:00,AT&T electricity bill for the apartment,False
TXN004998,Customer_0104,credit,West,shopping,Best Buy,2597.97,USD,2024-01-09T00:23:00,Online order from Best Buy — home office equipment,False
TXN004999,Customer_0020,credit,Southwest,rent,Urban Living Co,3923.53,USD,2023-04-05T01:01:00,Monthly rent payment to Urban Living Co,False
TXN005000,Customer_0250,checking,Southeast,entertainment,AMC Theaters,73.01,USD,2023-01-15T21:24:00,AMC Theaters monthly subscription auto-renewal,False
